Using pre-set license
Built from '2023.2/staging' branch; Version is '2023.2.3f1 (21747dafc6ee) revision 2192509'; Using compiler version '193431935'; Build Type 'Release'
OS: 'Windows 11  (10.0.22631) 64bit Core' Language: 'en' Physical Memory: 16068 MB
BatchMode: 1, IsHumanControllingUs: 0, StartBugReporterOnCrash: 0, Is64bit: 1, IsPro: 1

COMMAND LINE ARGUMENTS:
C:\Program Files\Unity\Hub\Editor\2023.2.3f1\Editor\Unity.exe
-adb2
-batchMode
-noUpm
-name
AssetImportWorker8
-projectPath
C:/Users/Jodie/Documents/project/AR/newtest/ARCloudAnchors/ARCloudAnchors
-logFile
Logs/AssetImportWorker8.log
-srvPort
64860
-job-worker-count
9
-background-job-worker-count
8
-asset-garbage-collectors
1
Successfully changed project path to: C:/Users/Jodie/Documents/project/AR/newtest/ARCloudAnchors/ARCloudAnchors
C:/Users/Jodie/Documents/project/AR/newtest/ARCloudAnchors/ARCloudAnchors
[UnityMemory] Configuration Parameters - Can be set up in boot.config
    "memorysetup-bucket-allocator-granularity=16"
    "memorysetup-bucket-allocator-bucket-count=8"
    "memorysetup-bucket-allocator-block-size=33554432"
    "memorysetup-bucket-allocator-block-count=8"
    "memorysetup-main-allocator-block-size=16777216"
    "memorysetup-thread-allocator-block-size=16777216"
    "memorysetup-gfx-main-allocator-block-size=16777216"
    "memorysetup-gfx-thread-allocator-block-size=16777216"
    "memorysetup-cache-allocator-block-size=4194304"
    "memorysetup-typetree-allocator-block-size=2097152"
    "memorysetup-profiler-bucket-allocator-granularity=16"
    "memorysetup-profiler-bucket-allocator-bucket-count=8"
    "memorysetup-profiler-bucket-allocator-block-size=33554432"
    "memorysetup-profiler-bucket-allocator-block-count=8"
    "memorysetup-profiler-allocator-block-size=16777216"
    "memorysetup-profiler-editor-allocator-block-size=1048576"
    "memorysetup-temp-allocator-size-main=16777216"
    "memorysetup-job-temp-allocator-block-size=2097152"
    "memorysetup-job-temp-allocator-block-size-background=1048576"
    "memorysetup-job-temp-allocator-reduction-small-platforms=262144"
    "memorysetup-allocator-temp-initial-block-size-main=262144"
    "memorysetup-allocator-temp-initial-block-size-worker=262144"
    "memorysetup-temp-allocator-size-background-worker=32768"
    "memorysetup-temp-allocator-size-job-worker=262144"
    "memorysetup-temp-allocator-size-preload-manager=33554432"
    "memorysetup-temp-allocator-size-nav-mesh-worker=65536"
    "memorysetup-temp-allocator-size-audio-worker=65536"
    "memorysetup-temp-allocator-size-cloud-worker=32768"
    "memorysetup-temp-allocator-size-gi-baking-worker=262144"
    "memorysetup-temp-allocator-size-gi-baking-worker=262144"
    "memorysetup-temp-allocator-size-gi-baking-worker=262144"
    "memorysetup-temp-allocator-size-gi-baking-worker=262144"
    "memorysetup-temp-allocator-size-gfx=262144"
Player connection [69344] Host "[IP] 172.16.201.5 [Port] 0 [Flags] 2 [Guid] 2423570950 [EditorId] 2423570950 [Version] 1048832 [Id] WindowsEditor(7,DESKTOP-6D8FKOB) [Debug] 1 [PackageName] WindowsEditor [ProjectName] Editor" joined multi-casting on [225.0.0.222:54997]...
Player connection [69344] Host "[IP] 172.16.201.5 [Port] 0 [Flags] 2 [Guid] 2423570950 [EditorId] 2423570950 [Version] 1048832 [Id] WindowsEditor(7,DESKTOP-6D8FKOB) [Debug] 1 [PackageName] WindowsEditor [ProjectName] Editor" joined alternative multi-casting on [225.0.0.222:34997]...
JobSystem: Creating JobQueue using job-worker-count value 9
[Physics::Module] Initialized MultithreadedJobDispatcher with 9 workers.
Library Redirect Path: Library/
Refreshing native plugins compatible for Editor in 38.86 ms, found 14 plugins.
Preloading 0 native plugins for Editor in 0.00 ms.
Initialize engine version: 2023.2.3f1 (21747dafc6ee)
[Subsystems] Discovering subsystems at path C:/Program Files/Unity/Hub/Editor/2023.2.3f1/Editor/Data/Resources/UnitySubsystems
[Subsystems] Discovering subsystems at path C:/Users/Jodie/Documents/project/AR/newtest/ARCloudAnchors/ARCloudAnchors/Assets
GfxDevice: creating device client; kGfxThreadingModeNonThreaded
Direct3D:
    Version:  Direct3D 11.0 [level 11.1]
    Renderer: NVIDIA GeForce RTX 4060 Laptop GPU (ID=0x28e0)
    Vendor:   NVIDIA
    VRAM:     7957 MB
    Driver:   32.0.15.5612
Initialize mono
Mono path[0] = 'C:/Program Files/Unity/Hub/Editor/2023.2.3f1/Editor/Data/Managed'
Mono path[1] = 'C:/Program Files/Unity/Hub/Editor/2023.2.3f1/Editor/Data/MonoBleedingEdge/lib/mono/unityjit-win32'
Mono config path = 'C:/Program Files/Unity/Hub/Editor/2023.2.3f1/Editor/Data/MonoBleedingEdge/etc'
Using monoOptions --debugger-agent=transport=dt_socket,embedding=1,server=y,suspend=n,address=127.0.0.1:56288
Begin MonoManager ReloadAssembly
C:\build\output\Unity-Technologies\mono\mono\metadata\icall.c:1842:
C:\build\output\Unity-Technologies\mono\mono\metadata\icall.c:1842:
C:\build\output\Unity-Technologies\mono\mono\metadata\icall.c:1842:
C:\build\output\Unity-Technologies\mono\mono\metadata\icall.c:1842:
C:\build\output\Unity-Technologies\mono\mono\metadata\icall.c:1842:
C:\build\output\Unity-Technologies\mono\mono\metadata\icall.c:1842:
C:\build\output\Unity-Technologies\mono\mono\metadata\icall.c:1842:
C:\build\output\Unity-Technologies\mono\mono\metadata\icall.c:1842:
C:\build\output\Unity-Technologies\mono\mono\metadata\icall.c:1842:
C:\build\output\Unity-Technologies\mono\mono\metadata\icall.c:1842:
Registering precompiled unity dll's ...
Register platform support module: C:/Program Files/Unity/Hub/Editor/2023.2.3f1/Editor/Data/PlaybackEngines/WindowsStandaloneSupport/UnityEditor.WindowsStandalone.Extensions.dll
Register platform support module: C:/Program Files/Unity/Hub/Editor/2023.2.3f1/Editor/Data/PlaybackEngines/AndroidPlayer/UnityEditor.Android.Extensions.dll
Register platform support module: C:/Program Files/Unity/Hub/Editor/2023.2.3f1/Editor/Data/PlaybackEngines/iOSSupport/UnityEditor.iOS.Extensions.dll
Registered in 0.005587 seconds.
- Loaded All Assemblies, in  0.327 seconds
[usbmuxd] Start listen thread
[usbmuxd] Listen thread started
Native extension for iOS target not found
Native extension for Android target not found
Android Extension - Scanning For ADB Devices 768 ms
Native extension for WindowsStandalone target not found
Mono: successfully reloaded assembly
C:\build\output\Unity-Technologies\mono\mono\metadata\icall.c:1842:
C:\build\output\Unity-Technologies\mono\mono\metadata\icall.c:1842:
- Finished resetting the current domain, in  1.061 seconds
Domain Reload Profiling: 1388ms
	BeginReloadAssembly (129ms)
		ExecutionOrderSort (0ms)
		DisableScriptedObjects (0ms)
		BackupInstance (0ms)
		ReleaseScriptingObjects (0ms)
		CreateAndSetChildDomain (1ms)
	RebuildCommonClasses (26ms)
	RebuildNativeTypeToScriptingClass (9ms)
	initialDomainReloadingComplete (38ms)
	LoadAllAssembliesAndSetupDomain (123ms)
		LoadAssemblies (127ms)
		RebuildTransferFunctionScriptingTraits (0ms)
		AnalyzeDomain (121ms)
			TypeCache.Refresh (120ms)
				TypeCache.ScanAssembly (110ms)
			BuildScriptInfoCaches (0ms)
			ResolveRequiredComponents (0ms)
	FinalizeReload (1062ms)
		ReleaseScriptCaches (0ms)
		RebuildScriptCaches (0ms)
		SetupLoadedEditorAssemblies (1014ms)
			LogAssemblyErrors (0ms)
			InitializePlatformSupportModulesInManaged (868ms)
			SetLoadedEditorAssemblies (2ms)
			BeforeProcessingInitializeOnLoad (6ms)
			ProcessInitializeOnLoadAttributes (105ms)
			ProcessInitializeOnLoadMethodAttributes (33ms)
			AfterProcessingInitializeOnLoad (0ms)
			EditorAssembliesLoaded (0ms)
		ExecutionOrderSort2 (0ms)
		AwakeInstancesAfterBackupRestoration (0ms)
========================================================================
Worker process is ready to serve import requests
Import Worker Mode flag is 0x00
Begin MonoManager ReloadAssembly
C:\build\output\Unity-Technologies\mono\mono\metadata\icall.c:1842:
C:\build\output\Unity-Technologies\mono\mono\metadata\icall.c:1842:
C:\build\output\Unity-Technologies\mono\mono\metadata\icall.c:1842:
C:\build\output\Unity-Technologies\mono\mono\metadata\icall.c:1842:
C:\build\output\Unity-Technologies\mono\mono\metadata\icall.c:1842:
C:\build\output\Unity-Technologies\mono\mono\metadata\icall.c:1842:
C:\build\output\Unity-Technologies\mono\mono\metadata\icall.c:1842:
C:\build\output\Unity-Technologies\mono\mono\metadata\icall.c:1842:
C:\build\output\Unity-Technologies\mono\mono\metadata\icall.c:1842:
C:\build\output\Unity-Technologies\mono\mono\metadata\icall.c:1842:
C:\build\output\Unity-Technologies\mono\mono\metadata\icall.c:1842:
C:\build\output\Unity-Technologies\mono\mono\metadata\icall.c:1842:
Symbol file LoadedFromMemory is not a mono symbol file
- Loaded All Assemblies, in  1.085 seconds
'Packages/com.unity.xr.openxr/Runtime/OpenXRLoader.cs' contains partial class of Unity.Object, exactly 1 of the partial classes needs to be in a file with the same filename. This is to know the one that can be referenced from ie. GameObjects
'Packages/com.unity.xr.openxr/Runtime/OpenXRLoaderInternal.cs' contains partial class of Unity.Object, exactly 1 of the partial classes needs to be in a file with the same filename. This is to know the one that can be referenced from ie. GameObjects
Refreshing native plugins compatible for Editor in 24.55 ms, found 14 plugins.
Native extension for iOS target not found
Native extension for Android target not found
Native extension for WindowsStandalone target not found
Package Manager log level set to [2]
[Package Manager] Failed to launch server process. Reason: Unity was launched with the -noUpm command-line argument
[Package Manager] Unable to send message (not connected to server process).
[Package Manager] Cannot connect to Unity Package Manager local server
Mono: successfully reloaded assembly
[Package Manager] Failed to launch server process. Reason: Unity was launched with the -noUpm command-line argument
[Package Manager] Unable to send message (not connected to server process).
[Package Manager] Cannot connect to Unity Package Manager local server
[Package Manager] Failed to launch server process. Reason: Unity was launched with the -noUpm command-line argument
[Package Manager] Unable to send message (not connected to server process).
[Package Manager] Cannot connect to Unity Package Manager local server
- Finished resetting the current domain, in  1.071 seconds
Domain Reload Profiling: 2151ms
	BeginReloadAssembly (262ms)
		ExecutionOrderSort (0ms)
		DisableScriptedObjects (5ms)
		BackupInstance (0ms)
		ReleaseScriptingObjects (0ms)
		CreateAndSetChildDomain (25ms)
	RebuildCommonClasses (26ms)
	RebuildNativeTypeToScriptingClass (9ms)
	initialDomainReloadingComplete (35ms)
	LoadAllAssembliesAndSetupDomain (748ms)
		LoadAssemblies (543ms)
		RebuildTransferFunctionScriptingTraits (0ms)
		AnalyzeDomain (285ms)
			TypeCache.Refresh (223ms)
				TypeCache.ScanAssembly (200ms)
			BuildScriptInfoCaches (45ms)
			ResolveRequiredComponents (13ms)
	FinalizeReload (1072ms)
		ReleaseScriptCaches (0ms)
		RebuildScriptCaches (0ms)
		SetupLoadedEditorAssemblies (796ms)
			LogAssemblyErrors (0ms)
			InitializePlatformSupportModulesInManaged (23ms)
			SetLoadedEditorAssemblies (5ms)
			BeforeProcessingInitializeOnLoad (64ms)
			ProcessInitializeOnLoadAttributes (407ms)
			ProcessInitializeOnLoadMethodAttributes (294ms)
			AfterProcessingInitializeOnLoad (3ms)
			EditorAssembliesLoaded (0ms)
		ExecutionOrderSort2 (0ms)
		AwakeInstancesAfterBackupRestoration (5ms)
Launched and connected shader compiler UnityShaderCompiler.exe after 0.01 seconds
Refreshing native plugins compatible for Editor in 10.13 ms, found 14 plugins.
Preloading 0 native plugins for Editor in 0.00 ms.
Unloading 279 Unused Serialized files (Serialized files now loaded: 0)
Unloading 6582 unused Assets / (14.7 MB). Loaded Objects now: 7089.
Memory consumption went from 201.7 MB to 187.0 MB.
Total: 9.955900 ms (FindLiveObjects: 0.473400 ms CreateObjectMapping: 0.297200 ms MarkObjects: 4.020700 ms  DeleteObjects: 5.163100 ms)

========================================================================
Received Prepare
'Packages/com.unity.xr.openxr/Runtime/OpenXRLoader.cs' contains partial class of Unity.Object, exactly 1 of the partial classes needs to be in a file with the same filename. This is to know the one that can be referenced from ie. GameObjects
'Packages/com.unity.xr.openxr/Runtime/OpenXRLoaderInternal.cs' contains partial class of Unity.Object, exactly 1 of the partial classes needs to be in a file with the same filename. This is to know the one that can be referenced from ie. GameObjects
Refreshing native plugins compatible for Editor in 11.81 ms, found 14 plugins.
Preloading 0 native plugins for Editor in 0.00 ms.
Unloading 82 Unused Serialized files (Serialized files now loaded: 0)
Unloading 6433 unused Assets / (12.1 MB). Loaded Objects now: 7073.
Memory consumption went from 176.1 MB to 164.1 MB.
Total: 746.691000 ms (FindLiveObjects: 2.699800 ms CreateObjectMapping: 0.343400 ms MarkObjects: 736.285300 ms  DeleteObjects: 7.359600 ms)

Prepare: number of updated asset objects reloaded= 0
========================================================================
Received Prepare
'Packages/com.unity.xr.openxr/Runtime/OpenXRLoader.cs' contains partial class of Unity.Object, exactly 1 of the partial classes needs to be in a file with the same filename. This is to know the one that can be referenced from ie. GameObjects
'Packages/com.unity.xr.openxr/Runtime/OpenXRLoaderInternal.cs' contains partial class of Unity.Object, exactly 1 of the partial classes needs to be in a file with the same filename. This is to know the one that can be referenced from ie. GameObjects
Refreshing native plugins compatible for Editor in 12.11 ms, found 14 plugins.
Preloading 0 native plugins for Editor in 0.00 ms.
Unloading 80 Unused Serialized files (Serialized files now loaded: 0)
Unloading 6433 unused Assets / (14.0 MB). Loaded Objects now: 7073.
Memory consumption went from 175.4 MB to 161.5 MB.
Total: 10.469700 ms (FindLiveObjects: 0.410100 ms CreateObjectMapping: 0.299400 ms MarkObjects: 3.948400 ms  DeleteObjects: 5.810500 ms)

Prepare: number of updated asset objects reloaded= 0
========================================================================
Received Prepare
Begin MonoManager ReloadAssembly
C:\build\output\Unity-Technologies\mono\mono\metadata\icall.c:1842:
C:\build\output\Unity-Technologies\mono\mono\metadata\icall.c:1842:
C:\build\output\Unity-Technologies\mono\mono\metadata\icall.c:1842:
C:\build\output\Unity-Technologies\mono\mono\metadata\icall.c:1842:
C:\build\output\Unity-Technologies\mono\mono\metadata\icall.c:1842:
C:\build\output\Unity-Technologies\mono\mono\metadata\icall.c:1842:
C:\build\output\Unity-Technologies\mono\mono\metadata\icall.c:1842:
C:\build\output\Unity-Technologies\mono\mono\metadata\icall.c:1842:
C:\build\output\Unity-Technologies\mono\mono\metadata\icall.c:1842:
C:\build\output\Unity-Technologies\mono\mono\metadata\icall.c:1842:
C:\build\output\Unity-Technologies\mono\mono\metadata\icall.c:1842:
C:\build\output\Unity-Technologies\mono\mono\metadata\icall.c:1842:
Symbol file LoadedFromMemory is not a mono symbol file
- Loaded All Assemblies, in  5.149 seconds
'Packages/com.unity.xr.openxr/Runtime/OpenXRLoader.cs' contains partial class of Unity.Object, exactly 1 of the partial classes needs to be in a file with the same filename. This is to know the one that can be referenced from ie. GameObjects
'Packages/com.unity.xr.openxr/Runtime/OpenXRLoaderInternal.cs' contains partial class of Unity.Object, exactly 1 of the partial classes needs to be in a file with the same filename. This is to know the one that can be referenced from ie. GameObjects
Refreshing native plugins compatible for Editor in 86.86 ms, found 14 plugins.
Native extension for iOS target not found
Native extension for Android target not found
Native extension for WindowsStandalone target not found
[Package Manager] Failed to launch server process. Reason: Unity was launched with the -noUpm command-line argument
[Package Manager] Unable to send message (not connected to server process).
[Package Manager] Cannot connect to Unity Package Manager local server
Mono: successfully reloaded assembly
[Package Manager] Failed to launch server process. Reason: Unity was launched with the -noUpm command-line argument
[Package Manager] Unable to send message (not connected to server process).
[Package Manager] Cannot connect to Unity Package Manager local server
- Finished resetting the current domain, in  2.008 seconds
Domain Reload Profiling: 7190ms
	BeginReloadAssembly (2997ms)
		ExecutionOrderSort (0ms)
		DisableScriptedObjects (565ms)
		BackupInstance (0ms)
		ReleaseScriptingObjects (2ms)
		CreateAndSetChildDomain (1066ms)
	RebuildCommonClasses (60ms)
	RebuildNativeTypeToScriptingClass (13ms)
	initialDomainReloadingComplete (66ms)
	LoadAllAssembliesAndSetupDomain (2045ms)
		LoadAssemblies (1858ms)
		RebuildTransferFunctionScriptingTraits (0ms)
		AnalyzeDomain (543ms)
			TypeCache.Refresh (48ms)
				TypeCache.ScanAssembly (6ms)
			BuildScriptInfoCaches (460ms)
			ResolveRequiredComponents (13ms)
	FinalizeReload (2009ms)
		ReleaseScriptCaches (0ms)
		RebuildScriptCaches (0ms)
		SetupLoadedEditorAssemblies (1566ms)
			LogAssemblyErrors (0ms)
			InitializePlatformSupportModulesInManaged (28ms)
			SetLoadedEditorAssemblies (4ms)
			BeforeProcessingInitializeOnLoad (64ms)
			ProcessInitializeOnLoadAttributes (489ms)
			ProcessInitializeOnLoadMethodAttributes (976ms)
			AfterProcessingInitializeOnLoad (4ms)
			EditorAssembliesLoaded (2ms)
		ExecutionOrderSort2 (0ms)
		AwakeInstancesAfterBackupRestoration (18ms)
Refreshing native plugins compatible for Editor in 13.46 ms, found 14 plugins.
Preloading 0 native plugins for Editor in 0.00 ms.
Unloading 154 Unused Serialized files (Serialized files now loaded: 0)
Unloading 6580 unused Assets / (13.0 MB). Loaded Objects now: 7091.
Memory consumption went from 189.2 MB to 176.2 MB.
Total: 22.307700 ms (FindLiveObjects: 3.084500 ms CreateObjectMapping: 0.326300 ms MarkObjects: 10.547400 ms  DeleteObjects: 8.347600 ms)

Prepare: number of updated asset objects reloaded= 10
========================================================================
Received Prepare
Begin MonoManager ReloadAssembly
C:\build\output\Unity-Technologies\mono\mono\metadata\icall.c:1842:
C:\build\output\Unity-Technologies\mono\mono\metadata\icall.c:1842:
C:\build\output\Unity-Technologies\mono\mono\metadata\icall.c:1842:
C:\build\output\Unity-Technologies\mono\mono\metadata\icall.c:1842:
C:\build\output\Unity-Technologies\mono\mono\metadata\icall.c:1842:
C:\build\output\Unity-Technologies\mono\mono\metadata\icall.c:1842:
C:\build\output\Unity-Technologies\mono\mono\metadata\icall.c:1842:
C:\build\output\Unity-Technologies\mono\mono\metadata\icall.c:1842:
C:\build\output\Unity-Technologies\mono\mono\metadata\icall.c:1842:
C:\build\output\Unity-Technologies\mono\mono\metadata\icall.c:1842:
C:\build\output\Unity-Technologies\mono\mono\metadata\icall.c:1842:
C:\build\output\Unity-Technologies\mono\mono\metadata\icall.c:1842:
Symbol file LoadedFromMemory is not a mono symbol file
- Loaded All Assemblies, in  5.879 seconds
'Packages/com.unity.xr.openxr/Runtime/OpenXRLoader.cs' contains partial class of Unity.Object, exactly 1 of the partial classes needs to be in a file with the same filename. This is to know the one that can be referenced from ie. GameObjects
'Packages/com.unity.xr.openxr/Runtime/OpenXRLoaderInternal.cs' contains partial class of Unity.Object, exactly 1 of the partial classes needs to be in a file with the same filename. This is to know the one that can be referenced from ie. GameObjects
Refreshing native plugins compatible for Editor in 32.20 ms, found 14 plugins.
Native extension for iOS target not found
Native extension for Android target not found
Native extension for WindowsStandalone target not found
[Package Manager] Failed to launch server process. Reason: Unity was launched with the -noUpm command-line argument
[Package Manager] Unable to send message (not connected to server process).
[Package Manager] Cannot connect to Unity Package Manager local server
Mono: successfully reloaded assembly
[Package Manager] Failed to launch server process. Reason: Unity was launched with the -noUpm command-line argument
[Package Manager] Unable to send message (not connected to server process).
[Package Manager] Cannot connect to Unity Package Manager local server
- Finished resetting the current domain, in  3.504 seconds
Domain Reload Profiling: 9387ms
	BeginReloadAssembly (3670ms)
		ExecutionOrderSort (0ms)
		DisableScriptedObjects (105ms)
		BackupInstance (0ms)
		ReleaseScriptingObjects (23ms)
		CreateAndSetChildDomain (1582ms)
	RebuildCommonClasses (42ms)
	RebuildNativeTypeToScriptingClass (11ms)
	initialDomainReloadingComplete (51ms)
	LoadAllAssembliesAndSetupDomain (2107ms)
		LoadAssemblies (1882ms)
		RebuildTransferFunctionScriptingTraits (0ms)
		AnalyzeDomain (465ms)
			TypeCache.Refresh (122ms)
				TypeCache.ScanAssembly (19ms)
			BuildScriptInfoCaches (312ms)
			ResolveRequiredComponents (16ms)
	FinalizeReload (3505ms)
		ReleaseScriptCaches (0ms)
		RebuildScriptCaches (0ms)
		SetupLoadedEditorAssemblies (2923ms)
			LogAssemblyErrors (0ms)
			InitializePlatformSupportModulesInManaged (31ms)
			SetLoadedEditorAssemblies (7ms)
			BeforeProcessingInitializeOnLoad (67ms)
			ProcessInitializeOnLoadAttributes (602ms)
			ProcessInitializeOnLoadMethodAttributes (2201ms)
			AfterProcessingInitializeOnLoad (5ms)
			EditorAssembliesLoaded (9ms)
		ExecutionOrderSort2 (0ms)
		AwakeInstancesAfterBackupRestoration (25ms)
Refreshing native plugins compatible for Editor in 32.49 ms, found 14 plugins.
Preloading 0 native plugins for Editor in 0.00 ms.
Unloading 155 Unused Serialized files (Serialized files now loaded: 0)
Unloading 6580 unused Assets / (9.0 MB). Loaded Objects now: 7092.
Memory consumption went from 0.87 GB to 0.86 GB.
Total: 71.818900 ms (FindLiveObjects: 26.528600 ms CreateObjectMapping: 0.486300 ms MarkObjects: 28.372400 ms  DeleteObjects: 16.428700 ms)

Prepare: number of updated asset objects reloaded= 0
========================================================================
Received Prepare
Begin MonoManager ReloadAssembly
C:\build\output\Unity-Technologies\mono\mono\metadata\icall.c:1842:
C:\build\output\Unity-Technologies\mono\mono\metadata\icall.c:1842:
C:\build\output\Unity-Technologies\mono\mono\metadata\icall.c:1842:
C:\build\output\Unity-Technologies\mono\mono\metadata\icall.c:1842:
C:\build\output\Unity-Technologies\mono\mono\metadata\icall.c:1842:
C:\build\output\Unity-Technologies\mono\mono\metadata\icall.c:1842:
C:\build\output\Unity-Technologies\mono\mono\metadata\icall.c:1842:
C:\build\output\Unity-Technologies\mono\mono\metadata\icall.c:1842:
C:\build\output\Unity-Technologies\mono\mono\metadata\icall.c:1842:
C:\build\output\Unity-Technologies\mono\mono\metadata\icall.c:1842:
C:\build\output\Unity-Technologies\mono\mono\metadata\icall.c:1842:
C:\build\output\Unity-Technologies\mono\mono\metadata\icall.c:1842:
Symbol file LoadedFromMemory is not a mono symbol file
- Loaded All Assemblies, in  5.602 seconds
'Packages/com.unity.xr.openxr/Runtime/OpenXRLoader.cs' contains partial class of Unity.Object, exactly 1 of the partial classes needs to be in a file with the same filename. This is to know the one that can be referenced from ie. GameObjects
'Packages/com.unity.xr.openxr/Runtime/OpenXRLoaderInternal.cs' contains partial class of Unity.Object, exactly 1 of the partial classes needs to be in a file with the same filename. This is to know the one that can be referenced from ie. GameObjects
Refreshing native plugins compatible for Editor in 28.71 ms, found 14 plugins.
Native extension for iOS target not found
Native extension for Android target not found
Native extension for WindowsStandalone target not found
[Package Manager] Failed to launch server process. Reason: Unity was launched with the -noUpm command-line argument
[Package Manager] Unable to send message (not connected to server process).
[Package Manager] Cannot connect to Unity Package Manager local server
Mono: successfully reloaded assembly
[Package Manager] Failed to launch server process. Reason: Unity was launched with the -noUpm command-line argument
[Package Manager] Unable to send message (not connected to server process).
[Package Manager] Cannot connect to Unity Package Manager local server
- Finished resetting the current domain, in 11.401 seconds
Domain Reload Profiling: 17032ms
	BeginReloadAssembly (2993ms)
		ExecutionOrderSort (0ms)
		DisableScriptedObjects (108ms)
		BackupInstance (0ms)
		ReleaseScriptingObjects (5ms)
		CreateAndSetChildDomain (2055ms)
	RebuildCommonClasses (48ms)
	RebuildNativeTypeToScriptingClass (11ms)
	initialDomainReloadingComplete (54ms)
	LoadAllAssembliesAndSetupDomain (2521ms)
		LoadAssemblies (2075ms)
		RebuildTransferFunctionScriptingTraits (0ms)
		AnalyzeDomain (647ms)
			TypeCache.Refresh (118ms)
				TypeCache.ScanAssembly (5ms)
			BuildScriptInfoCaches (456ms)
			ResolveRequiredComponents (31ms)
	FinalizeReload (11406ms)
		ReleaseScriptCaches (0ms)
		RebuildScriptCaches (0ms)
		SetupLoadedEditorAssemblies (10131ms)
			LogAssemblyErrors (0ms)
			InitializePlatformSupportModulesInManaged (30ms)
			SetLoadedEditorAssemblies (6ms)
			BeforeProcessingInitializeOnLoad (67ms)
			ProcessInitializeOnLoadAttributes (515ms)
			ProcessInitializeOnLoadMethodAttributes (9486ms)
			AfterProcessingInitializeOnLoad (21ms)
			EditorAssembliesLoaded (5ms)
		ExecutionOrderSort2 (0ms)
		AwakeInstancesAfterBackupRestoration (64ms)
Refreshing native plugins compatible for Editor in 51.32 ms, found 14 plugins.
Preloading 0 native plugins for Editor in 0.00 ms.
Unloading 155 Unused Serialized files (Serialized files now loaded: 0)
Unloading 6580 unused Assets / (15.0 MB). Loaded Objects now: 7093.
Memory consumption went from 0.87 GB to 0.86 GB.
Total: 55.494600 ms (FindLiveObjects: 9.692300 ms CreateObjectMapping: 0.486300 ms MarkObjects: 27.749600 ms  DeleteObjects: 17.563500 ms)

Prepare: number of updated asset objects reloaded= 0
========================================================================
Received Prepare
'Packages/com.unity.xr.openxr/Runtime/OpenXRLoader.cs' contains partial class of Unity.Object, exactly 1 of the partial classes needs to be in a file with the same filename. This is to know the one that can be referenced from ie. GameObjects
'Packages/com.unity.xr.openxr/Runtime/OpenXRLoaderInternal.cs' contains partial class of Unity.Object, exactly 1 of the partial classes needs to be in a file with the same filename. This is to know the one that can be referenced from ie. GameObjects
Refreshing native plugins compatible for Editor in 10.83 ms, found 14 plugins.
Preloading 0 native plugins for Editor in 0.00 ms.
Unloading 82 Unused Serialized files (Serialized files now loaded: 0)
Unloading 6433 unused Assets / (14.0 MB). Loaded Objects now: 7077.
Memory consumption went from 0.87 GB to 0.85 GB.
Total: 17.391000 ms (FindLiveObjects: 1.072500 ms CreateObjectMapping: 0.316100 ms MarkObjects: 8.461700 ms  DeleteObjects: 7.537500 ms)

Prepare: number of updated asset objects reloaded= 0
========================================================================
Received Prepare
'Packages/com.unity.xr.openxr/Runtime/OpenXRLoader.cs' contains partial class of Unity.Object, exactly 1 of the partial classes needs to be in a file with the same filename. This is to know the one that can be referenced from ie. GameObjects
'Packages/com.unity.xr.openxr/Runtime/OpenXRLoaderInternal.cs' contains partial class of Unity.Object, exactly 1 of the partial classes needs to be in a file with the same filename. This is to know the one that can be referenced from ie. GameObjects
Refreshing native plugins compatible for Editor in 8.97 ms, found 14 plugins.
Preloading 0 native plugins for Editor in 0.00 ms.
Unloading 80 Unused Serialized files (Serialized files now loaded: 0)
Unloading 6433 unused Assets / (14.5 MB). Loaded Objects now: 7077.
Memory consumption went from 0.87 GB to 0.85 GB.
Total: 11.021200 ms (FindLiveObjects: 0.468700 ms CreateObjectMapping: 0.326500 ms MarkObjects: 4.142100 ms  DeleteObjects: 6.082700 ms)

Prepare: number of updated asset objects reloaded= 0
========================================================================
Received Prepare
'Packages/com.unity.xr.openxr/Runtime/OpenXRLoader.cs' contains partial class of Unity.Object, exactly 1 of the partial classes needs to be in a file with the same filename. This is to know the one that can be referenced from ie. GameObjects
'Packages/com.unity.xr.openxr/Runtime/OpenXRLoaderInternal.cs' contains partial class of Unity.Object, exactly 1 of the partial classes needs to be in a file with the same filename. This is to know the one that can be referenced from ie. GameObjects
Refreshing native plugins compatible for Editor in 13.77 ms, found 14 plugins.
Preloading 0 native plugins for Editor in 0.00 ms.
Unloading 80 Unused Serialized files (Serialized files now loaded: 0)
Unloading 6433 unused Assets / (14.2 MB). Loaded Objects now: 7077.
Memory consumption went from 0.87 GB to 0.85 GB.
Total: 334.723100 ms (FindLiveObjects: 2.835600 ms CreateObjectMapping: 0.345400 ms MarkObjects: 324.035600 ms  DeleteObjects: 7.503200 ms)

Prepare: number of updated asset objects reloaded= 0
========================================================================
Received Prepare
'Packages/com.unity.xr.openxr/Runtime/OpenXRLoader.cs' contains partial class of Unity.Object, exactly 1 of the partial classes needs to be in a file with the same filename. This is to know the one that can be referenced from ie. GameObjects
'Packages/com.unity.xr.openxr/Runtime/OpenXRLoaderInternal.cs' contains partial class of Unity.Object, exactly 1 of the partial classes needs to be in a file with the same filename. This is to know the one that can be referenced from ie. GameObjects
Refreshing native plugins compatible for Editor in 13.43 ms, found 14 plugins.
Preloading 0 native plugins for Editor in 0.00 ms.
Unloading 80 Unused Serialized files (Serialized files now loaded: 0)
Unloading 6433 unused Assets / (14.4 MB). Loaded Objects now: 7077.
Memory consumption went from 0.87 GB to 0.85 GB.
Total: 11.173700 ms (FindLiveObjects: 0.459300 ms CreateObjectMapping: 0.470500 ms MarkObjects: 4.239700 ms  DeleteObjects: 6.003000 ms)

Prepare: number of updated asset objects reloaded= 0
========================================================================
Received Prepare
'Packages/com.unity.xr.openxr/Runtime/OpenXRLoader.cs' contains partial class of Unity.Object, exactly 1 of the partial classes needs to be in a file with the same filename. This is to know the one that can be referenced from ie. GameObjects
'Packages/com.unity.xr.openxr/Runtime/OpenXRLoaderInternal.cs' contains partial class of Unity.Object, exactly 1 of the partial classes needs to be in a file with the same filename. This is to know the one that can be referenced from ie. GameObjects
Refreshing native plugins compatible for Editor in 14.62 ms, found 14 plugins.
Preloading 0 native plugins for Editor in 0.00 ms.
Unloading 80 Unused Serialized files (Serialized files now loaded: 0)
Unloading 6433 unused Assets / (14.6 MB). Loaded Objects now: 7077.
Memory consumption went from 0.87 GB to 0.85 GB.
Total: 358.027500 ms (FindLiveObjects: 2.443400 ms CreateObjectMapping: 0.362000 ms MarkObjects: 345.709000 ms  DeleteObjects: 9.508900 ms)

Prepare: number of updated asset objects reloaded= 0
========================================================================
Received Prepare
'Packages/com.unity.xr.openxr/Runtime/OpenXRLoader.cs' contains partial class of Unity.Object, exactly 1 of the partial classes needs to be in a file with the same filename. This is to know the one that can be referenced from ie. GameObjects
'Packages/com.unity.xr.openxr/Runtime/OpenXRLoaderInternal.cs' contains partial class of Unity.Object, exactly 1 of the partial classes needs to be in a file with the same filename. This is to know the one that can be referenced from ie. GameObjects
Refreshing native plugins compatible for Editor in 10.53 ms, found 14 plugins.
Preloading 0 native plugins for Editor in 0.00 ms.
Unloading 80 Unused Serialized files (Serialized files now loaded: 0)
Unloading 6433 unused Assets / (14.5 MB). Loaded Objects now: 7077.
Memory consumption went from 0.87 GB to 0.85 GB.
Total: 11.088500 ms (FindLiveObjects: 0.574700 ms CreateObjectMapping: 0.498800 ms MarkObjects: 3.710600 ms  DeleteObjects: 6.303200 ms)

Prepare: number of updated asset objects reloaded= 0
========================================================================
Received Prepare
Begin MonoManager ReloadAssembly
C:\build\output\Unity-Technologies\mono\mono\metadata\icall.c:1842:
C:\build\output\Unity-Technologies\mono\mono\metadata\icall.c:1842:
C:\build\output\Unity-Technologies\mono\mono\metadata\icall.c:1842:
C:\build\output\Unity-Technologies\mono\mono\metadata\icall.c:1842:
C:\build\output\Unity-Technologies\mono\mono\metadata\icall.c:1842:
C:\build\output\Unity-Technologies\mono\mono\metadata\icall.c:1842:
C:\build\output\Unity-Technologies\mono\mono\metadata\icall.c:1842:
C:\build\output\Unity-Technologies\mono\mono\metadata\icall.c:1842:
C:\build\output\Unity-Technologies\mono\mono\metadata\icall.c:1842:
C:\build\output\Unity-Technologies\mono\mono\metadata\icall.c:1842:
C:\build\output\Unity-Technologies\mono\mono\metadata\icall.c:1842:
C:\build\output\Unity-Technologies\mono\mono\metadata\icall.c:1842:
Symbol file LoadedFromMemory is not a mono symbol file
- Loaded All Assemblies, in 14.679 seconds
'Packages/com.unity.xr.openxr/Runtime/OpenXRLoader.cs' contains partial class of Unity.Object, exactly 1 of the partial classes needs to be in a file with the same filename. This is to know the one that can be referenced from ie. GameObjects
'Packages/com.unity.xr.openxr/Runtime/OpenXRLoaderInternal.cs' contains partial class of Unity.Object, exactly 1 of the partial classes needs to be in a file with the same filename. This is to know the one that can be referenced from ie. GameObjects
Refreshing native plugins compatible for Editor in 48.16 ms, found 14 plugins.
Native extension for iOS target not found
Native extension for Android target not found
Native extension for WindowsStandalone target not found
[Package Manager] Failed to launch server process. Reason: Unity was launched with the -noUpm command-line argument
[Package Manager] Unable to send message (not connected to server process).
[Package Manager] Cannot connect to Unity Package Manager local server
Unable to write to 'ProjectSettings\GvhProjectSettings.xml' (System.IO.IOException: Sharing violation on path C:\Users\Jodie\Documents\project\AR\newtest\ARCloudAnchors\ARCloudAnchors\ProjectSettings\GvhProjectSettings.xml
  at System.IO.FileStream..ctor (System.String path, System.IO.FileMode mode, System.IO.FileAccess access, System.IO.FileShare share, System.Int32 bufferSize, System.Boolean anonymous, System.IO.FileOptions options) [0x0019e] in <1334a096378c46d2bd2be2db1a37116e>:0 
  at System.IO.FileStream..ctor (System.String path, System.IO.FileMode mode, System.IO.FileAccess access, System.IO.FileShare share, System.Int32 bufferSize, System.IO.FileOptions options) [0x00000] in <1334a096378c46d2bd2be2db1a37116e>:0 
  at System.IO.FileStream..ctor (System.String path, System.IO.FileMode mode, System.IO.FileAccess access, System.IO.FileShare share, System.Int32 bufferSize, System.Boolean useAsync) [0x00000] in <1334a096378c46d2bd2be2db1a37116e>:0 
  at (wrapper remoting-invoke-with-check) System.IO.FileStream..ctor(string,System.IO.FileMode,System.IO.FileAccess,System.IO.FileShare,int,bool)
  at System.Xml.XmlWriterSettings.CreateWriter (System.String outputFileName) [0x00051] in <5ecb10a9d63b457f80be184a21e69bb7>:0 
  at System.Xml.XmlWriter.Create (System.String outputFileName, System.Xml.XmlWriterSettings settings) [0x0000a] in <5ecb10a9d63b457f80be184a21e69bb7>:0 
  at Google.ProjectSettings.Save () [0x0006d] in /Users/chkuang/Workspace/git/unity-jar-resolver/source/VersionHandlerImpl/src/ProjectSettings.cs:821 , Project settings were not saved!
UnityEngine.Debug:ExtractStackTraceNoAlloc (byte*,int,string)
UnityEngine.StackTraceUtility:ExtractStackTrace ()
UnityEngine.DebugLogHandler:Internal_Log (UnityEngine.LogType,UnityEngine.LogOption,string,UnityEngine.Object)
UnityEngine.DebugLogHandler:LogFormat (UnityEngine.LogType,UnityEngine.Object,string,object[])
UnityEngine.Logger:Log (UnityEngine.LogType,object)
UnityEngine.Debug:LogError (object)
Google.Logger:Log (string,Google.LogLevel) (at /Users/chkuang/Workspace/git/unity-jar-resolver/source/VersionHandlerImpl/src/Logger.cs:136)
Google.ProjectSettings:Save () (at /Users/chkuang/Workspace/git/unity-jar-resolver/source/VersionHandlerImpl/src/ProjectSettings.cs:844)
Google.ProjectSettings:SetBool (string,bool,Google.SettingsLocation) (at /Users/chkuang/Workspace/git/unity-jar-resolver/source/VersionHandlerImpl/src/ProjectSettings.cs:485)
Google.ProjectSettings:SetBool (string,bool) (at /Users/chkuang/Workspace/git/unity-jar-resolver/source/VersionHandlerImpl/src/ProjectSettings.cs:497)
Google.IOSResolver:set_VerboseLoggingEnabled (bool) (at /Users/amaurice/Documents/GitHub/unity-jar-resolver/source/IOSResolver/src/IOSResolver.cs:1041)
Google.IOSResolver:.cctor () (at /Users/amaurice/Documents/GitHub/unity-jar-resolver/source/IOSResolver/src/IOSResolver.cs:727)
System.Runtime.CompilerServices.RuntimeHelpers:RunClassConstructor (System.RuntimeTypeHandle)
UnityEditor.EditorAssemblies:ProcessInitializeOnLoadAttributes (System.Type[])

(Filename: /Users/chkuang/Workspace/git/unity-jar-resolver/source/VersionHandlerImpl/src/ProjectSettings.cs Line: 844)

Mono: successfully reloaded assembly
[Package Manager] Failed to launch server process. Reason: Unity was launched with the -noUpm command-line argument
[Package Manager] Unable to send message (not connected to server process).
[Package Manager] Cannot connect to Unity Package Manager local server
- Finished resetting the current domain, in 37.050 seconds
Domain Reload Profiling: 51767ms
	BeginReloadAssembly (5182ms)
		ExecutionOrderSort (1ms)
		DisableScriptedObjects (384ms)
		BackupInstance (0ms)
		ReleaseScriptingObjects (12ms)
		CreateAndSetChildDomain (2429ms)
	RebuildCommonClasses (108ms)
	RebuildNativeTypeToScriptingClass (16ms)
	initialDomainReloadingComplete (102ms)
	LoadAllAssembliesAndSetupDomain (9304ms)
		LoadAssemblies (6058ms)
		RebuildTransferFunctionScriptingTraits (0ms)
		AnalyzeDomain (3766ms)
			TypeCache.Refresh (1188ms)
				TypeCache.ScanAssembly (282ms)
			BuildScriptInfoCaches (2352ms)
			ResolveRequiredComponents (45ms)
	FinalizeReload (37056ms)
		ReleaseScriptCaches (0ms)
		RebuildScriptCaches (0ms)
		SetupLoadedEditorAssemblies (35373ms)
			LogAssemblyErrors (0ms)
			InitializePlatformSupportModulesInManaged (54ms)
			SetLoadedEditorAssemblies (9ms)
			BeforeProcessingInitializeOnLoad (83ms)
			ProcessInitializeOnLoadAttributes (877ms)
			ProcessInitializeOnLoadMethodAttributes (34308ms)
			AfterProcessingInitializeOnLoad (26ms)
			EditorAssembliesLoaded (16ms)
		ExecutionOrderSort2 (1ms)
		AwakeInstancesAfterBackupRestoration (271ms)
Refreshing native plugins compatible for Editor in 75.56 ms, found 14 plugins.
Preloading 0 native plugins for Editor in 0.00 ms.
Unloading 153 Unused Serialized files (Serialized files now loaded: 0)
Unloading 6580 unused Assets / (14.3 MB). Loaded Objects now: 7094.
Memory consumption went from 0.87 GB to 0.86 GB.
Total: 73.292900 ms (FindLiveObjects: 7.660500 ms CreateObjectMapping: 0.453500 ms MarkObjects: 53.900300 ms  DeleteObjects: 11.274500 ms)

Prepare: number of updated asset objects reloaded= 0
========================================================================
Received Prepare
'Packages/com.unity.xr.openxr/Runtime/OpenXRLoader.cs' contains partial class of Unity.Object, exactly 1 of the partial classes needs to be in a file with the same filename. This is to know the one that can be referenced from ie. GameObjects
'Packages/com.unity.xr.openxr/Runtime/OpenXRLoaderInternal.cs' contains partial class of Unity.Object, exactly 1 of the partial classes needs to be in a file with the same filename. This is to know the one that can be referenced from ie. GameObjects
Refreshing native plugins compatible for Editor in 12.87 ms, found 14 plugins.
Preloading 0 native plugins for Editor in 0.00 ms.
Unloading 82 Unused Serialized files (Serialized files now loaded: 0)
Unloading 6433 unused Assets / (11.8 MB). Loaded Objects now: 7078.
Memory consumption went from 0.87 GB to 0.86 GB.
Total: 256.074600 ms (FindLiveObjects: 2.847900 ms CreateObjectMapping: 0.281400 ms MarkObjects: 245.207000 ms  DeleteObjects: 7.638000 ms)

Prepare: number of updated asset objects reloaded= 0
========================================================================
Received Prepare
'Packages/com.unity.xr.openxr/Runtime/OpenXRLoader.cs' contains partial class of Unity.Object, exactly 1 of the partial classes needs to be in a file with the same filename. This is to know the one that can be referenced from ie. GameObjects
'Packages/com.unity.xr.openxr/Runtime/OpenXRLoaderInternal.cs' contains partial class of Unity.Object, exactly 1 of the partial classes needs to be in a file with the same filename. This is to know the one that can be referenced from ie. GameObjects
Refreshing native plugins compatible for Editor in 9.46 ms, found 14 plugins.
Preloading 0 native plugins for Editor in 0.00 ms.
Unloading 80 Unused Serialized files (Serialized files now loaded: 0)
Unloading 6433 unused Assets / (14.5 MB). Loaded Objects now: 7078.
Memory consumption went from 0.87 GB to 0.86 GB.
Total: 9.767700 ms (FindLiveObjects: 0.450700 ms CreateObjectMapping: 0.307900 ms MarkObjects: 3.662700 ms  DeleteObjects: 5.345700 ms)

Prepare: number of updated asset objects reloaded= 0
========================================================================
Received Prepare
'Packages/com.unity.xr.openxr/Runtime/OpenXRLoader.cs' contains partial class of Unity.Object, exactly 1 of the partial classes needs to be in a file with the same filename. This is to know the one that can be referenced from ie. GameObjects
'Packages/com.unity.xr.openxr/Runtime/OpenXRLoaderInternal.cs' contains partial class of Unity.Object, exactly 1 of the partial classes needs to be in a file with the same filename. This is to know the one that can be referenced from ie. GameObjects
Refreshing native plugins compatible for Editor in 33.88 ms, found 14 plugins.
Preloading 0 native plugins for Editor in 0.00 ms.
Unloading 80 Unused Serialized files (Serialized files now loaded: 0)
Unloading 6435 unused Assets / (15.0 MB). Loaded Objects now: 7076.
Memory consumption went from 0.87 GB to 0.86 GB.
Total: 618.081100 ms (FindLiveObjects: 4.156600 ms CreateObjectMapping: 0.348800 ms MarkObjects: 600.666300 ms  DeleteObjects: 12.902500 ms)

Prepare: number of updated asset objects reloaded= 0
========================================================================
Received Prepare
Begin MonoManager ReloadAssembly
C:\build\output\Unity-Technologies\mono\mono\metadata\icall.c:1842:
C:\build\output\Unity-Technologies\mono\mono\metadata\icall.c:1842:
C:\build\output\Unity-Technologies\mono\mono\metadata\icall.c:1842:
C:\build\output\Unity-Technologies\mono\mono\metadata\icall.c:1842:
C:\build\output\Unity-Technologies\mono\mono\metadata\icall.c:1842:
C:\build\output\Unity-Technologies\mono\mono\metadata\icall.c:1842:
C:\build\output\Unity-Technologies\mono\mono\metadata\icall.c:1842:
C:\build\output\Unity-Technologies\mono\mono\metadata\icall.c:1842:
C:\build\output\Unity-Technologies\mono\mono\metadata\icall.c:1842:
C:\build\output\Unity-Technologies\mono\mono\metadata\icall.c:1842:
C:\build\output\Unity-Technologies\mono\mono\metadata\icall.c:1842:
C:\build\output\Unity-Technologies\mono\mono\metadata\icall.c:1842:
Symbol file LoadedFromMemory is not a mono symbol file
- Loaded All Assemblies, in  3.419 seconds
'Packages/com.unity.xr.openxr/Runtime/OpenXRLoader.cs' contains partial class of Unity.Object, exactly 1 of the partial classes needs to be in a file with the same filename. This is to know the one that can be referenced from ie. GameObjects
'Packages/com.unity.xr.openxr/Runtime/OpenXRLoaderInternal.cs' contains partial class of Unity.Object, exactly 1 of the partial classes needs to be in a file with the same filename. This is to know the one that can be referenced from ie. GameObjects
Refreshing native plugins compatible for Editor in 28.23 ms, found 14 plugins.
Native extension for iOS target not found
Native extension for Android target not found
Native extension for WindowsStandalone target not found
[Package Manager] Failed to launch server process. Reason: Unity was launched with the -noUpm command-line argument
[Package Manager] Unable to send message (not connected to server process).
[Package Manager] Cannot connect to Unity Package Manager local server
Mono: successfully reloaded assembly
[Package Manager] Failed to launch server process. Reason: Unity was launched with the -noUpm command-line argument
[Package Manager] Unable to send message (not connected to server process).
[Package Manager] Cannot connect to Unity Package Manager local server
- Finished resetting the current domain, in  3.697 seconds
Domain Reload Profiling: 7121ms
	BeginReloadAssembly (1259ms)
		ExecutionOrderSort (0ms)
		DisableScriptedObjects (84ms)
		BackupInstance (0ms)
		ReleaseScriptingObjects (6ms)
		CreateAndSetChildDomain (584ms)
	RebuildCommonClasses (62ms)
	RebuildNativeTypeToScriptingClass (13ms)
	initialDomainReloadingComplete (48ms)
	LoadAllAssembliesAndSetupDomain (2036ms)
		LoadAssemblies (1910ms)
		RebuildTransferFunctionScriptingTraits (0ms)
		AnalyzeDomain (372ms)
			TypeCache.Refresh (51ms)
				TypeCache.ScanAssembly (6ms)
			BuildScriptInfoCaches (254ms)
			ResolveRequiredComponents (16ms)
	FinalizeReload (3704ms)
		ReleaseScriptCaches (0ms)
		RebuildScriptCaches (0ms)
		SetupLoadedEditorAssemblies (3164ms)
			LogAssemblyErrors (0ms)
			InitializePlatformSupportModulesInManaged (46ms)
			SetLoadedEditorAssemblies (15ms)
			BeforeProcessingInitializeOnLoad (79ms)
			ProcessInitializeOnLoadAttributes (737ms)
			ProcessInitializeOnLoadMethodAttributes (2258ms)
			AfterProcessingInitializeOnLoad (8ms)
			EditorAssembliesLoaded (21ms)
		ExecutionOrderSort2 (0ms)
		AwakeInstancesAfterBackupRestoration (39ms)
Refreshing native plugins compatible for Editor in 32.40 ms, found 14 plugins.
Preloading 0 native plugins for Editor in 0.00 ms.
Unloading 155 Unused Serialized files (Serialized files now loaded: 0)
Unloading 6580 unused Assets / (14.9 MB). Loaded Objects now: 7095.
Memory consumption went from 0.88 GB to 0.86 GB.
Total: 37.161000 ms (FindLiveObjects: 3.036600 ms CreateObjectMapping: 0.562700 ms MarkObjects: 21.645200 ms  DeleteObjects: 11.913000 ms)

Prepare: number of updated asset objects reloaded= 0
========================================================================
Received Prepare
'Packages/com.unity.xr.openxr/Runtime/OpenXRLoader.cs' contains partial class of Unity.Object, exactly 1 of the partial classes needs to be in a file with the same filename. This is to know the one that can be referenced from ie. GameObjects
'Packages/com.unity.xr.openxr/Runtime/OpenXRLoaderInternal.cs' contains partial class of Unity.Object, exactly 1 of the partial classes needs to be in a file with the same filename. This is to know the one that can be referenced from ie. GameObjects
Refreshing native plugins compatible for Editor in 10.89 ms, found 14 plugins.
Preloading 0 native plugins for Editor in 0.00 ms.
Unloading 82 Unused Serialized files (Serialized files now loaded: 0)
Unloading 6433 unused Assets / (14.4 MB). Loaded Objects now: 7079.
Memory consumption went from 0.87 GB to 0.86 GB.
Total: 44.083700 ms (FindLiveObjects: 1.426400 ms CreateObjectMapping: 0.370100 ms MarkObjects: 36.284600 ms  DeleteObjects: 5.998800 ms)

Prepare: number of updated asset objects reloaded= 0
========================================================================
Received Prepare
'Packages/com.unity.xr.openxr/Runtime/OpenXRLoader.cs' contains partial class of Unity.Object, exactly 1 of the partial classes needs to be in a file with the same filename. This is to know the one that can be referenced from ie. GameObjects
'Packages/com.unity.xr.openxr/Runtime/OpenXRLoaderInternal.cs' contains partial class of Unity.Object, exactly 1 of the partial classes needs to be in a file with the same filename. This is to know the one that can be referenced from ie. GameObjects
Refreshing native plugins compatible for Editor in 10.06 ms, found 14 plugins.
Preloading 0 native plugins for Editor in 0.00 ms.
Unloading 80 Unused Serialized files (Serialized files now loaded: 0)
Unloading 6433 unused Assets / (14.4 MB). Loaded Objects now: 7079.
Memory consumption went from 0.87 GB to 0.86 GB.
Total: 10.561500 ms (FindLiveObjects: 0.460700 ms CreateObjectMapping: 0.301100 ms MarkObjects: 3.608200 ms  DeleteObjects: 6.190500 ms)

Prepare: number of updated asset objects reloaded= 0
========================================================================
Received Prepare
'Packages/com.unity.xr.openxr/Runtime/OpenXRLoader.cs' contains partial class of Unity.Object, exactly 1 of the partial classes needs to be in a file with the same filename. This is to know the one that can be referenced from ie. GameObjects
'Packages/com.unity.xr.openxr/Runtime/OpenXRLoaderInternal.cs' contains partial class of Unity.Object, exactly 1 of the partial classes needs to be in a file with the same filename. This is to know the one that can be referenced from ie. GameObjects
Refreshing native plugins compatible for Editor in 12.35 ms, found 14 plugins.
Preloading 0 native plugins for Editor in 0.00 ms.
Unloading 80 Unused Serialized files (Serialized files now loaded: 0)
Unloading 6433 unused Assets / (12.8 MB). Loaded Objects now: 7079.
Memory consumption went from 0.87 GB to 0.86 GB.
Total: 433.528000 ms (FindLiveObjects: 1.734800 ms CreateObjectMapping: 0.555400 ms MarkObjects: 421.477900 ms  DeleteObjects: 9.757600 ms)

Prepare: number of updated asset objects reloaded= 0
========================================================================
Received Prepare
'Packages/com.unity.xr.openxr/Runtime/OpenXRLoader.cs' contains partial class of Unity.Object, exactly 1 of the partial classes needs to be in a file with the same filename. This is to know the one that can be referenced from ie. GameObjects
'Packages/com.unity.xr.openxr/Runtime/OpenXRLoaderInternal.cs' contains partial class of Unity.Object, exactly 1 of the partial classes needs to be in a file with the same filename. This is to know the one that can be referenced from ie. GameObjects
Refreshing native plugins compatible for Editor in 11.91 ms, found 14 plugins.
Preloading 0 native plugins for Editor in 0.00 ms.
Unloading 80 Unused Serialized files (Serialized files now loaded: 0)
Unloading 6433 unused Assets / (14.0 MB). Loaded Objects now: 7079.
Memory consumption went from 0.87 GB to 0.86 GB.
Total: 11.736700 ms (FindLiveObjects: 0.540300 ms CreateObjectMapping: 0.433500 ms MarkObjects: 4.292200 ms  DeleteObjects: 6.469600 ms)

Prepare: number of updated asset objects reloaded= 0
========================================================================
Received Prepare
'Packages/com.unity.xr.openxr/Runtime/OpenXRLoader.cs' contains partial class of Unity.Object, exactly 1 of the partial classes needs to be in a file with the same filename. This is to know the one that can be referenced from ie. GameObjects
'Packages/com.unity.xr.openxr/Runtime/OpenXRLoaderInternal.cs' contains partial class of Unity.Object, exactly 1 of the partial classes needs to be in a file with the same filename. This is to know the one that can be referenced from ie. GameObjects
Refreshing native plugins compatible for Editor in 13.12 ms, found 14 plugins.
Preloading 0 native plugins for Editor in 0.00 ms.
Unloading 80 Unused Serialized files (Serialized files now loaded: 0)
Unloading 6433 unused Assets / (14.5 MB). Loaded Objects now: 7079.
Memory consumption went from 0.87 GB to 0.86 GB.
Total: 262.799100 ms (FindLiveObjects: 1.888000 ms CreateObjectMapping: 0.498500 ms MarkObjects: 251.038500 ms  DeleteObjects: 9.370900 ms)

Prepare: number of updated asset objects reloaded= 0
========================================================================
Received Prepare
'Packages/com.unity.xr.openxr/Runtime/OpenXRLoader.cs' contains partial class of Unity.Object, exactly 1 of the partial classes needs to be in a file with the same filename. This is to know the one that can be referenced from ie. GameObjects
'Packages/com.unity.xr.openxr/Runtime/OpenXRLoaderInternal.cs' contains partial class of Unity.Object, exactly 1 of the partial classes needs to be in a file with the same filename. This is to know the one that can be referenced from ie. GameObjects
Refreshing native plugins compatible for Editor in 10.71 ms, found 14 plugins.
Preloading 0 native plugins for Editor in 0.00 ms.
Unloading 80 Unused Serialized files (Serialized files now loaded: 0)
Unloading 6433 unused Assets / (14.6 MB). Loaded Objects now: 7079.
Memory consumption went from 0.87 GB to 0.86 GB.
Total: 12.571200 ms (FindLiveObjects: 0.498500 ms CreateObjectMapping: 0.307700 ms MarkObjects: 4.403400 ms  DeleteObjects: 7.359400 ms)

Prepare: number of updated asset objects reloaded= 0
========================================================================
Received Prepare
'Packages/com.unity.xr.openxr/Runtime/OpenXRLoader.cs' contains partial class of Unity.Object, exactly 1 of the partial classes needs to be in a file with the same filename. This is to know the one that can be referenced from ie. GameObjects
'Packages/com.unity.xr.openxr/Runtime/OpenXRLoaderInternal.cs' contains partial class of Unity.Object, exactly 1 of the partial classes needs to be in a file with the same filename. This is to know the one that can be referenced from ie. GameObjects
Refreshing native plugins compatible for Editor in 39.23 ms, found 14 plugins.
Preloading 0 native plugins for Editor in 0.00 ms.
Unloading 80 Unused Serialized files (Serialized files now loaded: 0)
Unloading 6433 unused Assets / (14.6 MB). Loaded Objects now: 7079.
Memory consumption went from 0.87 GB to 0.86 GB.
Total: 460.353100 ms (FindLiveObjects: 1.843700 ms CreateObjectMapping: 0.899700 ms MarkObjects: 392.891700 ms  DeleteObjects: 64.714300 ms)

Prepare: number of updated asset objects reloaded= 0
========================================================================
Received Prepare
'Packages/com.unity.xr.openxr/Runtime/OpenXRLoader.cs' contains partial class of Unity.Object, exactly 1 of the partial classes needs to be in a file with the same filename. This is to know the one that can be referenced from ie. GameObjects
'Packages/com.unity.xr.openxr/Runtime/OpenXRLoaderInternal.cs' contains partial class of Unity.Object, exactly 1 of the partial classes needs to be in a file with the same filename. This is to know the one that can be referenced from ie. GameObjects
Refreshing native plugins compatible for Editor in 10.31 ms, found 14 plugins.
Preloading 0 native plugins for Editor in 0.00 ms.
Unloading 80 Unused Serialized files (Serialized files now loaded: 0)
Unloading 6433 unused Assets / (14.0 MB). Loaded Objects now: 7079.
Memory consumption went from 0.87 GB to 0.86 GB.
Total: 12.568300 ms (FindLiveObjects: 0.682800 ms CreateObjectMapping: 0.590000 ms MarkObjects: 4.161000 ms  DeleteObjects: 7.132800 ms)

Prepare: number of updated asset objects reloaded= 0
========================================================================
Received Prepare
'Packages/com.unity.xr.openxr/Runtime/OpenXRLoader.cs' contains partial class of Unity.Object, exactly 1 of the partial classes needs to be in a file with the same filename. This is to know the one that can be referenced from ie. GameObjects
'Packages/com.unity.xr.openxr/Runtime/OpenXRLoaderInternal.cs' contains partial class of Unity.Object, exactly 1 of the partial classes needs to be in a file with the same filename. This is to know the one that can be referenced from ie. GameObjects
Refreshing native plugins compatible for Editor in 11.38 ms, found 14 plugins.
Preloading 0 native plugins for Editor in 0.00 ms.
Unloading 80 Unused Serialized files (Serialized files now loaded: 0)
Unloading 6433 unused Assets / (14.0 MB). Loaded Objects now: 7079.
Memory consumption went from 0.87 GB to 0.86 GB.
Total: 504.996100 ms (FindLiveObjects: 2.538900 ms CreateObjectMapping: 0.346800 ms MarkObjects: 488.255200 ms  DeleteObjects: 13.852000 ms)

Prepare: number of updated asset objects reloaded= 0
========================================================================
Received Prepare
'Packages/com.unity.xr.openxr/Runtime/OpenXRLoader.cs' contains partial class of Unity.Object, exactly 1 of the partial classes needs to be in a file with the same filename. This is to know the one that can be referenced from ie. GameObjects
'Packages/com.unity.xr.openxr/Runtime/OpenXRLoaderInternal.cs' contains partial class of Unity.Object, exactly 1 of the partial classes needs to be in a file with the same filename. This is to know the one that can be referenced from ie. GameObjects
Refreshing native plugins compatible for Editor in 11.39 ms, found 14 plugins.
Preloading 0 native plugins for Editor in 0.00 ms.
Unloading 80 Unused Serialized files (Serialized files now loaded: 0)
Unloading 6433 unused Assets / (14.4 MB). Loaded Objects now: 7079.
Memory consumption went from 0.87 GB to 0.86 GB.
Total: 11.121200 ms (FindLiveObjects: 0.619200 ms CreateObjectMapping: 0.273400 ms MarkObjects: 4.367700 ms  DeleteObjects: 5.859200 ms)

Prepare: number of updated asset objects reloaded= 0
========================================================================
Received Prepare
'Packages/com.unity.xr.openxr/Runtime/OpenXRLoader.cs' contains partial class of Unity.Object, exactly 1 of the partial classes needs to be in a file with the same filename. This is to know the one that can be referenced from ie. GameObjects
'Packages/com.unity.xr.openxr/Runtime/OpenXRLoaderInternal.cs' contains partial class of Unity.Object, exactly 1 of the partial classes needs to be in a file with the same filename. This is to know the one that can be referenced from ie. GameObjects
Refreshing native plugins compatible for Editor in 12.12 ms, found 14 plugins.
Preloading 0 native plugins for Editor in 0.00 ms.
Unloading 80 Unused Serialized files (Serialized files now loaded: 0)
Unloading 6433 unused Assets / (13.8 MB). Loaded Objects now: 7079.
Memory consumption went from 0.87 GB to 0.86 GB.
Total: 241.602200 ms (FindLiveObjects: 3.550100 ms CreateObjectMapping: 0.478300 ms MarkObjects: 230.131100 ms  DeleteObjects: 7.437600 ms)

Prepare: number of updated asset objects reloaded= 0
========================================================================
Received Prepare
'Packages/com.unity.xr.openxr/Runtime/OpenXRLoader.cs' contains partial class of Unity.Object, exactly 1 of the partial classes needs to be in a file with the same filename. This is to know the one that can be referenced from ie. GameObjects
'Packages/com.unity.xr.openxr/Runtime/OpenXRLoaderInternal.cs' contains partial class of Unity.Object, exactly 1 of the partial classes needs to be in a file with the same filename. This is to know the one that can be referenced from ie. GameObjects
Refreshing native plugins compatible for Editor in 10.71 ms, found 14 plugins.
Preloading 0 native plugins for Editor in 0.00 ms.
Unloading 80 Unused Serialized files (Serialized files now loaded: 0)
Unloading 6433 unused Assets / (14.5 MB). Loaded Objects now: 7079.
Memory consumption went from 0.87 GB to 0.86 GB.
Total: 14.236900 ms (FindLiveObjects: 0.573900 ms CreateObjectMapping: 0.391400 ms MarkObjects: 6.367700 ms  DeleteObjects: 6.902200 ms)

Prepare: number of updated asset objects reloaded= 0
========================================================================
Received Prepare
'Packages/com.unity.xr.openxr/Runtime/OpenXRLoader.cs' contains partial class of Unity.Object, exactly 1 of the partial classes needs to be in a file with the same filename. This is to know the one that can be referenced from ie. GameObjects
'Packages/com.unity.xr.openxr/Runtime/OpenXRLoaderInternal.cs' contains partial class of Unity.Object, exactly 1 of the partial classes needs to be in a file with the same filename. This is to know the one that can be referenced from ie. GameObjects
Refreshing native plugins compatible for Editor in 13.79 ms, found 14 plugins.
Preloading 0 native plugins for Editor in 0.00 ms.
Unloading 80 Unused Serialized files (Serialized files now loaded: 0)
Unloading 6433 unused Assets / (14.7 MB). Loaded Objects now: 7079.
Memory consumption went from 0.87 GB to 0.86 GB.
Total: 367.829300 ms (FindLiveObjects: 3.592300 ms CreateObjectMapping: 0.451300 ms MarkObjects: 352.420700 ms  DeleteObjects: 11.360700 ms)

Prepare: number of updated asset objects reloaded= 0
========================================================================
Received Prepare
'Packages/com.unity.xr.openxr/Runtime/OpenXRLoader.cs' contains partial class of Unity.Object, exactly 1 of the partial classes needs to be in a file with the same filename. This is to know the one that can be referenced from ie. GameObjects
'Packages/com.unity.xr.openxr/Runtime/OpenXRLoaderInternal.cs' contains partial class of Unity.Object, exactly 1 of the partial classes needs to be in a file with the same filename. This is to know the one that can be referenced from ie. GameObjects
Refreshing native plugins compatible for Editor in 12.65 ms, found 14 plugins.
Preloading 0 native plugins for Editor in 0.00 ms.
Unloading 80 Unused Serialized files (Serialized files now loaded: 0)
Unloading 6433 unused Assets / (14.6 MB). Loaded Objects now: 7079.
Memory consumption went from 0.87 GB to 0.86 GB.
Total: 16.897000 ms (FindLiveObjects: 0.810500 ms CreateObjectMapping: 0.738000 ms MarkObjects: 5.481500 ms  DeleteObjects: 9.864800 ms)

Prepare: number of updated asset objects reloaded= 0
========================================================================
Received Prepare
'Packages/com.unity.xr.openxr/Runtime/OpenXRLoader.cs' contains partial class of Unity.Object, exactly 1 of the partial classes needs to be in a file with the same filename. This is to know the one that can be referenced from ie. GameObjects
'Packages/com.unity.xr.openxr/Runtime/OpenXRLoaderInternal.cs' contains partial class of Unity.Object, exactly 1 of the partial classes needs to be in a file with the same filename. This is to know the one that can be referenced from ie. GameObjects
Refreshing native plugins compatible for Editor in 27.85 ms, found 14 plugins.
Preloading 0 native plugins for Editor in 0.00 ms.
Unloading 80 Unused Serialized files (Serialized files now loaded: 0)
Unloading 6433 unused Assets / (13.2 MB). Loaded Objects now: 7079.
Memory consumption went from 0.87 GB to 0.86 GB.
Total: 519.525600 ms (FindLiveObjects: 4.102000 ms CreateObjectMapping: 0.517200 ms MarkObjects: 507.366100 ms  DeleteObjects: 7.536300 ms)

Prepare: number of updated asset objects reloaded= 0
========================================================================
Received Prepare
'Packages/com.unity.xr.openxr/Runtime/OpenXRLoader.cs' contains partial class of Unity.Object, exactly 1 of the partial classes needs to be in a file with the same filename. This is to know the one that can be referenced from ie. GameObjects
'Packages/com.unity.xr.openxr/Runtime/OpenXRLoaderInternal.cs' contains partial class of Unity.Object, exactly 1 of the partial classes needs to be in a file with the same filename. This is to know the one that can be referenced from ie. GameObjects
Refreshing native plugins compatible for Editor in 12.64 ms, found 14 plugins.
Preloading 0 native plugins for Editor in 0.00 ms.
Unloading 80 Unused Serialized files (Serialized files now loaded: 0)
Unloading 6433 unused Assets / (14.6 MB). Loaded Objects now: 7079.
Memory consumption went from 0.87 GB to 0.86 GB.
Total: 12.764100 ms (FindLiveObjects: 0.651600 ms CreateObjectMapping: 0.524900 ms MarkObjects: 4.628400 ms  DeleteObjects: 6.957900 ms)

Prepare: number of updated asset objects reloaded= 0
========================================================================
Received Prepare
'Packages/com.unity.xr.openxr/Runtime/OpenXRLoader.cs' contains partial class of Unity.Object, exactly 1 of the partial classes needs to be in a file with the same filename. This is to know the one that can be referenced from ie. GameObjects
'Packages/com.unity.xr.openxr/Runtime/OpenXRLoaderInternal.cs' contains partial class of Unity.Object, exactly 1 of the partial classes needs to be in a file with the same filename. This is to know the one that can be referenced from ie. GameObjects
Refreshing native plugins compatible for Editor in 13.88 ms, found 14 plugins.
Preloading 0 native plugins for Editor in 0.00 ms.
Unloading 80 Unused Serialized files (Serialized files now loaded: 0)
Unloading 6433 unused Assets / (14.6 MB). Loaded Objects now: 7079.
Memory consumption went from 0.87 GB to 0.86 GB.
Total: 317.889400 ms (FindLiveObjects: 3.972900 ms CreateObjectMapping: 0.509700 ms MarkObjects: 300.795600 ms  DeleteObjects: 12.607600 ms)

Prepare: number of updated asset objects reloaded= 0
========================================================================
Received Prepare
'Packages/com.unity.xr.openxr/Runtime/OpenXRLoader.cs' contains partial class of Unity.Object, exactly 1 of the partial classes needs to be in a file with the same filename. This is to know the one that can be referenced from ie. GameObjects
'Packages/com.unity.xr.openxr/Runtime/OpenXRLoaderInternal.cs' contains partial class of Unity.Object, exactly 1 of the partial classes needs to be in a file with the same filename. This is to know the one that can be referenced from ie. GameObjects
Refreshing native plugins compatible for Editor in 12.78 ms, found 14 plugins.
Preloading 0 native plugins for Editor in 0.00 ms.
Unloading 80 Unused Serialized files (Serialized files now loaded: 0)
Unloading 6433 unused Assets / (14.5 MB). Loaded Objects now: 7079.
Memory consumption went from 0.87 GB to 0.86 GB.
Total: 12.274800 ms (FindLiveObjects: 0.480700 ms CreateObjectMapping: 0.314100 ms MarkObjects: 5.442800 ms  DeleteObjects: 6.035300 ms)

Prepare: number of updated asset objects reloaded= 0
========================================================================
Received Prepare
Begin MonoManager ReloadAssembly
C:\build\output\Unity-Technologies\mono\mono\metadata\icall.c:1842:
C:\build\output\Unity-Technologies\mono\mono\metadata\icall.c:1842:
C:\build\output\Unity-Technologies\mono\mono\metadata\icall.c:1842:
C:\build\output\Unity-Technologies\mono\mono\metadata\icall.c:1842:
C:\build\output\Unity-Technologies\mono\mono\metadata\icall.c:1842:
C:\build\output\Unity-Technologies\mono\mono\metadata\icall.c:1842:
C:\build\output\Unity-Technologies\mono\mono\metadata\icall.c:1842:
C:\build\output\Unity-Technologies\mono\mono\metadata\icall.c:1842:
C:\build\output\Unity-Technologies\mono\mono\metadata\icall.c:1842:
C:\build\output\Unity-Technologies\mono\mono\metadata\icall.c:1842:
C:\build\output\Unity-Technologies\mono\mono\metadata\icall.c:1842:
C:\build\output\Unity-Technologies\mono\mono\metadata\icall.c:1842:
Symbol file LoadedFromMemory is not a mono symbol file
- Loaded All Assemblies, in  3.941 seconds
'Packages/com.unity.xr.openxr/Runtime/OpenXRLoader.cs' contains partial class of Unity.Object, exactly 1 of the partial classes needs to be in a file with the same filename. This is to know the one that can be referenced from ie. GameObjects
'Packages/com.unity.xr.openxr/Runtime/OpenXRLoaderInternal.cs' contains partial class of Unity.Object, exactly 1 of the partial classes needs to be in a file with the same filename. This is to know the one that can be referenced from ie. GameObjects
Refreshing native plugins compatible for Editor in 28.99 ms, found 14 plugins.
Native extension for iOS target not found
Native extension for Android target not found
Native extension for WindowsStandalone target not found
[Package Manager] Failed to launch server process. Reason: Unity was launched with the -noUpm command-line argument
[Package Manager] Unable to send message (not connected to server process).
[Package Manager] Cannot connect to Unity Package Manager local server
Mono: successfully reloaded assembly
[Package Manager] Failed to launch server process. Reason: Unity was launched with the -noUpm command-line argument
[Package Manager] Unable to send message (not connected to server process).
[Package Manager] Cannot connect to Unity Package Manager local server
- Finished resetting the current domain, in  2.765 seconds
Domain Reload Profiling: 6708ms
	BeginReloadAssembly (1216ms)
		ExecutionOrderSort (0ms)
		DisableScriptedObjects (59ms)
		BackupInstance (0ms)
		ReleaseScriptingObjects (2ms)
		CreateAndSetChildDomain (711ms)
	RebuildCommonClasses (39ms)
	RebuildNativeTypeToScriptingClass (11ms)
	initialDomainReloadingComplete (36ms)
	LoadAllAssembliesAndSetupDomain (2639ms)
		LoadAssemblies (2463ms)
		RebuildTransferFunctionScriptingTraits (0ms)
		AnalyzeDomain (358ms)
			TypeCache.Refresh (57ms)
				TypeCache.ScanAssembly (5ms)
			BuildScriptInfoCaches (235ms)
			ResolveRequiredComponents (14ms)
	FinalizeReload (2767ms)
		ReleaseScriptCaches (0ms)
		RebuildScriptCaches (0ms)
		SetupLoadedEditorAssemblies (2266ms)
			LogAssemblyErrors (1ms)
			InitializePlatformSupportModulesInManaged (78ms)
			SetLoadedEditorAssemblies (30ms)
			BeforeProcessingInitializeOnLoad (85ms)
			ProcessInitializeOnLoadAttributes (810ms)
			ProcessInitializeOnLoadMethodAttributes (1258ms)
			AfterProcessingInitializeOnLoad (4ms)
			EditorAssembliesLoaded (2ms)
		ExecutionOrderSort2 (0ms)
		AwakeInstancesAfterBackupRestoration (16ms)
Refreshing native plugins compatible for Editor in 26.88 ms, found 14 plugins.
Preloading 0 native plugins for Editor in 0.00 ms.
Unloading 153 Unused Serialized files (Serialized files now loaded: 0)
Unloading 6580 unused Assets / (14.3 MB). Loaded Objects now: 7096.
Memory consumption went from 0.88 GB to 0.86 GB.
Total: 39.151200 ms (FindLiveObjects: 1.956200 ms CreateObjectMapping: 0.346900 ms MarkObjects: 22.215200 ms  DeleteObjects: 14.629400 ms)

Prepare: number of updated asset objects reloaded= 0
========================================================================
Received Import Request.
  Time since last request: 229115.195506 seconds.
  path: Assets/Scripts/Managers/GoalManager.cs
  artifactKey: Guid(d8606ad9bd52e2f499893c7c28160113) Importer(815301076,1909f56bfc062723c751e8b465ee728b)
Start importing Assets/Scripts/Managers/GoalManager.cs using Guid(d8606ad9bd52e2f499893c7c28160113) Importer(815301076,1909f56bfc062723c751e8b465ee728b) (PreviewImporter) -> (artifact id: 'd7d5a6c4c41ad209d4faabb5a302f4f5') in 2.0561684 seconds
Number of updated asset objects reloaded before import = 0Number of asset objects unloaded after import = 0

========================================================================
Received Prepare
Begin MonoManager ReloadAssembly
C:\build\output\Unity-Technologies\mono\mono\metadata\icall.c:1842:
C:\build\output\Unity-Technologies\mono\mono\metadata\icall.c:1842:
C:\build\output\Unity-Technologies\mono\mono\metadata\icall.c:1842:
C:\build\output\Unity-Technologies\mono\mono\metadata\icall.c:1842:
C:\build\output\Unity-Technologies\mono\mono\metadata\icall.c:1842:
C:\build\output\Unity-Technologies\mono\mono\metadata\icall.c:1842:
C:\build\output\Unity-Technologies\mono\mono\metadata\icall.c:1842:
C:\build\output\Unity-Technologies\mono\mono\metadata\icall.c:1842:
C:\build\output\Unity-Technologies\mono\mono\metadata\icall.c:1842:
C:\build\output\Unity-Technologies\mono\mono\metadata\icall.c:1842:
C:\build\output\Unity-Technologies\mono\mono\metadata\icall.c:1842:
C:\build\output\Unity-Technologies\mono\mono\metadata\icall.c:1842:
Symbol file LoadedFromMemory is not a mono symbol file
- Loaded All Assemblies, in  0.919 seconds
'Packages/com.unity.xr.openxr/Runtime/OpenXRLoader.cs' contains partial class of Unity.Object, exactly 1 of the partial classes needs to be in a file with the same filename. This is to know the one that can be referenced from ie. GameObjects
'Packages/com.unity.xr.openxr/Runtime/OpenXRLoaderInternal.cs' contains partial class of Unity.Object, exactly 1 of the partial classes needs to be in a file with the same filename. This is to know the one that can be referenced from ie. GameObjects
Refreshing native plugins compatible for Editor in 11.50 ms, found 14 plugins.
Native extension for iOS target not found
Native extension for Android target not found
Native extension for WindowsStandalone target not found
[Package Manager] Failed to launch server process. Reason: Unity was launched with the -noUpm command-line argument
[Package Manager] Unable to send message (not connected to server process).
[Package Manager] Cannot connect to Unity Package Manager local server
Mono: successfully reloaded assembly
[Package Manager] Failed to launch server process. Reason: Unity was launched with the -noUpm command-line argument
[Package Manager] Unable to send message (not connected to server process).
[Package Manager] Cannot connect to Unity Package Manager local server
- Finished resetting the current domain, in  2.728 seconds
Domain Reload Profiling: 3673ms
	BeginReloadAssembly (245ms)
		ExecutionOrderSort (0ms)
		DisableScriptedObjects (6ms)
		BackupInstance (0ms)
		ReleaseScriptingObjects (0ms)
		CreateAndSetChildDomain (104ms)
	RebuildCommonClasses (27ms)
	RebuildNativeTypeToScriptingClass (11ms)
	initialDomainReloadingComplete (29ms)
	LoadAllAssembliesAndSetupDomain (606ms)
		LoadAssemblies (514ms)
		RebuildTransferFunctionScriptingTraits (0ms)
		AnalyzeDomain (172ms)
			TypeCache.Refresh (11ms)
				TypeCache.ScanAssembly (2ms)
			BuildScriptInfoCaches (146ms)
			ResolveRequiredComponents (11ms)
	FinalizeReload (2756ms)
		ReleaseScriptCaches (0ms)
		RebuildScriptCaches (0ms)
		SetupLoadedEditorAssemblies (2175ms)
			LogAssemblyErrors (0ms)
			InitializePlatformSupportModulesInManaged (19ms)
			SetLoadedEditorAssemblies (5ms)
			BeforeProcessingInitializeOnLoad (52ms)
			ProcessInitializeOnLoadAttributes (384ms)
			ProcessInitializeOnLoadMethodAttributes (1652ms)
			AfterProcessingInitializeOnLoad (56ms)
			EditorAssembliesLoaded (7ms)
		ExecutionOrderSort2 (3ms)
		AwakeInstancesAfterBackupRestoration (26ms)
Refreshing native plugins compatible for Editor in 11.02 ms, found 14 plugins.
Preloading 0 native plugins for Editor in 0.00 ms.
Unloading 155 Unused Serialized files (Serialized files now loaded: 0)
Unloading 6580 unused Assets / (13.1 MB). Loaded Objects now: 7099.
Memory consumption went from 0.88 GB to 0.87 GB.
Total: 24.815600 ms (FindLiveObjects: 5.597100 ms CreateObjectMapping: 0.284700 ms MarkObjects: 11.122500 ms  DeleteObjects: 7.808200 ms)

Prepare: number of updated asset objects reloaded= 0
========================================================================
Received Prepare
'Packages/com.unity.xr.openxr/Runtime/OpenXRLoader.cs' contains partial class of Unity.Object, exactly 1 of the partial classes needs to be in a file with the same filename. This is to know the one that can be referenced from ie. GameObjects
'Packages/com.unity.xr.openxr/Runtime/OpenXRLoaderInternal.cs' contains partial class of Unity.Object, exactly 1 of the partial classes needs to be in a file with the same filename. This is to know the one that can be referenced from ie. GameObjects
Refreshing native plugins compatible for Editor in 9.27 ms, found 14 plugins.
Preloading 0 native plugins for Editor in 0.00 ms.
Unloading 82 Unused Serialized files (Serialized files now loaded: 0)
Unloading 6433 unused Assets / (14.5 MB). Loaded Objects now: 7083.
Memory consumption went from 0.88 GB to 0.86 GB.
Total: 12.674100 ms (FindLiveObjects: 0.459100 ms CreateObjectMapping: 0.307100 ms MarkObjects: 5.857600 ms  DeleteObjects: 6.047200 ms)

Prepare: number of updated asset objects reloaded= 0
========================================================================
Received Prepare
'Packages/com.unity.xr.openxr/Runtime/OpenXRLoader.cs' contains partial class of Unity.Object, exactly 1 of the partial classes needs to be in a file with the same filename. This is to know the one that can be referenced from ie. GameObjects
'Packages/com.unity.xr.openxr/Runtime/OpenXRLoaderInternal.cs' contains partial class of Unity.Object, exactly 1 of the partial classes needs to be in a file with the same filename. This is to know the one that can be referenced from ie. GameObjects
Refreshing native plugins compatible for Editor in 8.96 ms, found 14 plugins.
Preloading 0 native plugins for Editor in 0.00 ms.
Unloading 80 Unused Serialized files (Serialized files now loaded: 0)
Unloading 6433 unused Assets / (13.7 MB). Loaded Objects now: 7083.
Memory consumption went from 0.88 GB to 0.86 GB.
Total: 10.332700 ms (FindLiveObjects: 0.429700 ms CreateObjectMapping: 0.296400 ms MarkObjects: 3.741900 ms  DeleteObjects: 5.863000 ms)

Prepare: number of updated asset objects reloaded= 0
========================================================================
Received Prepare
'Packages/com.unity.xr.openxr/Runtime/OpenXRLoader.cs' contains partial class of Unity.Object, exactly 1 of the partial classes needs to be in a file with the same filename. This is to know the one that can be referenced from ie. GameObjects
'Packages/com.unity.xr.openxr/Runtime/OpenXRLoaderInternal.cs' contains partial class of Unity.Object, exactly 1 of the partial classes needs to be in a file with the same filename. This is to know the one that can be referenced from ie. GameObjects
Refreshing native plugins compatible for Editor in 9.39 ms, found 14 plugins.
Preloading 0 native plugins for Editor in 0.00 ms.
Unloading 80 Unused Serialized files (Serialized files now loaded: 0)
Unloading 6433 unused Assets / (14.5 MB). Loaded Objects now: 7083.
Memory consumption went from 0.88 GB to 0.86 GB.
Total: 72.233900 ms (FindLiveObjects: 1.496800 ms CreateObjectMapping: 0.226100 ms MarkObjects: 63.228800 ms  DeleteObjects: 7.280000 ms)

Prepare: number of updated asset objects reloaded= 0
========================================================================
Received Prepare
'Packages/com.unity.xr.openxr/Runtime/OpenXRLoader.cs' contains partial class of Unity.Object, exactly 1 of the partial classes needs to be in a file with the same filename. This is to know the one that can be referenced from ie. GameObjects
'Packages/com.unity.xr.openxr/Runtime/OpenXRLoaderInternal.cs' contains partial class of Unity.Object, exactly 1 of the partial classes needs to be in a file with the same filename. This is to know the one that can be referenced from ie. GameObjects
Refreshing native plugins compatible for Editor in 8.33 ms, found 14 plugins.
Preloading 0 native plugins for Editor in 0.00 ms.
Unloading 80 Unused Serialized files (Serialized files now loaded: 0)
Unloading 6433 unused Assets / (14.5 MB). Loaded Objects now: 7083.
Memory consumption went from 0.88 GB to 0.86 GB.
Total: 11.111700 ms (FindLiveObjects: 0.429900 ms CreateObjectMapping: 0.270400 ms MarkObjects: 3.434300 ms  DeleteObjects: 6.975000 ms)

Prepare: number of updated asset objects reloaded= 0
========================================================================
Received Prepare
Begin MonoManager ReloadAssembly
C:\build\output\Unity-Technologies\mono\mono\metadata\icall.c:1842:
C:\build\output\Unity-Technologies\mono\mono\metadata\icall.c:1842:
C:\build\output\Unity-Technologies\mono\mono\metadata\icall.c:1842:
C:\build\output\Unity-Technologies\mono\mono\metadata\icall.c:1842:
C:\build\output\Unity-Technologies\mono\mono\metadata\icall.c:1842:
C:\build\output\Unity-Technologies\mono\mono\metadata\icall.c:1842:
C:\build\output\Unity-Technologies\mono\mono\metadata\icall.c:1842:
C:\build\output\Unity-Technologies\mono\mono\metadata\icall.c:1842:
C:\build\output\Unity-Technologies\mono\mono\metadata\icall.c:1842:
C:\build\output\Unity-Technologies\mono\mono\metadata\icall.c:1842:
C:\build\output\Unity-Technologies\mono\mono\metadata\icall.c:1842:
C:\build\output\Unity-Technologies\mono\mono\metadata\icall.c:1842:
Symbol file LoadedFromMemory is not a mono symbol file
- Loaded All Assemblies, in  2.137 seconds
'Packages/com.unity.xr.openxr/Runtime/OpenXRLoader.cs' contains partial class of Unity.Object, exactly 1 of the partial classes needs to be in a file with the same filename. This is to know the one that can be referenced from ie. GameObjects
'Packages/com.unity.xr.openxr/Runtime/OpenXRLoaderInternal.cs' contains partial class of Unity.Object, exactly 1 of the partial classes needs to be in a file with the same filename. This is to know the one that can be referenced from ie. GameObjects
Refreshing native plugins compatible for Editor in 37.47 ms, found 14 plugins.
Native extension for iOS target not found
Native extension for Android target not found
Native extension for WindowsStandalone target not found
[Package Manager] Failed to launch server process. Reason: Unity was launched with the -noUpm command-line argument
[Package Manager] Unable to send message (not connected to server process).
[Package Manager] Cannot connect to Unity Package Manager local server
Mono: successfully reloaded assembly
[Package Manager] Failed to launch server process. Reason: Unity was launched with the -noUpm command-line argument
[Package Manager] Unable to send message (not connected to server process).
[Package Manager] Cannot connect to Unity Package Manager local server
- Finished resetting the current domain, in  3.133 seconds
Domain Reload Profiling: 5279ms
	BeginReloadAssembly (567ms)
		ExecutionOrderSort (0ms)
		DisableScriptedObjects (26ms)
		BackupInstance (0ms)
		ReleaseScriptingObjects (2ms)
		CreateAndSetChildDomain (206ms)
	RebuildCommonClasses (44ms)
	RebuildNativeTypeToScriptingClass (15ms)
	initialDomainReloadingComplete (41ms)
	LoadAllAssembliesAndSetupDomain (1469ms)
		LoadAssemblies (1303ms)
		RebuildTransferFunctionScriptingTraits (0ms)
		AnalyzeDomain (368ms)
			TypeCache.Refresh (48ms)
				TypeCache.ScanAssembly (5ms)
			BuildScriptInfoCaches (247ms)
			ResolveRequiredComponents (18ms)
	FinalizeReload (3143ms)
		ReleaseScriptCaches (0ms)
		RebuildScriptCaches (0ms)
		SetupLoadedEditorAssemblies (2580ms)
			LogAssemblyErrors (0ms)
			InitializePlatformSupportModulesInManaged (47ms)
			SetLoadedEditorAssemblies (9ms)
			BeforeProcessingInitializeOnLoad (96ms)
			ProcessInitializeOnLoadAttributes (810ms)
			ProcessInitializeOnLoadMethodAttributes (1575ms)
			AfterProcessingInitializeOnLoad (14ms)
			EditorAssembliesLoaded (28ms)
		ExecutionOrderSort2 (0ms)
		AwakeInstancesAfterBackupRestoration (15ms)
Refreshing native plugins compatible for Editor in 32.01 ms, found 14 plugins.
Preloading 0 native plugins for Editor in 0.00 ms.
Unloading 153 Unused Serialized files (Serialized files now loaded: 0)
Unloading 6580 unused Assets / (15.3 MB). Loaded Objects now: 7100.
Memory consumption went from 0.88 GB to 0.87 GB.
Total: 31.258400 ms (FindLiveObjects: 4.664000 ms CreateObjectMapping: 0.388700 ms MarkObjects: 9.418100 ms  DeleteObjects: 16.785100 ms)

Prepare: number of updated asset objects reloaded= 0
========================================================================
Received Prepare
'Packages/com.unity.xr.openxr/Runtime/OpenXRLoader.cs' contains partial class of Unity.Object, exactly 1 of the partial classes needs to be in a file with the same filename. This is to know the one that can be referenced from ie. GameObjects
'Packages/com.unity.xr.openxr/Runtime/OpenXRLoaderInternal.cs' contains partial class of Unity.Object, exactly 1 of the partial classes needs to be in a file with the same filename. This is to know the one that can be referenced from ie. GameObjects
Refreshing native plugins compatible for Editor in 9.94 ms, found 14 plugins.
Preloading 0 native plugins for Editor in 0.00 ms.
Unloading 82 Unused Serialized files (Serialized files now loaded: 0)
Unloading 6433 unused Assets / (15.0 MB). Loaded Objects now: 7084.
Memory consumption went from 0.88 GB to 0.86 GB.
Total: 13.431000 ms (FindLiveObjects: 0.449900 ms CreateObjectMapping: 0.288600 ms MarkObjects: 5.259400 ms  DeleteObjects: 7.431500 ms)

Prepare: number of updated asset objects reloaded= 0
========================================================================
Received Prepare
'Packages/com.unity.xr.openxr/Runtime/OpenXRLoader.cs' contains partial class of Unity.Object, exactly 1 of the partial classes needs to be in a file with the same filename. This is to know the one that can be referenced from ie. GameObjects
'Packages/com.unity.xr.openxr/Runtime/OpenXRLoaderInternal.cs' contains partial class of Unity.Object, exactly 1 of the partial classes needs to be in a file with the same filename. This is to know the one that can be referenced from ie. GameObjects
Refreshing native plugins compatible for Editor in 9.10 ms, found 14 plugins.
Preloading 0 native plugins for Editor in 0.00 ms.
Unloading 80 Unused Serialized files (Serialized files now loaded: 0)
Unloading 6433 unused Assets / (14.4 MB). Loaded Objects now: 7084.
Memory consumption went from 0.88 GB to 0.86 GB.
Total: 13.035500 ms (FindLiveObjects: 0.435800 ms CreateObjectMapping: 0.312800 ms MarkObjects: 4.282300 ms  DeleteObjects: 8.002600 ms)

Prepare: number of updated asset objects reloaded= 0
========================================================================
Received Prepare
'Packages/com.unity.xr.openxr/Runtime/OpenXRLoader.cs' contains partial class of Unity.Object, exactly 1 of the partial classes needs to be in a file with the same filename. This is to know the one that can be referenced from ie. GameObjects
'Packages/com.unity.xr.openxr/Runtime/OpenXRLoaderInternal.cs' contains partial class of Unity.Object, exactly 1 of the partial classes needs to be in a file with the same filename. This is to know the one that can be referenced from ie. GameObjects
Refreshing native plugins compatible for Editor in 11.20 ms, found 14 plugins.
Preloading 0 native plugins for Editor in 0.00 ms.
Unloading 80 Unused Serialized files (Serialized files now loaded: 0)
Unloading 6433 unused Assets / (14.1 MB). Loaded Objects now: 7084.
Memory consumption went from 0.88 GB to 0.86 GB.
Total: 34.853400 ms (FindLiveObjects: 0.450900 ms CreateObjectMapping: 0.280100 ms MarkObjects: 27.555300 ms  DeleteObjects: 6.565100 ms)

Prepare: number of updated asset objects reloaded= 0
========================================================================
Received Prepare
'Packages/com.unity.xr.openxr/Runtime/OpenXRLoader.cs' contains partial class of Unity.Object, exactly 1 of the partial classes needs to be in a file with the same filename. This is to know the one that can be referenced from ie. GameObjects
'Packages/com.unity.xr.openxr/Runtime/OpenXRLoaderInternal.cs' contains partial class of Unity.Object, exactly 1 of the partial classes needs to be in a file with the same filename. This is to know the one that can be referenced from ie. GameObjects
Refreshing native plugins compatible for Editor in 11.37 ms, found 14 plugins.
Preloading 0 native plugins for Editor in 0.00 ms.
Unloading 80 Unused Serialized files (Serialized files now loaded: 0)
Unloading 6433 unused Assets / (14.7 MB). Loaded Objects now: 7084.
Memory consumption went from 0.88 GB to 0.86 GB.
Total: 14.034500 ms (FindLiveObjects: 1.078100 ms CreateObjectMapping: 0.352300 ms MarkObjects: 5.309300 ms  DeleteObjects: 7.293300 ms)

Prepare: number of updated asset objects reloaded= 0
========================================================================
Received Prepare
'Packages/com.unity.xr.openxr/Runtime/OpenXRLoader.cs' contains partial class of Unity.Object, exactly 1 of the partial classes needs to be in a file with the same filename. This is to know the one that can be referenced from ie. GameObjects
'Packages/com.unity.xr.openxr/Runtime/OpenXRLoaderInternal.cs' contains partial class of Unity.Object, exactly 1 of the partial classes needs to be in a file with the same filename. This is to know the one that can be referenced from ie. GameObjects
Refreshing native plugins compatible for Editor in 11.72 ms, found 14 plugins.
Preloading 0 native plugins for Editor in 0.00 ms.
Unloading 80 Unused Serialized files (Serialized files now loaded: 0)
Unloading 6433 unused Assets / (14.6 MB). Loaded Objects now: 7084.
Memory consumption went from 0.88 GB to 0.86 GB.
Total: 12.825300 ms (FindLiveObjects: 0.529200 ms CreateObjectMapping: 0.362600 ms MarkObjects: 5.434600 ms  DeleteObjects: 6.497300 ms)

Prepare: number of updated asset objects reloaded= 0
========================================================================
Received Prepare
'Packages/com.unity.xr.openxr/Runtime/OpenXRLoader.cs' contains partial class of Unity.Object, exactly 1 of the partial classes needs to be in a file with the same filename. This is to know the one that can be referenced from ie. GameObjects
'Packages/com.unity.xr.openxr/Runtime/OpenXRLoaderInternal.cs' contains partial class of Unity.Object, exactly 1 of the partial classes needs to be in a file with the same filename. This is to know the one that can be referenced from ie. GameObjects
Refreshing native plugins compatible for Editor in 9.30 ms, found 14 plugins.
Preloading 0 native plugins for Editor in 0.00 ms.
Unloading 80 Unused Serialized files (Serialized files now loaded: 0)
Unloading 6433 unused Assets / (14.3 MB). Loaded Objects now: 7084.
Memory consumption went from 0.88 GB to 0.86 GB.
Total: 11.277000 ms (FindLiveObjects: 0.474900 ms CreateObjectMapping: 0.285200 ms MarkObjects: 3.539200 ms  DeleteObjects: 6.975700 ms)

Prepare: number of updated asset objects reloaded= 0
========================================================================
Received Prepare
'Packages/com.unity.xr.openxr/Runtime/OpenXRLoader.cs' contains partial class of Unity.Object, exactly 1 of the partial classes needs to be in a file with the same filename. This is to know the one that can be referenced from ie. GameObjects
'Packages/com.unity.xr.openxr/Runtime/OpenXRLoaderInternal.cs' contains partial class of Unity.Object, exactly 1 of the partial classes needs to be in a file with the same filename. This is to know the one that can be referenced from ie. GameObjects
Refreshing native plugins compatible for Editor in 9.78 ms, found 14 plugins.
Preloading 0 native plugins for Editor in 0.00 ms.
Unloading 80 Unused Serialized files (Serialized files now loaded: 0)
Unloading 6433 unused Assets / (14.6 MB). Loaded Objects now: 7084.
Memory consumption went from 0.88 GB to 0.86 GB.
Total: 13.598600 ms (FindLiveObjects: 0.470500 ms CreateObjectMapping: 0.286000 ms MarkObjects: 5.527200 ms  DeleteObjects: 7.308900 ms)

Prepare: number of updated asset objects reloaded= 0
========================================================================
Received Prepare
'Packages/com.unity.xr.openxr/Runtime/OpenXRLoader.cs' contains partial class of Unity.Object, exactly 1 of the partial classes needs to be in a file with the same filename. This is to know the one that can be referenced from ie. GameObjects
'Packages/com.unity.xr.openxr/Runtime/OpenXRLoaderInternal.cs' contains partial class of Unity.Object, exactly 1 of the partial classes needs to be in a file with the same filename. This is to know the one that can be referenced from ie. GameObjects
Refreshing native plugins compatible for Editor in 8.89 ms, found 14 plugins.
Preloading 0 native plugins for Editor in 0.00 ms.
Unloading 80 Unused Serialized files (Serialized files now loaded: 0)
Unloading 6433 unused Assets / (14.4 MB). Loaded Objects now: 7084.
Memory consumption went from 0.88 GB to 0.86 GB.
Total: 10.557800 ms (FindLiveObjects: 0.742400 ms CreateObjectMapping: 0.308400 ms MarkObjects: 3.737600 ms  DeleteObjects: 5.767400 ms)

Prepare: number of updated asset objects reloaded= 0
========================================================================
Received Prepare
'Packages/com.unity.xr.openxr/Runtime/OpenXRLoader.cs' contains partial class of Unity.Object, exactly 1 of the partial classes needs to be in a file with the same filename. This is to know the one that can be referenced from ie. GameObjects
'Packages/com.unity.xr.openxr/Runtime/OpenXRLoaderInternal.cs' contains partial class of Unity.Object, exactly 1 of the partial classes needs to be in a file with the same filename. This is to know the one that can be referenced from ie. GameObjects
Refreshing native plugins compatible for Editor in 9.91 ms, found 14 plugins.
Preloading 0 native plugins for Editor in 0.00 ms.
Unloading 80 Unused Serialized files (Serialized files now loaded: 0)
Unloading 6433 unused Assets / (14.2 MB). Loaded Objects now: 7084.
Memory consumption went from 0.88 GB to 0.86 GB.
Total: 11.610900 ms (FindLiveObjects: 0.447600 ms CreateObjectMapping: 0.280000 ms MarkObjects: 5.286200 ms  DeleteObjects: 5.595400 ms)

Prepare: number of updated asset objects reloaded= 0
========================================================================
Received Prepare
'Packages/com.unity.xr.openxr/Runtime/OpenXRLoader.cs' contains partial class of Unity.Object, exactly 1 of the partial classes needs to be in a file with the same filename. This is to know the one that can be referenced from ie. GameObjects
'Packages/com.unity.xr.openxr/Runtime/OpenXRLoaderInternal.cs' contains partial class of Unity.Object, exactly 1 of the partial classes needs to be in a file with the same filename. This is to know the one that can be referenced from ie. GameObjects
Refreshing native plugins compatible for Editor in 9.56 ms, found 14 plugins.
Preloading 0 native plugins for Editor in 0.00 ms.
Unloading 80 Unused Serialized files (Serialized files now loaded: 0)
Unloading 6433 unused Assets / (14.4 MB). Loaded Objects now: 7084.
Memory consumption went from 0.88 GB to 0.86 GB.
Total: 11.650100 ms (FindLiveObjects: 0.426700 ms CreateObjectMapping: 0.298000 ms MarkObjects: 3.926800 ms  DeleteObjects: 6.996300 ms)

Prepare: number of updated asset objects reloaded= 0
========================================================================
Received Prepare
'Packages/com.unity.xr.openxr/Runtime/OpenXRLoader.cs' contains partial class of Unity.Object, exactly 1 of the partial classes needs to be in a file with the same filename. This is to know the one that can be referenced from ie. GameObjects
'Packages/com.unity.xr.openxr/Runtime/OpenXRLoaderInternal.cs' contains partial class of Unity.Object, exactly 1 of the partial classes needs to be in a file with the same filename. This is to know the one that can be referenced from ie. GameObjects
Refreshing native plugins compatible for Editor in 10.09 ms, found 14 plugins.
Preloading 0 native plugins for Editor in 0.00 ms.
Unloading 80 Unused Serialized files (Serialized files now loaded: 0)
Unloading 6433 unused Assets / (14.5 MB). Loaded Objects now: 7084.
Memory consumption went from 0.88 GB to 0.86 GB.
Total: 13.327300 ms (FindLiveObjects: 0.485100 ms CreateObjectMapping: 0.312800 ms MarkObjects: 5.737400 ms  DeleteObjects: 6.790400 ms)

Prepare: number of updated asset objects reloaded= 0
========================================================================
Received Prepare
'Packages/com.unity.xr.openxr/Runtime/OpenXRLoader.cs' contains partial class of Unity.Object, exactly 1 of the partial classes needs to be in a file with the same filename. This is to know the one that can be referenced from ie. GameObjects
'Packages/com.unity.xr.openxr/Runtime/OpenXRLoaderInternal.cs' contains partial class of Unity.Object, exactly 1 of the partial classes needs to be in a file with the same filename. This is to know the one that can be referenced from ie. GameObjects
Refreshing native plugins compatible for Editor in 9.24 ms, found 14 plugins.
Preloading 0 native plugins for Editor in 0.00 ms.
Unloading 80 Unused Serialized files (Serialized files now loaded: 0)
Unloading 6433 unused Assets / (14.1 MB). Loaded Objects now: 7084.
Memory consumption went from 0.88 GB to 0.86 GB.
Total: 11.258300 ms (FindLiveObjects: 0.488100 ms CreateObjectMapping: 0.288800 ms MarkObjects: 3.619700 ms  DeleteObjects: 6.860200 ms)

Prepare: number of updated asset objects reloaded= 0
========================================================================
Received Prepare
'Packages/com.unity.xr.openxr/Runtime/OpenXRLoader.cs' contains partial class of Unity.Object, exactly 1 of the partial classes needs to be in a file with the same filename. This is to know the one that can be referenced from ie. GameObjects
'Packages/com.unity.xr.openxr/Runtime/OpenXRLoaderInternal.cs' contains partial class of Unity.Object, exactly 1 of the partial classes needs to be in a file with the same filename. This is to know the one that can be referenced from ie. GameObjects
Refreshing native plugins compatible for Editor in 12.32 ms, found 14 plugins.
Preloading 0 native plugins for Editor in 0.00 ms.
Unloading 80 Unused Serialized files (Serialized files now loaded: 0)
Unloading 6433 unused Assets / (14.1 MB). Loaded Objects now: 7084.
Memory consumption went from 0.88 GB to 0.86 GB.
Total: 12.279300 ms (FindLiveObjects: 0.495500 ms CreateObjectMapping: 0.337600 ms MarkObjects: 5.871400 ms  DeleteObjects: 5.572700 ms)

Prepare: number of updated asset objects reloaded= 0
========================================================================
Received Prepare
'Packages/com.unity.xr.openxr/Runtime/OpenXRLoader.cs' contains partial class of Unity.Object, exactly 1 of the partial classes needs to be in a file with the same filename. This is to know the one that can be referenced from ie. GameObjects
'Packages/com.unity.xr.openxr/Runtime/OpenXRLoaderInternal.cs' contains partial class of Unity.Object, exactly 1 of the partial classes needs to be in a file with the same filename. This is to know the one that can be referenced from ie. GameObjects
Refreshing native plugins compatible for Editor in 8.84 ms, found 14 plugins.
Preloading 0 native plugins for Editor in 0.00 ms.
Unloading 80 Unused Serialized files (Serialized files now loaded: 0)
Unloading 6433 unused Assets / (14.4 MB). Loaded Objects now: 7084.
Memory consumption went from 0.88 GB to 0.86 GB.
Total: 10.014000 ms (FindLiveObjects: 0.464200 ms CreateObjectMapping: 0.288900 ms MarkObjects: 3.737800 ms  DeleteObjects: 5.521900 ms)

Prepare: number of updated asset objects reloaded= 0
========================================================================
Received Prepare
'Packages/com.unity.xr.openxr/Runtime/OpenXRLoader.cs' contains partial class of Unity.Object, exactly 1 of the partial classes needs to be in a file with the same filename. This is to know the one that can be referenced from ie. GameObjects
'Packages/com.unity.xr.openxr/Runtime/OpenXRLoaderInternal.cs' contains partial class of Unity.Object, exactly 1 of the partial classes needs to be in a file with the same filename. This is to know the one that can be referenced from ie. GameObjects
Refreshing native plugins compatible for Editor in 9.64 ms, found 14 plugins.
Preloading 0 native plugins for Editor in 0.00 ms.
Unloading 80 Unused Serialized files (Serialized files now loaded: 0)
Unloading 6433 unused Assets / (14.6 MB). Loaded Objects now: 7084.
Memory consumption went from 0.88 GB to 0.86 GB.
Total: 12.025400 ms (FindLiveObjects: 0.478300 ms CreateObjectMapping: 0.289400 ms MarkObjects: 5.114400 ms  DeleteObjects: 6.141400 ms)

Prepare: number of updated asset objects reloaded= 0
========================================================================
Received Prepare
'Packages/com.unity.xr.openxr/Runtime/OpenXRLoader.cs' contains partial class of Unity.Object, exactly 1 of the partial classes needs to be in a file with the same filename. This is to know the one that can be referenced from ie. GameObjects
'Packages/com.unity.xr.openxr/Runtime/OpenXRLoaderInternal.cs' contains partial class of Unity.Object, exactly 1 of the partial classes needs to be in a file with the same filename. This is to know the one that can be referenced from ie. GameObjects
Refreshing native plugins compatible for Editor in 10.46 ms, found 14 plugins.
Preloading 0 native plugins for Editor in 0.00 ms.
Unloading 80 Unused Serialized files (Serialized files now loaded: 0)
Unloading 6433 unused Assets / (14.6 MB). Loaded Objects now: 7084.
Memory consumption went from 0.88 GB to 0.86 GB.
Total: 10.264400 ms (FindLiveObjects: 0.445100 ms CreateObjectMapping: 0.285400 ms MarkObjects: 3.507000 ms  DeleteObjects: 6.024800 ms)

Prepare: number of updated asset objects reloaded= 0
========================================================================
Received Prepare
'Packages/com.unity.xr.openxr/Runtime/OpenXRLoader.cs' contains partial class of Unity.Object, exactly 1 of the partial classes needs to be in a file with the same filename. This is to know the one that can be referenced from ie. GameObjects
'Packages/com.unity.xr.openxr/Runtime/OpenXRLoaderInternal.cs' contains partial class of Unity.Object, exactly 1 of the partial classes needs to be in a file with the same filename. This is to know the one that can be referenced from ie. GameObjects
Refreshing native plugins compatible for Editor in 10.48 ms, found 14 plugins.
Preloading 0 native plugins for Editor in 0.00 ms.
Unloading 80 Unused Serialized files (Serialized files now loaded: 0)
Unloading 6433 unused Assets / (14.7 MB). Loaded Objects now: 7084.
Memory consumption went from 0.88 GB to 0.86 GB.
Total: 12.243700 ms (FindLiveObjects: 0.456900 ms CreateObjectMapping: 0.279400 ms MarkObjects: 5.256600 ms  DeleteObjects: 6.248300 ms)

Prepare: number of updated asset objects reloaded= 0
========================================================================
Received Prepare
'Packages/com.unity.xr.openxr/Runtime/OpenXRLoader.cs' contains partial class of Unity.Object, exactly 1 of the partial classes needs to be in a file with the same filename. This is to know the one that can be referenced from ie. GameObjects
'Packages/com.unity.xr.openxr/Runtime/OpenXRLoaderInternal.cs' contains partial class of Unity.Object, exactly 1 of the partial classes needs to be in a file with the same filename. This is to know the one that can be referenced from ie. GameObjects
Refreshing native plugins compatible for Editor in 9.10 ms, found 14 plugins.
Preloading 0 native plugins for Editor in 0.00 ms.
Unloading 80 Unused Serialized files (Serialized files now loaded: 0)
Unloading 6433 unused Assets / (14.6 MB). Loaded Objects now: 7084.
Memory consumption went from 0.88 GB to 0.86 GB.
Total: 12.058100 ms (FindLiveObjects: 0.489200 ms CreateObjectMapping: 0.328900 ms MarkObjects: 3.937700 ms  DeleteObjects: 7.300900 ms)

Prepare: number of updated asset objects reloaded= 0
========================================================================
Received Prepare
'Packages/com.unity.xr.openxr/Runtime/OpenXRLoader.cs' contains partial class of Unity.Object, exactly 1 of the partial classes needs to be in a file with the same filename. This is to know the one that can be referenced from ie. GameObjects
'Packages/com.unity.xr.openxr/Runtime/OpenXRLoaderInternal.cs' contains partial class of Unity.Object, exactly 1 of the partial classes needs to be in a file with the same filename. This is to know the one that can be referenced from ie. GameObjects
Refreshing native plugins compatible for Editor in 9.07 ms, found 14 plugins.
Preloading 0 native plugins for Editor in 0.00 ms.
Unloading 80 Unused Serialized files (Serialized files now loaded: 0)
Unloading 6433 unused Assets / (14.4 MB). Loaded Objects now: 7084.
Memory consumption went from 0.88 GB to 0.86 GB.
Total: 12.562800 ms (FindLiveObjects: 0.910800 ms CreateObjectMapping: 0.641600 ms MarkObjects: 5.484800 ms  DeleteObjects: 5.523300 ms)

Prepare: number of updated asset objects reloaded= 0
========================================================================
Received Prepare
'Packages/com.unity.xr.openxr/Runtime/OpenXRLoader.cs' contains partial class of Unity.Object, exactly 1 of the partial classes needs to be in a file with the same filename. This is to know the one that can be referenced from ie. GameObjects
'Packages/com.unity.xr.openxr/Runtime/OpenXRLoaderInternal.cs' contains partial class of Unity.Object, exactly 1 of the partial classes needs to be in a file with the same filename. This is to know the one that can be referenced from ie. GameObjects
Refreshing native plugins compatible for Editor in 10.67 ms, found 14 plugins.
Preloading 0 native plugins for Editor in 0.00 ms.
Unloading 80 Unused Serialized files (Serialized files now loaded: 0)
Unloading 6433 unused Assets / (14.4 MB). Loaded Objects now: 7084.
Memory consumption went from 0.88 GB to 0.86 GB.
Total: 11.500800 ms (FindLiveObjects: 0.477800 ms CreateObjectMapping: 0.307900 ms MarkObjects: 3.947400 ms  DeleteObjects: 6.765200 ms)

Prepare: number of updated asset objects reloaded= 0
========================================================================
Received Prepare
'Packages/com.unity.xr.openxr/Runtime/OpenXRLoader.cs' contains partial class of Unity.Object, exactly 1 of the partial classes needs to be in a file with the same filename. This is to know the one that can be referenced from ie. GameObjects
'Packages/com.unity.xr.openxr/Runtime/OpenXRLoaderInternal.cs' contains partial class of Unity.Object, exactly 1 of the partial classes needs to be in a file with the same filename. This is to know the one that can be referenced from ie. GameObjects
Refreshing native plugins compatible for Editor in 10.03 ms, found 14 plugins.
Preloading 0 native plugins for Editor in 0.00 ms.
Unloading 80 Unused Serialized files (Serialized files now loaded: 0)
Unloading 6433 unused Assets / (14.8 MB). Loaded Objects now: 7084.
Memory consumption went from 0.88 GB to 0.86 GB.
Total: 20.004200 ms (FindLiveObjects: 0.737500 ms CreateObjectMapping: 0.305600 ms MarkObjects: 12.704700 ms  DeleteObjects: 6.254600 ms)

Prepare: number of updated asset objects reloaded= 0
========================================================================
Received Prepare
'Packages/com.unity.xr.openxr/Runtime/OpenXRLoader.cs' contains partial class of Unity.Object, exactly 1 of the partial classes needs to be in a file with the same filename. This is to know the one that can be referenced from ie. GameObjects
'Packages/com.unity.xr.openxr/Runtime/OpenXRLoaderInternal.cs' contains partial class of Unity.Object, exactly 1 of the partial classes needs to be in a file with the same filename. This is to know the one that can be referenced from ie. GameObjects
Refreshing native plugins compatible for Editor in 9.49 ms, found 14 plugins.
Preloading 0 native plugins for Editor in 0.00 ms.
Unloading 80 Unused Serialized files (Serialized files now loaded: 0)
Unloading 6433 unused Assets / (14.4 MB). Loaded Objects now: 7084.
Memory consumption went from 0.88 GB to 0.86 GB.
Total: 12.028100 ms (FindLiveObjects: 0.485600 ms CreateObjectMapping: 0.336600 ms MarkObjects: 3.684600 ms  DeleteObjects: 7.520200 ms)

Prepare: number of updated asset objects reloaded= 0
========================================================================
Received Prepare
'Packages/com.unity.xr.openxr/Runtime/OpenXRLoader.cs' contains partial class of Unity.Object, exactly 1 of the partial classes needs to be in a file with the same filename. This is to know the one that can be referenced from ie. GameObjects
'Packages/com.unity.xr.openxr/Runtime/OpenXRLoaderInternal.cs' contains partial class of Unity.Object, exactly 1 of the partial classes needs to be in a file with the same filename. This is to know the one that can be referenced from ie. GameObjects
Refreshing native plugins compatible for Editor in 10.10 ms, found 14 plugins.
Preloading 0 native plugins for Editor in 0.00 ms.
Unloading 80 Unused Serialized files (Serialized files now loaded: 0)
Unloading 6433 unused Assets / (14.5 MB). Loaded Objects now: 7084.
Memory consumption went from 0.88 GB to 0.86 GB.
Total: 13.999800 ms (FindLiveObjects: 0.722200 ms CreateObjectMapping: 0.419200 ms MarkObjects: 5.310400 ms  DeleteObjects: 7.546400 ms)

Prepare: number of updated asset objects reloaded= 0
========================================================================
Received Prepare
'Packages/com.unity.xr.openxr/Runtime/OpenXRLoader.cs' contains partial class of Unity.Object, exactly 1 of the partial classes needs to be in a file with the same filename. This is to know the one that can be referenced from ie. GameObjects
'Packages/com.unity.xr.openxr/Runtime/OpenXRLoaderInternal.cs' contains partial class of Unity.Object, exactly 1 of the partial classes needs to be in a file with the same filename. This is to know the one that can be referenced from ie. GameObjects
Refreshing native plugins compatible for Editor in 10.72 ms, found 14 plugins.
Preloading 0 native plugins for Editor in 0.00 ms.
Unloading 80 Unused Serialized files (Serialized files now loaded: 0)
Unloading 6433 unused Assets / (14.1 MB). Loaded Objects now: 7084.
Memory consumption went from 0.88 GB to 0.86 GB.
Total: 10.806500 ms (FindLiveObjects: 0.483100 ms CreateObjectMapping: 0.317000 ms MarkObjects: 3.923700 ms  DeleteObjects: 6.081500 ms)

Prepare: number of updated asset objects reloaded= 0
========================================================================
Received Prepare
'Packages/com.unity.xr.openxr/Runtime/OpenXRLoader.cs' contains partial class of Unity.Object, exactly 1 of the partial classes needs to be in a file with the same filename. This is to know the one that can be referenced from ie. GameObjects
'Packages/com.unity.xr.openxr/Runtime/OpenXRLoaderInternal.cs' contains partial class of Unity.Object, exactly 1 of the partial classes needs to be in a file with the same filename. This is to know the one that can be referenced from ie. GameObjects
Refreshing native plugins compatible for Editor in 9.43 ms, found 14 plugins.
Preloading 0 native plugins for Editor in 0.00 ms.
Unloading 80 Unused Serialized files (Serialized files now loaded: 0)
Unloading 6433 unused Assets / (14.4 MB). Loaded Objects now: 7084.
Memory consumption went from 0.88 GB to 0.86 GB.
Total: 14.155600 ms (FindLiveObjects: 0.502100 ms CreateObjectMapping: 0.310900 ms MarkObjects: 5.886800 ms  DeleteObjects: 7.453700 ms)

Prepare: number of updated asset objects reloaded= 0
========================================================================
Received Prepare
'Packages/com.unity.xr.openxr/Runtime/OpenXRLoader.cs' contains partial class of Unity.Object, exactly 1 of the partial classes needs to be in a file with the same filename. This is to know the one that can be referenced from ie. GameObjects
'Packages/com.unity.xr.openxr/Runtime/OpenXRLoaderInternal.cs' contains partial class of Unity.Object, exactly 1 of the partial classes needs to be in a file with the same filename. This is to know the one that can be referenced from ie. GameObjects
Refreshing native plugins compatible for Editor in 9.28 ms, found 14 plugins.
Preloading 0 native plugins for Editor in 0.00 ms.
Unloading 80 Unused Serialized files (Serialized files now loaded: 0)
Unloading 6433 unused Assets / (14.4 MB). Loaded Objects now: 7084.
Memory consumption went from 0.88 GB to 0.86 GB.
Total: 11.952000 ms (FindLiveObjects: 0.436900 ms CreateObjectMapping: 0.290200 ms MarkObjects: 4.536200 ms  DeleteObjects: 6.686900 ms)

Prepare: number of updated asset objects reloaded= 0
========================================================================
Received Prepare
'Packages/com.unity.xr.openxr/Runtime/OpenXRLoader.cs' contains partial class of Unity.Object, exactly 1 of the partial classes needs to be in a file with the same filename. This is to know the one that can be referenced from ie. GameObjects
'Packages/com.unity.xr.openxr/Runtime/OpenXRLoaderInternal.cs' contains partial class of Unity.Object, exactly 1 of the partial classes needs to be in a file with the same filename. This is to know the one that can be referenced from ie. GameObjects
Refreshing native plugins compatible for Editor in 10.62 ms, found 14 plugins.
Preloading 0 native plugins for Editor in 0.00 ms.
Unloading 80 Unused Serialized files (Serialized files now loaded: 0)
Unloading 6433 unused Assets / (14.3 MB). Loaded Objects now: 7084.
Memory consumption went from 0.88 GB to 0.86 GB.
Total: 12.106700 ms (FindLiveObjects: 0.648100 ms CreateObjectMapping: 0.473300 ms MarkObjects: 5.054400 ms  DeleteObjects: 5.927400 ms)

Prepare: number of updated asset objects reloaded= 0
========================================================================
Received Prepare
'Packages/com.unity.xr.openxr/Runtime/OpenXRLoader.cs' contains partial class of Unity.Object, exactly 1 of the partial classes needs to be in a file with the same filename. This is to know the one that can be referenced from ie. GameObjects
'Packages/com.unity.xr.openxr/Runtime/OpenXRLoaderInternal.cs' contains partial class of Unity.Object, exactly 1 of the partial classes needs to be in a file with the same filename. This is to know the one that can be referenced from ie. GameObjects
Refreshing native plugins compatible for Editor in 8.64 ms, found 14 plugins.
Preloading 0 native plugins for Editor in 0.00 ms.
Unloading 80 Unused Serialized files (Serialized files now loaded: 0)
Unloading 6433 unused Assets / (14.5 MB). Loaded Objects now: 7084.
Memory consumption went from 0.88 GB to 0.86 GB.
Total: 10.761800 ms (FindLiveObjects: 0.457700 ms CreateObjectMapping: 0.583600 ms MarkObjects: 3.935500 ms  DeleteObjects: 5.782600 ms)

Prepare: number of updated asset objects reloaded= 0
========================================================================
Received Prepare
'Packages/com.unity.xr.openxr/Runtime/OpenXRLoader.cs' contains partial class of Unity.Object, exactly 1 of the partial classes needs to be in a file with the same filename. This is to know the one that can be referenced from ie. GameObjects
'Packages/com.unity.xr.openxr/Runtime/OpenXRLoaderInternal.cs' contains partial class of Unity.Object, exactly 1 of the partial classes needs to be in a file with the same filename. This is to know the one that can be referenced from ie. GameObjects
Refreshing native plugins compatible for Editor in 9.40 ms, found 14 plugins.
Preloading 0 native plugins for Editor in 0.00 ms.
Unloading 80 Unused Serialized files (Serialized files now loaded: 0)
Unloading 6433 unused Assets / (14.5 MB). Loaded Objects now: 7084.
Memory consumption went from 0.88 GB to 0.86 GB.
Total: 13.303500 ms (FindLiveObjects: 0.770100 ms CreateObjectMapping: 0.461200 ms MarkObjects: 5.936100 ms  DeleteObjects: 6.131800 ms)

Prepare: number of updated asset objects reloaded= 0
========================================================================
Received Prepare
'Packages/com.unity.xr.openxr/Runtime/OpenXRLoader.cs' contains partial class of Unity.Object, exactly 1 of the partial classes needs to be in a file with the same filename. This is to know the one that can be referenced from ie. GameObjects
'Packages/com.unity.xr.openxr/Runtime/OpenXRLoaderInternal.cs' contains partial class of Unity.Object, exactly 1 of the partial classes needs to be in a file with the same filename. This is to know the one that can be referenced from ie. GameObjects
Refreshing native plugins compatible for Editor in 9.45 ms, found 14 plugins.
Preloading 0 native plugins for Editor in 0.00 ms.
Unloading 80 Unused Serialized files (Serialized files now loaded: 0)
Unloading 6433 unused Assets / (14.6 MB). Loaded Objects now: 7084.
Memory consumption went from 0.88 GB to 0.86 GB.
Total: 11.068300 ms (FindLiveObjects: 0.455700 ms CreateObjectMapping: 0.280500 ms MarkObjects: 3.673100 ms  DeleteObjects: 6.657800 ms)

Prepare: number of updated asset objects reloaded= 0
========================================================================
Received Prepare
'Packages/com.unity.xr.openxr/Runtime/OpenXRLoader.cs' contains partial class of Unity.Object, exactly 1 of the partial classes needs to be in a file with the same filename. This is to know the one that can be referenced from ie. GameObjects
'Packages/com.unity.xr.openxr/Runtime/OpenXRLoaderInternal.cs' contains partial class of Unity.Object, exactly 1 of the partial classes needs to be in a file with the same filename. This is to know the one that can be referenced from ie. GameObjects
Refreshing native plugins compatible for Editor in 11.78 ms, found 14 plugins.
Preloading 0 native plugins for Editor in 0.00 ms.
Unloading 80 Unused Serialized files (Serialized files now loaded: 0)
Unloading 6433 unused Assets / (14.7 MB). Loaded Objects now: 7084.
Memory consumption went from 0.88 GB to 0.86 GB.
Total: 55.088000 ms (FindLiveObjects: 1.151400 ms CreateObjectMapping: 0.301300 ms MarkObjects: 46.839300 ms  DeleteObjects: 6.793400 ms)

Prepare: number of updated asset objects reloaded= 0
========================================================================
Received Prepare
'Packages/com.unity.xr.openxr/Runtime/OpenXRLoader.cs' contains partial class of Unity.Object, exactly 1 of the partial classes needs to be in a file with the same filename. This is to know the one that can be referenced from ie. GameObjects
'Packages/com.unity.xr.openxr/Runtime/OpenXRLoaderInternal.cs' contains partial class of Unity.Object, exactly 1 of the partial classes needs to be in a file with the same filename. This is to know the one that can be referenced from ie. GameObjects
Refreshing native plugins compatible for Editor in 8.56 ms, found 14 plugins.
Preloading 0 native plugins for Editor in 0.00 ms.
Unloading 80 Unused Serialized files (Serialized files now loaded: 0)
Unloading 6433 unused Assets / (14.4 MB). Loaded Objects now: 7084.
Memory consumption went from 0.88 GB to 0.86 GB.
Total: 11.382400 ms (FindLiveObjects: 0.494700 ms CreateObjectMapping: 0.295300 ms MarkObjects: 4.588300 ms  DeleteObjects: 6.002400 ms)

Prepare: number of updated asset objects reloaded= 0
========================================================================
Received Prepare
Begin MonoManager ReloadAssembly
C:\build\output\Unity-Technologies\mono\mono\metadata\icall.c:1842:
C:\build\output\Unity-Technologies\mono\mono\metadata\icall.c:1842:
C:\build\output\Unity-Technologies\mono\mono\metadata\icall.c:1842:
C:\build\output\Unity-Technologies\mono\mono\metadata\icall.c:1842:
C:\build\output\Unity-Technologies\mono\mono\metadata\icall.c:1842:
C:\build\output\Unity-Technologies\mono\mono\metadata\icall.c:1842:
C:\build\output\Unity-Technologies\mono\mono\metadata\icall.c:1842:
C:\build\output\Unity-Technologies\mono\mono\metadata\icall.c:1842:
C:\build\output\Unity-Technologies\mono\mono\metadata\icall.c:1842:
C:\build\output\Unity-Technologies\mono\mono\metadata\icall.c:1842:
C:\build\output\Unity-Technologies\mono\mono\metadata\icall.c:1842:
C:\build\output\Unity-Technologies\mono\mono\metadata\icall.c:1842:
Symbol file LoadedFromMemory is not a mono symbol file
- Loaded All Assemblies, in  7.817 seconds
'Packages/com.unity.xr.openxr/Runtime/OpenXRLoader.cs' contains partial class of Unity.Object, exactly 1 of the partial classes needs to be in a file with the same filename. This is to know the one that can be referenced from ie. GameObjects
'Packages/com.unity.xr.openxr/Runtime/OpenXRLoaderInternal.cs' contains partial class of Unity.Object, exactly 1 of the partial classes needs to be in a file with the same filename. This is to know the one that can be referenced from ie. GameObjects
Refreshing native plugins compatible for Editor in 26.28 ms, found 14 plugins.
Native extension for iOS target not found
Native extension for Android target not found
Native extension for WindowsStandalone target not found
[Package Manager] Failed to launch server process. Reason: Unity was launched with the -noUpm command-line argument
[Package Manager] Unable to send message (not connected to server process).
[Package Manager] Cannot connect to Unity Package Manager local server
Mono: successfully reloaded assembly
[Package Manager] Failed to launch server process. Reason: Unity was launched with the -noUpm command-line argument
[Package Manager] Unable to send message (not connected to server process).
[Package Manager] Cannot connect to Unity Package Manager local server
- Finished resetting the current domain, in  2.794 seconds
Domain Reload Profiling: 10615ms
	BeginReloadAssembly (3908ms)
		ExecutionOrderSort (0ms)
		DisableScriptedObjects (473ms)
		BackupInstance (0ms)
		ReleaseScriptingObjects (5ms)
		CreateAndSetChildDomain (1754ms)
	RebuildCommonClasses (66ms)
	RebuildNativeTypeToScriptingClass (13ms)
	initialDomainReloadingComplete (146ms)
	LoadAllAssembliesAndSetupDomain (3682ms)
		LoadAssemblies (4115ms)
		RebuildTransferFunctionScriptingTraits (0ms)
		AnalyzeDomain (323ms)
			TypeCache.Refresh (45ms)
				TypeCache.ScanAssembly (4ms)
			BuildScriptInfoCaches (208ms)
			ResolveRequiredComponents (14ms)
	FinalizeReload (2800ms)
		ReleaseScriptCaches (0ms)
		RebuildScriptCaches (0ms)
		SetupLoadedEditorAssemblies (2162ms)
			LogAssemblyErrors (0ms)
			InitializePlatformSupportModulesInManaged (44ms)
			SetLoadedEditorAssemblies (18ms)
			BeforeProcessingInitializeOnLoad (118ms)
			ProcessInitializeOnLoadAttributes (671ms)
			ProcessInitializeOnLoadMethodAttributes (1279ms)
			AfterProcessingInitializeOnLoad (9ms)
			EditorAssembliesLoaded (22ms)
		ExecutionOrderSort2 (0ms)
		AwakeInstancesAfterBackupRestoration (21ms)
Refreshing native plugins compatible for Editor in 29.70 ms, found 14 plugins.
Preloading 0 native plugins for Editor in 0.00 ms.
Unloading 153 Unused Serialized files (Serialized files now loaded: 0)
Unloading 6580 unused Assets / (15.1 MB). Loaded Objects now: 7101.
Memory consumption went from 0.88 GB to 0.87 GB.
Total: 30.493500 ms (FindLiveObjects: 3.215400 ms CreateObjectMapping: 0.292700 ms MarkObjects: 14.825900 ms  DeleteObjects: 12.157600 ms)

Prepare: number of updated asset objects reloaded= 0
========================================================================
Received Prepare
'Packages/com.unity.xr.openxr/Runtime/OpenXRLoader.cs' contains partial class of Unity.Object, exactly 1 of the partial classes needs to be in a file with the same filename. This is to know the one that can be referenced from ie. GameObjects
'Packages/com.unity.xr.openxr/Runtime/OpenXRLoaderInternal.cs' contains partial class of Unity.Object, exactly 1 of the partial classes needs to be in a file with the same filename. This is to know the one that can be referenced from ie. GameObjects
Refreshing native plugins compatible for Editor in 13.43 ms, found 14 plugins.
Preloading 0 native plugins for Editor in 0.00 ms.
Unloading 82 Unused Serialized files (Serialized files now loaded: 0)
Unloading 6433 unused Assets / (14.4 MB). Loaded Objects now: 7085.
Memory consumption went from 0.88 GB to 0.87 GB.
Total: 12.854700 ms (FindLiveObjects: 0.459300 ms CreateObjectMapping: 0.425300 ms MarkObjects: 6.006700 ms  DeleteObjects: 5.961300 ms)

Prepare: number of updated asset objects reloaded= 0
========================================================================
Received Prepare
'Packages/com.unity.xr.openxr/Runtime/OpenXRLoader.cs' contains partial class of Unity.Object, exactly 1 of the partial classes needs to be in a file with the same filename. This is to know the one that can be referenced from ie. GameObjects
'Packages/com.unity.xr.openxr/Runtime/OpenXRLoaderInternal.cs' contains partial class of Unity.Object, exactly 1 of the partial classes needs to be in a file with the same filename. This is to know the one that can be referenced from ie. GameObjects
Refreshing native plugins compatible for Editor in 9.28 ms, found 14 plugins.
Preloading 0 native plugins for Editor in 0.00 ms.
Unloading 80 Unused Serialized files (Serialized files now loaded: 0)
Unloading 6433 unused Assets / (13.9 MB). Loaded Objects now: 7085.
Memory consumption went from 0.88 GB to 0.87 GB.
Total: 10.791800 ms (FindLiveObjects: 0.436000 ms CreateObjectMapping: 0.440200 ms MarkObjects: 3.800200 ms  DeleteObjects: 6.114200 ms)

Prepare: number of updated asset objects reloaded= 0
========================================================================
Received Prepare
Begin MonoManager ReloadAssembly
C:\build\output\Unity-Technologies\mono\mono\metadata\icall.c:1842:
C:\build\output\Unity-Technologies\mono\mono\metadata\icall.c:1842:
C:\build\output\Unity-Technologies\mono\mono\metadata\icall.c:1842:
C:\build\output\Unity-Technologies\mono\mono\metadata\icall.c:1842:
C:\build\output\Unity-Technologies\mono\mono\metadata\icall.c:1842:
C:\build\output\Unity-Technologies\mono\mono\metadata\icall.c:1842:
C:\build\output\Unity-Technologies\mono\mono\metadata\icall.c:1842:
C:\build\output\Unity-Technologies\mono\mono\metadata\icall.c:1842:
C:\build\output\Unity-Technologies\mono\mono\metadata\icall.c:1842:
C:\build\output\Unity-Technologies\mono\mono\metadata\icall.c:1842:
C:\build\output\Unity-Technologies\mono\mono\metadata\icall.c:1842:
C:\build\output\Unity-Technologies\mono\mono\metadata\icall.c:1842:
Symbol file LoadedFromMemory is not a mono symbol file
- Loaded All Assemblies, in  4.533 seconds
'Packages/com.unity.xr.openxr/Runtime/OpenXRLoader.cs' contains partial class of Unity.Object, exactly 1 of the partial classes needs to be in a file with the same filename. This is to know the one that can be referenced from ie. GameObjects
'Packages/com.unity.xr.openxr/Runtime/OpenXRLoaderInternal.cs' contains partial class of Unity.Object, exactly 1 of the partial classes needs to be in a file with the same filename. This is to know the one that can be referenced from ie. GameObjects
Refreshing native plugins compatible for Editor in 14.08 ms, found 14 plugins.
Native extension for iOS target not found
Native extension for Android target not found
Native extension for WindowsStandalone target not found
[Package Manager] Failed to launch server process. Reason: Unity was launched with the -noUpm command-line argument
[Package Manager] Unable to send message (not connected to server process).
[Package Manager] Cannot connect to Unity Package Manager local server
Mono: successfully reloaded assembly
[Package Manager] Failed to launch server process. Reason: Unity was launched with the -noUpm command-line argument
[Package Manager] Unable to send message (not connected to server process).
[Package Manager] Cannot connect to Unity Package Manager local server
- Finished resetting the current domain, in  5.452 seconds
Domain Reload Profiling: 9996ms
	BeginReloadAssembly (1935ms)
		ExecutionOrderSort (0ms)
		DisableScriptedObjects (65ms)
		BackupInstance (0ms)
		ReleaseScriptingObjects (14ms)
		CreateAndSetChildDomain (943ms)
	RebuildCommonClasses (66ms)
	RebuildNativeTypeToScriptingClass (17ms)
	initialDomainReloadingComplete (51ms)
	LoadAllAssembliesAndSetupDomain (2467ms)
		LoadAssemblies (1980ms)
		RebuildTransferFunctionScriptingTraits (0ms)
		AnalyzeDomain (781ms)
			TypeCache.Refresh (145ms)
				TypeCache.ScanAssembly (11ms)
			BuildScriptInfoCaches (555ms)
			ResolveRequiredComponents (26ms)
	FinalizeReload (5460ms)
		ReleaseScriptCaches (0ms)
		RebuildScriptCaches (0ms)
		SetupLoadedEditorAssemblies (4962ms)
			LogAssemblyErrors (0ms)
			InitializePlatformSupportModulesInManaged (43ms)
			SetLoadedEditorAssemblies (6ms)
			BeforeProcessingInitializeOnLoad (73ms)
			ProcessInitializeOnLoadAttributes (666ms)
			ProcessInitializeOnLoadMethodAttributes (4143ms)
			AfterProcessingInitializeOnLoad (10ms)
			EditorAssembliesLoaded (21ms)
		ExecutionOrderSort2 (0ms)
		AwakeInstancesAfterBackupRestoration (22ms)
Refreshing native plugins compatible for Editor in 13.44 ms, found 14 plugins.
Preloading 0 native plugins for Editor in 0.00 ms.
Unloading 153 Unused Serialized files (Serialized files now loaded: 0)
Unloading 6580 unused Assets / (14.9 MB). Loaded Objects now: 7102.
Memory consumption went from 0.88 GB to 0.87 GB.
Total: 65.344100 ms (FindLiveObjects: 3.861800 ms CreateObjectMapping: 0.630000 ms MarkObjects: 22.727900 ms  DeleteObjects: 38.121200 ms)

Prepare: number of updated asset objects reloaded= 0
========================================================================
Received Prepare
'Packages/com.unity.xr.openxr/Runtime/OpenXRLoader.cs' contains partial class of Unity.Object, exactly 1 of the partial classes needs to be in a file with the same filename. This is to know the one that can be referenced from ie. GameObjects
'Packages/com.unity.xr.openxr/Runtime/OpenXRLoaderInternal.cs' contains partial class of Unity.Object, exactly 1 of the partial classes needs to be in a file with the same filename. This is to know the one that can be referenced from ie. GameObjects
Refreshing native plugins compatible for Editor in 12.11 ms, found 14 plugins.
Preloading 0 native plugins for Editor in 0.00 ms.
Unloading 82 Unused Serialized files (Serialized files now loaded: 0)
Unloading 6433 unused Assets / (14.1 MB). Loaded Objects now: 7086.
Memory consumption went from 0.88 GB to 0.87 GB.
Total: 40.360100 ms (FindLiveObjects: 0.869000 ms CreateObjectMapping: 0.423100 ms MarkObjects: 32.301100 ms  DeleteObjects: 6.763700 ms)

Prepare: number of updated asset objects reloaded= 0
========================================================================
Received Prepare
'Packages/com.unity.xr.openxr/Runtime/OpenXRLoader.cs' contains partial class of Unity.Object, exactly 1 of the partial classes needs to be in a file with the same filename. This is to know the one that can be referenced from ie. GameObjects
'Packages/com.unity.xr.openxr/Runtime/OpenXRLoaderInternal.cs' contains partial class of Unity.Object, exactly 1 of the partial classes needs to be in a file with the same filename. This is to know the one that can be referenced from ie. GameObjects
Refreshing native plugins compatible for Editor in 10.66 ms, found 14 plugins.
Preloading 0 native plugins for Editor in 0.00 ms.
Unloading 80 Unused Serialized files (Serialized files now loaded: 0)
Unloading 6433 unused Assets / (14.2 MB). Loaded Objects now: 7086.
Memory consumption went from 0.88 GB to 0.87 GB.
Total: 12.051900 ms (FindLiveObjects: 0.490200 ms CreateObjectMapping: 0.319900 ms MarkObjects: 4.862400 ms  DeleteObjects: 6.377700 ms)

Prepare: number of updated asset objects reloaded= 0
========================================================================
Received Prepare
Begin MonoManager ReloadAssembly
C:\build\output\Unity-Technologies\mono\mono\metadata\icall.c:1842:
C:\build\output\Unity-Technologies\mono\mono\metadata\icall.c:1842:
C:\build\output\Unity-Technologies\mono\mono\metadata\icall.c:1842:
C:\build\output\Unity-Technologies\mono\mono\metadata\icall.c:1842:
C:\build\output\Unity-Technologies\mono\mono\metadata\icall.c:1842:
C:\build\output\Unity-Technologies\mono\mono\metadata\icall.c:1842:
C:\build\output\Unity-Technologies\mono\mono\metadata\icall.c:1842:
C:\build\output\Unity-Technologies\mono\mono\metadata\icall.c:1842:
C:\build\output\Unity-Technologies\mono\mono\metadata\icall.c:1842:
C:\build\output\Unity-Technologies\mono\mono\metadata\icall.c:1842:
C:\build\output\Unity-Technologies\mono\mono\metadata\icall.c:1842:
C:\build\output\Unity-Technologies\mono\mono\metadata\icall.c:1842:
Symbol file LoadedFromMemory is not a mono symbol file
- Loaded All Assemblies, in  3.624 seconds
'Packages/com.unity.xr.openxr/Runtime/OpenXRLoader.cs' contains partial class of Unity.Object, exactly 1 of the partial classes needs to be in a file with the same filename. This is to know the one that can be referenced from ie. GameObjects
'Packages/com.unity.xr.openxr/Runtime/OpenXRLoaderInternal.cs' contains partial class of Unity.Object, exactly 1 of the partial classes needs to be in a file with the same filename. This is to know the one that can be referenced from ie. GameObjects
Refreshing native plugins compatible for Editor in 29.29 ms, found 14 plugins.
Native extension for iOS target not found
Native extension for Android target not found
Native extension for WindowsStandalone target not found
[Package Manager] Failed to launch server process. Reason: Unity was launched with the -noUpm command-line argument
[Package Manager] Unable to send message (not connected to server process).
[Package Manager] Cannot connect to Unity Package Manager local server
Mono: successfully reloaded assembly
[Package Manager] Failed to launch server process. Reason: Unity was launched with the -noUpm command-line argument
[Package Manager] Unable to send message (not connected to server process).
[Package Manager] Cannot connect to Unity Package Manager local server
- Finished resetting the current domain, in  3.136 seconds
Domain Reload Profiling: 6781ms
	BeginReloadAssembly (1600ms)
		ExecutionOrderSort (0ms)
		DisableScriptedObjects (83ms)
		BackupInstance (0ms)
		ReleaseScriptingObjects (3ms)
		CreateAndSetChildDomain (827ms)
	RebuildCommonClasses (46ms)
	RebuildNativeTypeToScriptingClass (14ms)
	initialDomainReloadingComplete (50ms)
	LoadAllAssembliesAndSetupDomain (1929ms)
		LoadAssemblies (1532ms)
		RebuildTransferFunctionScriptingTraits (0ms)
		AnalyzeDomain (763ms)
			TypeCache.Refresh (164ms)
				TypeCache.ScanAssembly (11ms)
			BuildScriptInfoCaches (505ms)
			ResolveRequiredComponents (26ms)
	FinalizeReload (3141ms)
		ReleaseScriptCaches (0ms)
		RebuildScriptCaches (0ms)
		SetupLoadedEditorAssemblies (2626ms)
			LogAssemblyErrors (0ms)
			InitializePlatformSupportModulesInManaged (31ms)
			SetLoadedEditorAssemblies (5ms)
			BeforeProcessingInitializeOnLoad (62ms)
			ProcessInitializeOnLoadAttributes (517ms)
			ProcessInitializeOnLoadMethodAttributes (1993ms)
			AfterProcessingInitializeOnLoad (5ms)
			EditorAssembliesLoaded (12ms)
		ExecutionOrderSort2 (0ms)
		AwakeInstancesAfterBackupRestoration (27ms)
Refreshing native plugins compatible for Editor in 42.36 ms, found 14 plugins.
Preloading 0 native plugins for Editor in 0.00 ms.
Unloading 153 Unused Serialized files (Serialized files now loaded: 0)
Unloading 6580 unused Assets / (15.0 MB). Loaded Objects now: 7103.
Memory consumption went from 0.89 GB to 0.87 GB.
Total: 47.825400 ms (FindLiveObjects: 2.259400 ms CreateObjectMapping: 0.343700 ms MarkObjects: 16.581000 ms  DeleteObjects: 28.638500 ms)

Prepare: number of updated asset objects reloaded= 0
========================================================================
Received Prepare
Begin MonoManager ReloadAssembly
C:\build\output\Unity-Technologies\mono\mono\metadata\icall.c:1842:
C:\build\output\Unity-Technologies\mono\mono\metadata\icall.c:1842:
C:\build\output\Unity-Technologies\mono\mono\metadata\icall.c:1842:
C:\build\output\Unity-Technologies\mono\mono\metadata\icall.c:1842:
C:\build\output\Unity-Technologies\mono\mono\metadata\icall.c:1842:
C:\build\output\Unity-Technologies\mono\mono\metadata\icall.c:1842:
C:\build\output\Unity-Technologies\mono\mono\metadata\icall.c:1842:
C:\build\output\Unity-Technologies\mono\mono\metadata\icall.c:1842:
C:\build\output\Unity-Technologies\mono\mono\metadata\icall.c:1842:
C:\build\output\Unity-Technologies\mono\mono\metadata\icall.c:1842:
C:\build\output\Unity-Technologies\mono\mono\metadata\icall.c:1842:
C:\build\output\Unity-Technologies\mono\mono\metadata\icall.c:1842:
Symbol file LoadedFromMemory is not a mono symbol file
- Loaded All Assemblies, in  5.549 seconds
'Packages/com.unity.xr.openxr/Runtime/OpenXRLoader.cs' contains partial class of Unity.Object, exactly 1 of the partial classes needs to be in a file with the same filename. This is to know the one that can be referenced from ie. GameObjects
'Packages/com.unity.xr.openxr/Runtime/OpenXRLoaderInternal.cs' contains partial class of Unity.Object, exactly 1 of the partial classes needs to be in a file with the same filename. This is to know the one that can be referenced from ie. GameObjects
Refreshing native plugins compatible for Editor in 31.62 ms, found 14 plugins.
Native extension for iOS target not found
Native extension for Android target not found
Native extension for WindowsStandalone target not found
[Package Manager] Failed to launch server process. Reason: Unity was launched with the -noUpm command-line argument
[Package Manager] Unable to send message (not connected to server process).
[Package Manager] Cannot connect to Unity Package Manager local server
Mono: successfully reloaded assembly
[Package Manager] Failed to launch server process. Reason: Unity was launched with the -noUpm command-line argument
[Package Manager] Unable to send message (not connected to server process).
[Package Manager] Cannot connect to Unity Package Manager local server
- Finished resetting the current domain, in  2.951 seconds
Domain Reload Profiling: 8508ms
	BeginReloadAssembly (2643ms)
		ExecutionOrderSort (1ms)
		DisableScriptedObjects (159ms)
		BackupInstance (0ms)
		ReleaseScriptingObjects (6ms)
		CreateAndSetChildDomain (1266ms)
	RebuildCommonClasses (49ms)
	RebuildNativeTypeToScriptingClass (15ms)
	initialDomainReloadingComplete (51ms)
	LoadAllAssembliesAndSetupDomain (2793ms)
		LoadAssemblies (2562ms)
		RebuildTransferFunctionScriptingTraits (0ms)
		AnalyzeDomain (465ms)
			TypeCache.Refresh (132ms)
				TypeCache.ScanAssembly (7ms)
			BuildScriptInfoCaches (263ms)
			ResolveRequiredComponents (18ms)
	FinalizeReload (2956ms)
		ReleaseScriptCaches (0ms)
		RebuildScriptCaches (0ms)
		SetupLoadedEditorAssemblies (2415ms)
			LogAssemblyErrors (0ms)
			InitializePlatformSupportModulesInManaged (37ms)
			SetLoadedEditorAssemblies (7ms)
			BeforeProcessingInitializeOnLoad (69ms)
			ProcessInitializeOnLoadAttributes (619ms)
			ProcessInitializeOnLoadMethodAttributes (1590ms)
			AfterProcessingInitializeOnLoad (14ms)
			EditorAssembliesLoaded (79ms)
		ExecutionOrderSort2 (0ms)
		AwakeInstancesAfterBackupRestoration (30ms)
Refreshing native plugins compatible for Editor in 10.75 ms, found 14 plugins.
Preloading 0 native plugins for Editor in 0.00 ms.
Unloading 155 Unused Serialized files (Serialized files now loaded: 0)
Unloading 6580 unused Assets / (13.4 MB). Loaded Objects now: 7104.
Memory consumption went from 0.89 GB to 0.88 GB.
Total: 25.440300 ms (FindLiveObjects: 2.444400 ms CreateObjectMapping: 0.345100 ms MarkObjects: 11.632600 ms  DeleteObjects: 11.015700 ms)

Prepare: number of updated asset objects reloaded= 0
========================================================================
Received Prepare
'Packages/com.unity.xr.openxr/Runtime/OpenXRLoader.cs' contains partial class of Unity.Object, exactly 1 of the partial classes needs to be in a file with the same filename. This is to know the one that can be referenced from ie. GameObjects
'Packages/com.unity.xr.openxr/Runtime/OpenXRLoaderInternal.cs' contains partial class of Unity.Object, exactly 1 of the partial classes needs to be in a file with the same filename. This is to know the one that can be referenced from ie. GameObjects
Refreshing native plugins compatible for Editor in 9.20 ms, found 14 plugins.
Preloading 0 native plugins for Editor in 0.00 ms.
Unloading 82 Unused Serialized files (Serialized files now loaded: 0)
Unloading 6433 unused Assets / (14.4 MB). Loaded Objects now: 7088.
Memory consumption went from 0.89 GB to 0.87 GB.
Total: 192.817600 ms (FindLiveObjects: 2.389400 ms CreateObjectMapping: 1.265100 ms MarkObjects: 181.955600 ms  DeleteObjects: 7.204000 ms)

Prepare: number of updated asset objects reloaded= 0
========================================================================
Received Prepare
'Packages/com.unity.xr.openxr/Runtime/OpenXRLoader.cs' contains partial class of Unity.Object, exactly 1 of the partial classes needs to be in a file with the same filename. This is to know the one that can be referenced from ie. GameObjects
'Packages/com.unity.xr.openxr/Runtime/OpenXRLoaderInternal.cs' contains partial class of Unity.Object, exactly 1 of the partial classes needs to be in a file with the same filename. This is to know the one that can be referenced from ie. GameObjects
Refreshing native plugins compatible for Editor in 10.81 ms, found 14 plugins.
Preloading 0 native plugins for Editor in 0.00 ms.
Unloading 80 Unused Serialized files (Serialized files now loaded: 0)
Unloading 6433 unused Assets / (14.7 MB). Loaded Objects now: 7088.
Memory consumption went from 0.89 GB to 0.87 GB.
Total: 11.359800 ms (FindLiveObjects: 0.545600 ms CreateObjectMapping: 0.327600 ms MarkObjects: 3.961500 ms  DeleteObjects: 6.523300 ms)

Prepare: number of updated asset objects reloaded= 0
========================================================================
Received Prepare
Begin MonoManager ReloadAssembly
C:\build\output\Unity-Technologies\mono\mono\metadata\icall.c:1842:
C:\build\output\Unity-Technologies\mono\mono\metadata\icall.c:1842:
C:\build\output\Unity-Technologies\mono\mono\metadata\icall.c:1842:
C:\build\output\Unity-Technologies\mono\mono\metadata\icall.c:1842:
C:\build\output\Unity-Technologies\mono\mono\metadata\icall.c:1842:
C:\build\output\Unity-Technologies\mono\mono\metadata\icall.c:1842:
C:\build\output\Unity-Technologies\mono\mono\metadata\icall.c:1842:
C:\build\output\Unity-Technologies\mono\mono\metadata\icall.c:1842:
C:\build\output\Unity-Technologies\mono\mono\metadata\icall.c:1842:
C:\build\output\Unity-Technologies\mono\mono\metadata\icall.c:1842:
C:\build\output\Unity-Technologies\mono\mono\metadata\icall.c:1842:
C:\build\output\Unity-Technologies\mono\mono\metadata\icall.c:1842:
Symbol file LoadedFromMemory is not a mono symbol file
- Loaded All Assemblies, in  5.531 seconds
'Packages/com.unity.xr.openxr/Runtime/OpenXRLoader.cs' contains partial class of Unity.Object, exactly 1 of the partial classes needs to be in a file with the same filename. This is to know the one that can be referenced from ie. GameObjects
'Packages/com.unity.xr.openxr/Runtime/OpenXRLoaderInternal.cs' contains partial class of Unity.Object, exactly 1 of the partial classes needs to be in a file with the same filename. This is to know the one that can be referenced from ie. GameObjects
Refreshing native plugins compatible for Editor in 24.49 ms, found 14 plugins.
Native extension for iOS target not found
Native extension for Android target not found
Native extension for WindowsStandalone target not found
[Package Manager] Failed to launch server process. Reason: Unity was launched with the -noUpm command-line argument
[Package Manager] Unable to send message (not connected to server process).
[Package Manager] Cannot connect to Unity Package Manager local server
Mono: successfully reloaded assembly
[Package Manager] Failed to launch server process. Reason: Unity was launched with the -noUpm command-line argument
[Package Manager] Unable to send message (not connected to server process).
[Package Manager] Cannot connect to Unity Package Manager local server
- Finished resetting the current domain, in  3.867 seconds
Domain Reload Profiling: 9411ms
	BeginReloadAssembly (1603ms)
		ExecutionOrderSort (0ms)
		DisableScriptedObjects (112ms)
		BackupInstance (0ms)
		ReleaseScriptingObjects (3ms)
		CreateAndSetChildDomain (845ms)
	RebuildCommonClasses (70ms)
	RebuildNativeTypeToScriptingClass (15ms)
	initialDomainReloadingComplete (63ms)
	LoadAllAssembliesAndSetupDomain (3787ms)
		LoadAssemblies (3315ms)
		RebuildTransferFunctionScriptingTraits (0ms)
		AnalyzeDomain (748ms)
			TypeCache.Refresh (151ms)
				TypeCache.ScanAssembly (22ms)
			BuildScriptInfoCaches (511ms)
			ResolveRequiredComponents (26ms)
	FinalizeReload (3874ms)
		ReleaseScriptCaches (0ms)
		RebuildScriptCaches (0ms)
		SetupLoadedEditorAssemblies (3326ms)
			LogAssemblyErrors (0ms)
			InitializePlatformSupportModulesInManaged (54ms)
			SetLoadedEditorAssemblies (9ms)
			BeforeProcessingInitializeOnLoad (69ms)
			ProcessInitializeOnLoadAttributes (666ms)
			ProcessInitializeOnLoadMethodAttributes (2516ms)
			AfterProcessingInitializeOnLoad (8ms)
			EditorAssembliesLoaded (4ms)
		ExecutionOrderSort2 (0ms)
		AwakeInstancesAfterBackupRestoration (24ms)
Refreshing native plugins compatible for Editor in 39.94 ms, found 14 plugins.
Preloading 0 native plugins for Editor in 0.00 ms.
Unloading 153 Unused Serialized files (Serialized files now loaded: 0)
Unloading 6580 unused Assets / (14.0 MB). Loaded Objects now: 7105.
Memory consumption went from 0.89 GB to 0.88 GB.
Total: 66.022000 ms (FindLiveObjects: 4.665100 ms CreateObjectMapping: 0.403900 ms MarkObjects: 47.564300 ms  DeleteObjects: 13.019100 ms)

Prepare: number of updated asset objects reloaded= 0
========================================================================
Received Prepare
'Packages/com.unity.xr.openxr/Runtime/OpenXRLoader.cs' contains partial class of Unity.Object, exactly 1 of the partial classes needs to be in a file with the same filename. This is to know the one that can be referenced from ie. GameObjects
'Packages/com.unity.xr.openxr/Runtime/OpenXRLoaderInternal.cs' contains partial class of Unity.Object, exactly 1 of the partial classes needs to be in a file with the same filename. This is to know the one that can be referenced from ie. GameObjects
Refreshing native plugins compatible for Editor in 9.19 ms, found 14 plugins.
Preloading 0 native plugins for Editor in 0.00 ms.
Unloading 82 Unused Serialized files (Serialized files now loaded: 0)
Unloading 6433 unused Assets / (14.5 MB). Loaded Objects now: 7089.
Memory consumption went from 0.89 GB to 0.87 GB.
Total: 40.022000 ms (FindLiveObjects: 0.711100 ms CreateObjectMapping: 0.318300 ms MarkObjects: 32.590200 ms  DeleteObjects: 6.399400 ms)

Prepare: number of updated asset objects reloaded= 0
========================================================================
Received Prepare
'Packages/com.unity.xr.openxr/Runtime/OpenXRLoader.cs' contains partial class of Unity.Object, exactly 1 of the partial classes needs to be in a file with the same filename. This is to know the one that can be referenced from ie. GameObjects
'Packages/com.unity.xr.openxr/Runtime/OpenXRLoaderInternal.cs' contains partial class of Unity.Object, exactly 1 of the partial classes needs to be in a file with the same filename. This is to know the one that can be referenced from ie. GameObjects
Refreshing native plugins compatible for Editor in 11.86 ms, found 14 plugins.
Preloading 0 native plugins for Editor in 0.00 ms.
Unloading 80 Unused Serialized files (Serialized files now loaded: 0)
Unloading 6433 unused Assets / (14.5 MB). Loaded Objects now: 7089.
Memory consumption went from 0.89 GB to 0.87 GB.
Total: 11.398500 ms (FindLiveObjects: 0.523200 ms CreateObjectMapping: 0.394900 ms MarkObjects: 3.776700 ms  DeleteObjects: 6.702700 ms)

Prepare: number of updated asset objects reloaded= 0
========================================================================
Received Prepare
Begin MonoManager ReloadAssembly
C:\build\output\Unity-Technologies\mono\mono\metadata\icall.c:1842:
C:\build\output\Unity-Technologies\mono\mono\metadata\icall.c:1842:
C:\build\output\Unity-Technologies\mono\mono\metadata\icall.c:1842:
C:\build\output\Unity-Technologies\mono\mono\metadata\icall.c:1842:
C:\build\output\Unity-Technologies\mono\mono\metadata\icall.c:1842:
C:\build\output\Unity-Technologies\mono\mono\metadata\icall.c:1842:
C:\build\output\Unity-Technologies\mono\mono\metadata\icall.c:1842:
C:\build\output\Unity-Technologies\mono\mono\metadata\icall.c:1842:
C:\build\output\Unity-Technologies\mono\mono\metadata\icall.c:1842:
C:\build\output\Unity-Technologies\mono\mono\metadata\icall.c:1842:
C:\build\output\Unity-Technologies\mono\mono\metadata\icall.c:1842:
C:\build\output\Unity-Technologies\mono\mono\metadata\icall.c:1842:
Symbol file LoadedFromMemory is not a mono symbol file
- Loaded All Assemblies, in  5.082 seconds
'Packages/com.unity.xr.openxr/Runtime/OpenXRLoader.cs' contains partial class of Unity.Object, exactly 1 of the partial classes needs to be in a file with the same filename. This is to know the one that can be referenced from ie. GameObjects
'Packages/com.unity.xr.openxr/Runtime/OpenXRLoaderInternal.cs' contains partial class of Unity.Object, exactly 1 of the partial classes needs to be in a file with the same filename. This is to know the one that can be referenced from ie. GameObjects
Refreshing native plugins compatible for Editor in 33.36 ms, found 14 plugins.
Native extension for iOS target not found
Native extension for Android target not found
Native extension for WindowsStandalone target not found
[Package Manager] Failed to launch server process. Reason: Unity was launched with the -noUpm command-line argument
[Package Manager] Unable to send message (not connected to server process).
[Package Manager] Cannot connect to Unity Package Manager local server
Mono: successfully reloaded assembly
[Package Manager] Failed to launch server process. Reason: Unity was launched with the -noUpm command-line argument
[Package Manager] Unable to send message (not connected to server process).
[Package Manager] Cannot connect to Unity Package Manager local server
- Finished resetting the current domain, in  3.485 seconds
Domain Reload Profiling: 8573ms
	BeginReloadAssembly (3344ms)
		ExecutionOrderSort (0ms)
		DisableScriptedObjects (152ms)
		BackupInstance (0ms)
		ReleaseScriptingObjects (6ms)
		CreateAndSetChildDomain (2006ms)
	RebuildCommonClasses (47ms)
	RebuildNativeTypeToScriptingClass (13ms)
	initialDomainReloadingComplete (46ms)
	LoadAllAssembliesAndSetupDomain (1631ms)
		LoadAssemblies (1179ms)
		RebuildTransferFunctionScriptingTraits (0ms)
		AnalyzeDomain (671ms)
			TypeCache.Refresh (180ms)
				TypeCache.ScanAssembly (12ms)
			BuildScriptInfoCaches (407ms)
			ResolveRequiredComponents (27ms)
	FinalizeReload (3492ms)
		ReleaseScriptCaches (0ms)
		RebuildScriptCaches (0ms)
		SetupLoadedEditorAssemblies (3075ms)
			LogAssemblyErrors (0ms)
			InitializePlatformSupportModulesInManaged (40ms)
			SetLoadedEditorAssemblies (11ms)
			BeforeProcessingInitializeOnLoad (93ms)
			ProcessInitializeOnLoadAttributes (620ms)
			ProcessInitializeOnLoadMethodAttributes (2285ms)
			AfterProcessingInitializeOnLoad (6ms)
			EditorAssembliesLoaded (20ms)
		ExecutionOrderSort2 (0ms)
		AwakeInstancesAfterBackupRestoration (23ms)
Refreshing native plugins compatible for Editor in 30.32 ms, found 14 plugins.
Preloading 0 native plugins for Editor in 0.00 ms.
Unloading 153 Unused Serialized files (Serialized files now loaded: 0)
Unloading 6580 unused Assets / (12.1 MB). Loaded Objects now: 7106.
Memory consumption went from 0.89 GB to 0.88 GB.
Total: 24.272700 ms (FindLiveObjects: 3.902200 ms CreateObjectMapping: 0.534000 ms MarkObjects: 7.805300 ms  DeleteObjects: 12.027800 ms)

Prepare: number of updated asset objects reloaded= 0
========================================================================
Received Prepare
Begin MonoManager ReloadAssembly
C:\build\output\Unity-Technologies\mono\mono\metadata\icall.c:1842:
C:\build\output\Unity-Technologies\mono\mono\metadata\icall.c:1842:
C:\build\output\Unity-Technologies\mono\mono\metadata\icall.c:1842:
C:\build\output\Unity-Technologies\mono\mono\metadata\icall.c:1842:
C:\build\output\Unity-Technologies\mono\mono\metadata\icall.c:1842:
C:\build\output\Unity-Technologies\mono\mono\metadata\icall.c:1842:
C:\build\output\Unity-Technologies\mono\mono\metadata\icall.c:1842:
C:\build\output\Unity-Technologies\mono\mono\metadata\icall.c:1842:
C:\build\output\Unity-Technologies\mono\mono\metadata\icall.c:1842:
C:\build\output\Unity-Technologies\mono\mono\metadata\icall.c:1842:
C:\build\output\Unity-Technologies\mono\mono\metadata\icall.c:1842:
C:\build\output\Unity-Technologies\mono\mono\metadata\icall.c:1842:
Symbol file LoadedFromMemory is not a mono symbol file
- Loaded All Assemblies, in  4.758 seconds
'Packages/com.unity.xr.openxr/Runtime/OpenXRLoader.cs' contains partial class of Unity.Object, exactly 1 of the partial classes needs to be in a file with the same filename. This is to know the one that can be referenced from ie. GameObjects
'Packages/com.unity.xr.openxr/Runtime/OpenXRLoaderInternal.cs' contains partial class of Unity.Object, exactly 1 of the partial classes needs to be in a file with the same filename. This is to know the one that can be referenced from ie. GameObjects
Refreshing native plugins compatible for Editor in 38.98 ms, found 14 plugins.
Native extension for iOS target not found
Native extension for Android target not found
Native extension for WindowsStandalone target not found
[Package Manager] Failed to launch server process. Reason: Unity was launched with the -noUpm command-line argument
[Package Manager] Unable to send message (not connected to server process).
[Package Manager] Cannot connect to Unity Package Manager local server
Mono: successfully reloaded assembly
[Package Manager] Failed to launch server process. Reason: Unity was launched with the -noUpm command-line argument
[Package Manager] Unable to send message (not connected to server process).
[Package Manager] Cannot connect to Unity Package Manager local server
- Finished resetting the current domain, in  3.151 seconds
Domain Reload Profiling: 7917ms
	BeginReloadAssembly (2381ms)
		ExecutionOrderSort (0ms)
		DisableScriptedObjects (161ms)
		BackupInstance (0ms)
		ReleaseScriptingObjects (4ms)
		CreateAndSetChildDomain (1279ms)
	RebuildCommonClasses (80ms)
	RebuildNativeTypeToScriptingClass (15ms)
	initialDomainReloadingComplete (89ms)
	LoadAllAssembliesAndSetupDomain (2201ms)
		LoadAssemblies (1894ms)
		RebuildTransferFunctionScriptingTraits (0ms)
		AnalyzeDomain (598ms)
			TypeCache.Refresh (67ms)
				TypeCache.ScanAssembly (5ms)
			BuildScriptInfoCaches (441ms)
			ResolveRequiredComponents (23ms)
	FinalizeReload (3152ms)
		ReleaseScriptCaches (0ms)
		RebuildScriptCaches (0ms)
		SetupLoadedEditorAssemblies (2655ms)
			LogAssemblyErrors (0ms)
			InitializePlatformSupportModulesInManaged (41ms)
			SetLoadedEditorAssemblies (14ms)
			BeforeProcessingInitializeOnLoad (127ms)
			ProcessInitializeOnLoadAttributes (784ms)
			ProcessInitializeOnLoadMethodAttributes (1678ms)
			AfterProcessingInitializeOnLoad (8ms)
			EditorAssembliesLoaded (2ms)
		ExecutionOrderSort2 (0ms)
		AwakeInstancesAfterBackupRestoration (23ms)
Refreshing native plugins compatible for Editor in 27.39 ms, found 14 plugins.
Preloading 0 native plugins for Editor in 0.00 ms.
Unloading 155 Unused Serialized files (Serialized files now loaded: 0)
Unloading 6580 unused Assets / (14.7 MB). Loaded Objects now: 7107.
Memory consumption went from 0.89 GB to 0.88 GB.
Total: 26.358700 ms (FindLiveObjects: 2.238700 ms CreateObjectMapping: 0.317700 ms MarkObjects: 12.909100 ms  DeleteObjects: 10.891300 ms)

Prepare: number of updated asset objects reloaded= 0
========================================================================
Received Prepare
Begin MonoManager ReloadAssembly
C:\build\output\Unity-Technologies\mono\mono\metadata\icall.c:1842:
C:\build\output\Unity-Technologies\mono\mono\metadata\icall.c:1842:
C:\build\output\Unity-Technologies\mono\mono\metadata\icall.c:1842:
C:\build\output\Unity-Technologies\mono\mono\metadata\icall.c:1842:
C:\build\output\Unity-Technologies\mono\mono\metadata\icall.c:1842:
C:\build\output\Unity-Technologies\mono\mono\metadata\icall.c:1842:
C:\build\output\Unity-Technologies\mono\mono\metadata\icall.c:1842:
C:\build\output\Unity-Technologies\mono\mono\metadata\icall.c:1842:
C:\build\output\Unity-Technologies\mono\mono\metadata\icall.c:1842:
C:\build\output\Unity-Technologies\mono\mono\metadata\icall.c:1842:
C:\build\output\Unity-Technologies\mono\mono\metadata\icall.c:1842:
C:\build\output\Unity-Technologies\mono\mono\metadata\icall.c:1842:
Symbol file LoadedFromMemory is not a mono symbol file
- Loaded All Assemblies, in  5.288 seconds
'Packages/com.unity.xr.openxr/Runtime/OpenXRLoader.cs' contains partial class of Unity.Object, exactly 1 of the partial classes needs to be in a file with the same filename. This is to know the one that can be referenced from ie. GameObjects
'Packages/com.unity.xr.openxr/Runtime/OpenXRLoaderInternal.cs' contains partial class of Unity.Object, exactly 1 of the partial classes needs to be in a file with the same filename. This is to know the one that can be referenced from ie. GameObjects
Refreshing native plugins compatible for Editor in 29.95 ms, found 14 plugins.
Native extension for iOS target not found
Native extension for Android target not found
Native extension for WindowsStandalone target not found
[Package Manager] Failed to launch server process. Reason: Unity was launched with the -noUpm command-line argument
[Package Manager] Unable to send message (not connected to server process).
[Package Manager] Cannot connect to Unity Package Manager local server
Mono: successfully reloaded assembly
[Package Manager] Failed to launch server process. Reason: Unity was launched with the -noUpm command-line argument
[Package Manager] Unable to send message (not connected to server process).
[Package Manager] Cannot connect to Unity Package Manager local server
- Finished resetting the current domain, in  3.473 seconds
Domain Reload Profiling: 8792ms
	BeginReloadAssembly (2222ms)
		ExecutionOrderSort (0ms)
		DisableScriptedObjects (104ms)
		BackupInstance (0ms)
		ReleaseScriptingObjects (5ms)
		CreateAndSetChildDomain (1262ms)
	RebuildCommonClasses (60ms)
	RebuildNativeTypeToScriptingClass (16ms)
	initialDomainReloadingComplete (68ms)
	LoadAllAssembliesAndSetupDomain (2936ms)
		LoadAssemblies (2214ms)
		RebuildTransferFunctionScriptingTraits (0ms)
		AnalyzeDomain (1056ms)
			TypeCache.Refresh (179ms)
				TypeCache.ScanAssembly (17ms)
			BuildScriptInfoCaches (781ms)
			ResolveRequiredComponents (33ms)
	FinalizeReload (3490ms)
		ReleaseScriptCaches (0ms)
		RebuildScriptCaches (0ms)
		SetupLoadedEditorAssemblies (3057ms)
			LogAssemblyErrors (0ms)
			InitializePlatformSupportModulesInManaged (40ms)
			SetLoadedEditorAssemblies (8ms)
			BeforeProcessingInitializeOnLoad (94ms)
			ProcessInitializeOnLoadAttributes (854ms)
			ProcessInitializeOnLoadMethodAttributes (2034ms)
			AfterProcessingInitializeOnLoad (9ms)
			EditorAssembliesLoaded (18ms)
		ExecutionOrderSort2 (0ms)
		AwakeInstancesAfterBackupRestoration (20ms)
Refreshing native plugins compatible for Editor in 23.93 ms, found 14 plugins.
Preloading 0 native plugins for Editor in 0.00 ms.
Unloading 155 Unused Serialized files (Serialized files now loaded: 0)
Unloading 6580 unused Assets / (14.1 MB). Loaded Objects now: 7108.
Memory consumption went from 0.90 GB to 0.88 GB.
Total: 19.660400 ms (FindLiveObjects: 2.690000 ms CreateObjectMapping: 0.324700 ms MarkObjects: 6.610200 ms  DeleteObjects: 10.033000 ms)

Prepare: number of updated asset objects reloaded= 0
========================================================================
Received Prepare
Begin MonoManager ReloadAssembly
C:\build\output\Unity-Technologies\mono\mono\metadata\icall.c:1842:
C:\build\output\Unity-Technologies\mono\mono\metadata\icall.c:1842:
C:\build\output\Unity-Technologies\mono\mono\metadata\icall.c:1842:
C:\build\output\Unity-Technologies\mono\mono\metadata\icall.c:1842:
C:\build\output\Unity-Technologies\mono\mono\metadata\icall.c:1842:
C:\build\output\Unity-Technologies\mono\mono\metadata\icall.c:1842:
C:\build\output\Unity-Technologies\mono\mono\metadata\icall.c:1842:
C:\build\output\Unity-Technologies\mono\mono\metadata\icall.c:1842:
C:\build\output\Unity-Technologies\mono\mono\metadata\icall.c:1842:
C:\build\output\Unity-Technologies\mono\mono\metadata\icall.c:1842:
C:\build\output\Unity-Technologies\mono\mono\metadata\icall.c:1842:
C:\build\output\Unity-Technologies\mono\mono\metadata\icall.c:1842:
Symbol file LoadedFromMemory is not a mono symbol file
- Loaded All Assemblies, in  4.629 seconds
'Packages/com.unity.xr.openxr/Runtime/OpenXRLoader.cs' contains partial class of Unity.Object, exactly 1 of the partial classes needs to be in a file with the same filename. This is to know the one that can be referenced from ie. GameObjects
'Packages/com.unity.xr.openxr/Runtime/OpenXRLoaderInternal.cs' contains partial class of Unity.Object, exactly 1 of the partial classes needs to be in a file with the same filename. This is to know the one that can be referenced from ie. GameObjects
Refreshing native plugins compatible for Editor in 25.37 ms, found 14 plugins.
Native extension for iOS target not found
Native extension for Android target not found
Native extension for WindowsStandalone target not found
[Package Manager] Failed to launch server process. Reason: Unity was launched with the -noUpm command-line argument
[Package Manager] Unable to send message (not connected to server process).
[Package Manager] Cannot connect to Unity Package Manager local server
Mono: successfully reloaded assembly
[Package Manager] Failed to launch server process. Reason: Unity was launched with the -noUpm command-line argument
[Package Manager] Unable to send message (not connected to server process).
[Package Manager] Cannot connect to Unity Package Manager local server
- Finished resetting the current domain, in  3.502 seconds
Domain Reload Profiling: 8153ms
	BeginReloadAssembly (2481ms)
		ExecutionOrderSort (1ms)
		DisableScriptedObjects (62ms)
		BackupInstance (0ms)
		ReleaseScriptingObjects (5ms)
		CreateAndSetChildDomain (1457ms)
	RebuildCommonClasses (68ms)
	RebuildNativeTypeToScriptingClass (11ms)
	initialDomainReloadingComplete (68ms)
	LoadAllAssembliesAndSetupDomain (2019ms)
		LoadAssemblies (1823ms)
		RebuildTransferFunctionScriptingTraits (0ms)
		AnalyzeDomain (736ms)
			TypeCache.Refresh (148ms)
				TypeCache.ScanAssembly (6ms)
			BuildScriptInfoCaches (510ms)
			ResolveRequiredComponents (20ms)
	FinalizeReload (3507ms)
		ReleaseScriptCaches (0ms)
		RebuildScriptCaches (0ms)
		SetupLoadedEditorAssemblies (3037ms)
			LogAssemblyErrors (0ms)
			InitializePlatformSupportModulesInManaged (30ms)
			SetLoadedEditorAssemblies (10ms)
			BeforeProcessingInitializeOnLoad (84ms)
			ProcessInitializeOnLoadAttributes (808ms)
			ProcessInitializeOnLoadMethodAttributes (2079ms)
			AfterProcessingInitializeOnLoad (6ms)
			EditorAssembliesLoaded (19ms)
		ExecutionOrderSort2 (0ms)
		AwakeInstancesAfterBackupRestoration (30ms)
Refreshing native plugins compatible for Editor in 26.14 ms, found 14 plugins.
Preloading 0 native plugins for Editor in 0.00 ms.
Unloading 155 Unused Serialized files (Serialized files now loaded: 0)
Unloading 6580 unused Assets / (13.7 MB). Loaded Objects now: 7109.
Memory consumption went from 0.90 GB to 0.88 GB.
Total: 65.076900 ms (FindLiveObjects: 18.954300 ms CreateObjectMapping: 0.557300 ms MarkObjects: 35.732300 ms  DeleteObjects: 9.824400 ms)

Prepare: number of updated asset objects reloaded= 0
========================================================================
Received Prepare
'Packages/com.unity.xr.openxr/Runtime/OpenXRLoader.cs' contains partial class of Unity.Object, exactly 1 of the partial classes needs to be in a file with the same filename. This is to know the one that can be referenced from ie. GameObjects
'Packages/com.unity.xr.openxr/Runtime/OpenXRLoaderInternal.cs' contains partial class of Unity.Object, exactly 1 of the partial classes needs to be in a file with the same filename. This is to know the one that can be referenced from ie. GameObjects
Refreshing native plugins compatible for Editor in 11.43 ms, found 14 plugins.
Preloading 0 native plugins for Editor in 0.00 ms.
Unloading 82 Unused Serialized files (Serialized files now loaded: 0)
Unloading 6435 unused Assets / (14.4 MB). Loaded Objects now: 7091.
Memory consumption went from 0.90 GB to 0.88 GB.
Total: 83.541100 ms (FindLiveObjects: 1.373400 ms CreateObjectMapping: 0.457300 ms MarkObjects: 74.441100 ms  DeleteObjects: 7.266200 ms)

Prepare: number of updated asset objects reloaded= 0
