Using pre-set license
Built from '2023.2/staging' branch; Version is '2023.2.3f1 (21747dafc6ee) revision 2192509'; Using compiler version '193431935'; Build Type 'Release'
OS: 'Windows 11  (10.0.22631) 64bit Core' Language: 'en' Physical Memory: 16068 MB
BatchMode: 1, IsHumanControllingUs: 0, StartBugReporterOnCrash: 0, Is64bit: 1, IsPro: 1

COMMAND LINE ARGUMENTS:
C:\Program Files\Unity\Hub\Editor\2023.2.3f1\Editor\Unity.exe
-adb2
-batchMode
-noUpm
-name
AssetImportWorker9
-projectPath
C:/Users/Jodie/Documents/project/AR/newtest/ARCloudAnchors/ARCloudAnchors
-logFile
Logs/AssetImportWorker9.log
-srvPort
58412
-job-worker-count
9
-background-job-worker-count
8
-asset-garbage-collectors
1
Successfully changed project path to: C:/Users/Jodie/Documents/project/AR/newtest/ARCloudAnchors/ARCloudAnchors
C:/Users/Jodie/Documents/project/AR/newtest/ARCloudAnchors/ARCloudAnchors
[UnityMemory] Configuration Parameters - Can be set up in boot.config
    "memorysetup-bucket-allocator-granularity=16"
    "memorysetup-bucket-allocator-bucket-count=8"
    "memorysetup-bucket-allocator-block-size=33554432"
    "memorysetup-bucket-allocator-block-count=8"
    "memorysetup-main-allocator-block-size=16777216"
    "memorysetup-thread-allocator-block-size=16777216"
    "memorysetup-gfx-main-allocator-block-size=16777216"
    "memorysetup-gfx-thread-allocator-block-size=16777216"
    "memorysetup-cache-allocator-block-size=4194304"
    "memorysetup-typetree-allocator-block-size=2097152"
    "memorysetup-profiler-bucket-allocator-granularity=16"
    "memorysetup-profiler-bucket-allocator-bucket-count=8"
    "memorysetup-profiler-bucket-allocator-block-size=33554432"
    "memorysetup-profiler-bucket-allocator-block-count=8"
    "memorysetup-profiler-allocator-block-size=16777216"
    "memorysetup-profiler-editor-allocator-block-size=1048576"
    "memorysetup-temp-allocator-size-main=16777216"
    "memorysetup-job-temp-allocator-block-size=2097152"
    "memorysetup-job-temp-allocator-block-size-background=1048576"
    "memorysetup-job-temp-allocator-reduction-small-platforms=262144"
    "memorysetup-allocator-temp-initial-block-size-main=262144"
    "memorysetup-allocator-temp-initial-block-size-worker=262144"
    "memorysetup-temp-allocator-size-background-worker=32768"
    "memorysetup-temp-allocator-size-job-worker=262144"
    "memorysetup-temp-allocator-size-preload-manager=33554432"
    "memorysetup-temp-allocator-size-nav-mesh-worker=65536"
    "memorysetup-temp-allocator-size-audio-worker=65536"
    "memorysetup-temp-allocator-size-cloud-worker=32768"
    "memorysetup-temp-allocator-size-gi-baking-worker=262144"
    "memorysetup-temp-allocator-size-gi-baking-worker=262144"
    "memorysetup-temp-allocator-size-gi-baking-worker=262144"
    "memorysetup-temp-allocator-size-gi-baking-worker=262144"
    "memorysetup-temp-allocator-size-gfx=262144"
Player connection [169656] Host "[IP] 192.168.0.34 [Port] 0 [Flags] 2 [Guid] 3712078383 [EditorId] 3712078383 [Version] 1048832 [Id] WindowsEditor(7,DESKTOP-6D8FKOB) [Debug] 1 [PackageName] WindowsEditor [ProjectName] Editor" joined multi-casting on [225.0.0.222:54997]...
Player connection [169656] Host "[IP] 192.168.0.34 [Port] 0 [Flags] 2 [Guid] 3712078383 [EditorId] 3712078383 [Version] 1048832 [Id] WindowsEditor(7,DESKTOP-6D8FKOB) [Debug] 1 [PackageName] WindowsEditor [ProjectName] Editor" joined alternative multi-casting on [225.0.0.222:34997]...
JobSystem: Creating JobQueue using job-worker-count value 9
[Physics::Module] Initialized MultithreadedJobDispatcher with 9 workers.
Library Redirect Path: Library/
Refreshing native plugins compatible for Editor in 5.39 ms, found 7 plugins.
Preloading 0 native plugins for Editor in 0.00 ms.
Initialize engine version: 2023.2.3f1 (21747dafc6ee)
[Subsystems] Discovering subsystems at path C:/Program Files/Unity/Hub/Editor/2023.2.3f1/Editor/Data/Resources/UnitySubsystems
[Subsystems] Discovering subsystems at path C:/Users/Jodie/Documents/project/AR/newtest/ARCloudAnchors/ARCloudAnchors/Assets
GfxDevice: creating device client; kGfxThreadingModeNonThreaded
Direct3D:
    Version:  Direct3D 11.0 [level 11.1]
    Renderer: NVIDIA GeForce RTX 4060 Laptop GPU (ID=0x28e0)
    Vendor:   NVIDIA
    VRAM:     7957 MB
    Driver:   32.0.15.5612
Initialize mono
Mono path[0] = 'C:/Program Files/Unity/Hub/Editor/2023.2.3f1/Editor/Data/Managed'
Mono path[1] = 'C:/Program Files/Unity/Hub/Editor/2023.2.3f1/Editor/Data/MonoBleedingEdge/lib/mono/unityjit-win32'
Mono config path = 'C:/Program Files/Unity/Hub/Editor/2023.2.3f1/Editor/Data/MonoBleedingEdge/etc'
Using monoOptions --debugger-agent=transport=dt_socket,embedding=1,server=y,suspend=n,address=127.0.0.1:56832
Begin MonoManager ReloadAssembly
C:\build\output\Unity-Technologies\mono\mono\metadata\icall.c:1842:
C:\build\output\Unity-Technologies\mono\mono\metadata\icall.c:1842:
C:\build\output\Unity-Technologies\mono\mono\metadata\icall.c:1842:
C:\build\output\Unity-Technologies\mono\mono\metadata\icall.c:1842:
C:\build\output\Unity-Technologies\mono\mono\metadata\icall.c:1842:
C:\build\output\Unity-Technologies\mono\mono\metadata\icall.c:1842:
C:\build\output\Unity-Technologies\mono\mono\metadata\icall.c:1842:
C:\build\output\Unity-Technologies\mono\mono\metadata\icall.c:1842:
C:\build\output\Unity-Technologies\mono\mono\metadata\icall.c:1842:
C:\build\output\Unity-Technologies\mono\mono\metadata\icall.c:1842:
Registering precompiled unity dll's ...
Register platform support module: C:/Program Files/Unity/Hub/Editor/2023.2.3f1/Editor/Data/PlaybackEngines/WindowsStandaloneSupport/UnityEditor.WindowsStandalone.Extensions.dll
Register platform support module: C:/Program Files/Unity/Hub/Editor/2023.2.3f1/Editor/Data/PlaybackEngines/AndroidPlayer/UnityEditor.Android.Extensions.dll
Register platform support module: C:/Program Files/Unity/Hub/Editor/2023.2.3f1/Editor/Data/PlaybackEngines/iOSSupport/UnityEditor.iOS.Extensions.dll
Registered in 0.003620 seconds.
- Loaded All Assemblies, in  0.282 seconds
[usbmuxd] Start listen thread
[usbmuxd] Listen thread started
Native extension for iOS target not found
Native extension for Android target not found
Android Extension - Scanning For ADB Devices 391 ms
Native extension for WindowsStandalone target not found
Mono: successfully reloaded assembly
C:\build\output\Unity-Technologies\mono\mono\metadata\icall.c:1842:
C:\build\output\Unity-Technologies\mono\mono\metadata\icall.c:1842:
- Finished resetting the current domain, in  0.659 seconds
Domain Reload Profiling: 940ms
	BeginReloadAssembly (92ms)
		ExecutionOrderSort (0ms)
		DisableScriptedObjects (0ms)
		BackupInstance (0ms)
		ReleaseScriptingObjects (0ms)
		CreateAndSetChildDomain (1ms)
	RebuildCommonClasses (25ms)
	RebuildNativeTypeToScriptingClass (9ms)
	initialDomainReloadingComplete (36ms)
	LoadAllAssembliesAndSetupDomain (118ms)
		LoadAssemblies (90ms)
		RebuildTransferFunctionScriptingTraits (0ms)
		AnalyzeDomain (116ms)
			TypeCache.Refresh (115ms)
				TypeCache.ScanAssembly (105ms)
			BuildScriptInfoCaches (0ms)
			ResolveRequiredComponents (0ms)
	FinalizeReload (659ms)
		ReleaseScriptCaches (0ms)
		RebuildScriptCaches (0ms)
		SetupLoadedEditorAssemblies (618ms)
			LogAssemblyErrors (0ms)
			InitializePlatformSupportModulesInManaged (482ms)
			SetLoadedEditorAssemblies (2ms)
			BeforeProcessingInitializeOnLoad (5ms)
			ProcessInitializeOnLoadAttributes (98ms)
			ProcessInitializeOnLoadMethodAttributes (30ms)
			AfterProcessingInitializeOnLoad (0ms)
			EditorAssembliesLoaded (0ms)
		ExecutionOrderSort2 (0ms)
		AwakeInstancesAfterBackupRestoration (0ms)
========================================================================
Worker process is ready to serve import requests
Import Worker Mode flag is 0x00
Begin MonoManager ReloadAssembly
C:\build\output\Unity-Technologies\mono\mono\metadata\icall.c:1842:
C:\build\output\Unity-Technologies\mono\mono\metadata\icall.c:1842:
C:\build\output\Unity-Technologies\mono\mono\metadata\icall.c:1842:
C:\build\output\Unity-Technologies\mono\mono\metadata\icall.c:1842:
C:\build\output\Unity-Technologies\mono\mono\metadata\icall.c:1842:
C:\build\output\Unity-Technologies\mono\mono\metadata\icall.c:1842:
C:\build\output\Unity-Technologies\mono\mono\metadata\icall.c:1842:
C:\build\output\Unity-Technologies\mono\mono\metadata\icall.c:1842:
C:\build\output\Unity-Technologies\mono\mono\metadata\icall.c:1842:
C:\build\output\Unity-Technologies\mono\mono\metadata\icall.c:1842:
C:\build\output\Unity-Technologies\mono\mono\metadata\icall.c:1842:
C:\build\output\Unity-Technologies\mono\mono\metadata\icall.c:1842:
Symbol file LoadedFromMemory is not a mono symbol file
- Loaded All Assemblies, in  0.856 seconds
Refreshing native plugins compatible for Editor in 3.71 ms, found 7 plugins.
Native extension for iOS target not found
Native extension for Android target not found
Native extension for WindowsStandalone target not found
Package Manager log level set to [2]
[Package Manager] Failed to launch server process. Reason: Unity was launched with the -noUpm command-line argument
[Package Manager] Unable to send message (not connected to server process).
[Package Manager] Cannot connect to Unity Package Manager local server
Mono: successfully reloaded assembly
[Package Manager] Failed to launch server process. Reason: Unity was launched with the -noUpm command-line argument
[Package Manager] Unable to send message (not connected to server process).
[Package Manager] Cannot connect to Unity Package Manager local server
[Package Manager] Failed to launch server process. Reason: Unity was launched with the -noUpm command-line argument
[Package Manager] Unable to send message (not connected to server process).
[Package Manager] Cannot connect to Unity Package Manager local server
- Finished resetting the current domain, in  0.778 seconds
Domain Reload Profiling: 1624ms
	BeginReloadAssembly (266ms)
		ExecutionOrderSort (0ms)
		DisableScriptedObjects (5ms)
		BackupInstance (0ms)
		ReleaseScriptingObjects (0ms)
		CreateAndSetChildDomain (25ms)
	RebuildCommonClasses (27ms)
	RebuildNativeTypeToScriptingClass (9ms)
	initialDomainReloadingComplete (31ms)
	LoadAllAssembliesAndSetupDomain (513ms)
		LoadAssemblies (393ms)
		RebuildTransferFunctionScriptingTraits (0ms)
		AnalyzeDomain (193ms)
			TypeCache.Refresh (152ms)
				TypeCache.ScanAssembly (133ms)
			BuildScriptInfoCaches (29ms)
			ResolveRequiredComponents (10ms)
	FinalizeReload (778ms)
		ReleaseScriptCaches (0ms)
		RebuildScriptCaches (0ms)
		SetupLoadedEditorAssemblies (522ms)
			LogAssemblyErrors (0ms)
			InitializePlatformSupportModulesInManaged (14ms)
			SetLoadedEditorAssemblies (3ms)
			BeforeProcessingInitializeOnLoad (49ms)
			ProcessInitializeOnLoadAttributes (404ms)
			ProcessInitializeOnLoadMethodAttributes (46ms)
			AfterProcessingInitializeOnLoad (6ms)
			EditorAssembliesLoaded (0ms)
		ExecutionOrderSort2 (0ms)
		AwakeInstancesAfterBackupRestoration (6ms)
Launched and connected shader compiler UnityShaderCompiler.exe after 0.02 seconds
Refreshing native plugins compatible for Editor in 4.04 ms, found 7 plugins.
Preloading 0 native plugins for Editor in 0.00 ms.
Unloading 266 Unused Serialized files (Serialized files now loaded: 0)
Unloading 6342 unused Assets / (14.9 MB). Loaded Objects now: 6812.
Memory consumption went from 198.0 MB to 183.1 MB.
Total: 10.167200 ms (FindLiveObjects: 1.060600 ms CreateObjectMapping: 0.268700 ms MarkObjects: 3.395900 ms  DeleteObjects: 5.440700 ms)

========================================================================
Received Prepare
Refreshing native plugins compatible for Editor in 4.03 ms, found 7 plugins.
Preloading 0 native plugins for Editor in 0.00 ms.
Unloading 95 Unused Serialized files (Serialized files now loaded: 0)
Unloading 6233 unused Assets / (13.9 MB). Loaded Objects now: 6808.
Memory consumption went from 178.2 MB to 164.3 MB.
Total: 12.157200 ms (FindLiveObjects: 0.423600 ms CreateObjectMapping: 0.253300 ms MarkObjects: 5.371900 ms  DeleteObjects: 6.106600 ms)

Prepare: number of updated asset objects reloaded= 0
========================================================================
Received Prepare
Refreshing native plugins compatible for Editor in 5.86 ms, found 7 plugins.
Preloading 0 native plugins for Editor in 0.00 ms.
Unloading 93 Unused Serialized files (Serialized files now loaded: 0)
Unloading 6233 unused Assets / (14.7 MB). Loaded Objects now: 6808.
Memory consumption went from 177.6 MB to 162.9 MB.
Total: 11.715200 ms (FindLiveObjects: 0.484000 ms CreateObjectMapping: 0.293400 ms MarkObjects: 4.298600 ms  DeleteObjects: 6.637800 ms)

Prepare: number of updated asset objects reloaded= 0
========================================================================
Received Prepare
Refreshing native plugins compatible for Editor in 4.62 ms, found 7 plugins.
Preloading 0 native plugins for Editor in 0.00 ms.
Unloading 93 Unused Serialized files (Serialized files now loaded: 0)
Unloading 6233 unused Assets / (14.7 MB). Loaded Objects now: 6808.
Memory consumption went from 177.6 MB to 162.9 MB.
Total: 39.521900 ms (FindLiveObjects: 0.972000 ms CreateObjectMapping: 0.490000 ms MarkObjects: 31.797200 ms  DeleteObjects: 6.259500 ms)

Prepare: number of updated asset objects reloaded= 0
========================================================================
Received Prepare
Refreshing native plugins compatible for Editor in 4.44 ms, found 7 plugins.
Preloading 0 native plugins for Editor in 0.00 ms.
Unloading 93 Unused Serialized files (Serialized files now loaded: 0)
Unloading 6233 unused Assets / (14.7 MB). Loaded Objects now: 6808.
Memory consumption went from 177.5 MB to 162.9 MB.
Total: 10.538600 ms (FindLiveObjects: 0.509500 ms CreateObjectMapping: 0.299900 ms MarkObjects: 3.586600 ms  DeleteObjects: 6.141500 ms)

Prepare: number of updated asset objects reloaded= 0
========================================================================
Received Prepare
Refreshing native plugins compatible for Editor in 4.16 ms, found 7 plugins.
Preloading 0 native plugins for Editor in 0.00 ms.
Unloading 93 Unused Serialized files (Serialized files now loaded: 0)
Unloading 6233 unused Assets / (14.9 MB). Loaded Objects now: 6808.
Memory consumption went from 177.6 MB to 162.7 MB.
Total: 15.192300 ms (FindLiveObjects: 0.447500 ms CreateObjectMapping: 0.289700 ms MarkObjects: 6.382500 ms  DeleteObjects: 8.070700 ms)

Prepare: number of updated asset objects reloaded= 0
========================================================================
Received Prepare
Refreshing native plugins compatible for Editor in 7.10 ms, found 7 plugins.
Preloading 0 native plugins for Editor in 0.00 ms.
Unloading 93 Unused Serialized files (Serialized files now loaded: 0)
Unloading 6233 unused Assets / (14.8 MB). Loaded Objects now: 6808.
Memory consumption went from 177.5 MB to 162.7 MB.
Total: 10.407600 ms (FindLiveObjects: 0.413800 ms CreateObjectMapping: 0.258700 ms MarkObjects: 3.536100 ms  DeleteObjects: 6.197400 ms)

Prepare: number of updated asset objects reloaded= 0
========================================================================
Received Prepare
Refreshing native plugins compatible for Editor in 4.52 ms, found 7 plugins.
Preloading 0 native plugins for Editor in 0.00 ms.
Unloading 93 Unused Serialized files (Serialized files now loaded: 0)
Unloading 6233 unused Assets / (14.8 MB). Loaded Objects now: 6808.
Memory consumption went from 177.6 MB to 162.7 MB.
Total: 11.313600 ms (FindLiveObjects: 0.728100 ms CreateObjectMapping: 0.284200 ms MarkObjects: 5.002800 ms  DeleteObjects: 5.296500 ms)

Prepare: number of updated asset objects reloaded= 0
========================================================================
Received Prepare
Refreshing native plugins compatible for Editor in 4.66 ms, found 7 plugins.
Preloading 0 native plugins for Editor in 0.00 ms.
Unloading 93 Unused Serialized files (Serialized files now loaded: 0)
Unloading 6233 unused Assets / (14.2 MB). Loaded Objects now: 6808.
Memory consumption went from 177.6 MB to 163.3 MB.
Total: 10.946700 ms (FindLiveObjects: 0.454900 ms CreateObjectMapping: 0.476500 ms MarkObjects: 3.304400 ms  DeleteObjects: 6.709600 ms)

Prepare: number of updated asset objects reloaded= 0
========================================================================
Received Prepare
Refreshing native plugins compatible for Editor in 4.07 ms, found 7 plugins.
Preloading 0 native plugins for Editor in 0.00 ms.
Unloading 93 Unused Serialized files (Serialized files now loaded: 0)
Unloading 6233 unused Assets / (14.9 MB). Loaded Objects now: 6808.
Memory consumption went from 177.6 MB to 162.7 MB.
Total: 13.775300 ms (FindLiveObjects: 1.036700 ms CreateObjectMapping: 0.893300 ms MarkObjects: 5.950700 ms  DeleteObjects: 5.892400 ms)

Prepare: number of updated asset objects reloaded= 0
========================================================================
Received Prepare
Refreshing native plugins compatible for Editor in 4.35 ms, found 7 plugins.
Preloading 0 native plugins for Editor in 0.00 ms.
Unloading 93 Unused Serialized files (Serialized files now loaded: 0)
Unloading 6233 unused Assets / (15.3 MB). Loaded Objects now: 6808.
Memory consumption went from 177.6 MB to 162.3 MB.
Total: 12.644900 ms (FindLiveObjects: 0.528100 ms CreateObjectMapping: 0.297500 ms MarkObjects: 3.686900 ms  DeleteObjects: 8.130700 ms)

Prepare: number of updated asset objects reloaded= 0
========================================================================
Received Prepare
Refreshing native plugins compatible for Editor in 6.30 ms, found 7 plugins.
Preloading 0 native plugins for Editor in 0.00 ms.
Unloading 93 Unused Serialized files (Serialized files now loaded: 0)
Unloading 6233 unused Assets / (15.1 MB). Loaded Objects now: 6808.
Memory consumption went from 177.6 MB to 162.6 MB.
Total: 13.131900 ms (FindLiveObjects: 0.489600 ms CreateObjectMapping: 0.307200 ms MarkObjects: 5.321900 ms  DeleteObjects: 7.010900 ms)

Prepare: number of updated asset objects reloaded= 0
========================================================================
Received Prepare
Refreshing native plugins compatible for Editor in 6.67 ms, found 7 plugins.
Preloading 0 native plugins for Editor in 0.00 ms.
Unloading 93 Unused Serialized files (Serialized files now loaded: 0)
Unloading 6233 unused Assets / (14.8 MB). Loaded Objects now: 6808.
Memory consumption went from 177.5 MB to 162.7 MB.
Total: 10.224300 ms (FindLiveObjects: 0.642100 ms CreateObjectMapping: 0.372000 ms MarkObjects: 3.564700 ms  DeleteObjects: 5.643800 ms)

Prepare: number of updated asset objects reloaded= 0
========================================================================
Received Prepare
Refreshing native plugins compatible for Editor in 4.10 ms, found 7 plugins.
Preloading 0 native plugins for Editor in 0.00 ms.
Unloading 93 Unused Serialized files (Serialized files now loaded: 0)
Unloading 6233 unused Assets / (14.9 MB). Loaded Objects now: 6808.
Memory consumption went from 177.7 MB to 162.8 MB.
Total: 13.412100 ms (FindLiveObjects: 0.747300 ms CreateObjectMapping: 0.916000 ms MarkObjects: 5.725700 ms  DeleteObjects: 6.020800 ms)

Prepare: number of updated asset objects reloaded= 0
========================================================================
Received Prepare
Refreshing native plugins compatible for Editor in 4.04 ms, found 7 plugins.
Preloading 0 native plugins for Editor in 0.00 ms.
Unloading 93 Unused Serialized files (Serialized files now loaded: 0)
Unloading 6233 unused Assets / (14.9 MB). Loaded Objects now: 6808.
Memory consumption went from 177.6 MB to 162.8 MB.
Total: 9.809100 ms (FindLiveObjects: 0.414400 ms CreateObjectMapping: 0.275400 ms MarkObjects: 3.492800 ms  DeleteObjects: 5.624200 ms)

Prepare: number of updated asset objects reloaded= 0
========================================================================
Received Prepare
Refreshing native plugins compatible for Editor in 7.27 ms, found 7 plugins.
Preloading 0 native plugins for Editor in 0.00 ms.
Unloading 93 Unused Serialized files (Serialized files now loaded: 0)
Unloading 6233 unused Assets / (14.3 MB). Loaded Objects now: 6808.
Memory consumption went from 177.6 MB to 163.4 MB.
Total: 12.939900 ms (FindLiveObjects: 0.477400 ms CreateObjectMapping: 0.340500 ms MarkObjects: 4.903100 ms  DeleteObjects: 7.214200 ms)

Prepare: number of updated asset objects reloaded= 0
========================================================================
Received Prepare
Refreshing native plugins compatible for Editor in 4.13 ms, found 7 plugins.
Preloading 0 native plugins for Editor in 0.00 ms.
Unloading 93 Unused Serialized files (Serialized files now loaded: 0)
Unloading 6233 unused Assets / (14.7 MB). Loaded Objects now: 6808.
Memory consumption went from 177.5 MB to 162.8 MB.
Total: 9.853900 ms (FindLiveObjects: 0.487500 ms CreateObjectMapping: 0.269900 ms MarkObjects: 3.719700 ms  DeleteObjects: 5.374800 ms)

Prepare: number of updated asset objects reloaded= 0
========================================================================
Received Prepare
Refreshing native plugins compatible for Editor in 4.14 ms, found 7 plugins.
Preloading 0 native plugins for Editor in 0.00 ms.
Unloading 93 Unused Serialized files (Serialized files now loaded: 0)
Unloading 6233 unused Assets / (15.0 MB). Loaded Objects now: 6808.
Memory consumption went from 177.7 MB to 162.7 MB.
Total: 11.295500 ms (FindLiveObjects: 0.516800 ms CreateObjectMapping: 0.282900 ms MarkObjects: 4.765400 ms  DeleteObjects: 5.728900 ms)

Prepare: number of updated asset objects reloaded= 0
========================================================================
Received Prepare
Refreshing native plugins compatible for Editor in 7.85 ms, found 7 plugins.
Preloading 0 native plugins for Editor in 0.00 ms.
Unloading 93 Unused Serialized files (Serialized files now loaded: 0)
Unloading 6233 unused Assets / (14.8 MB). Loaded Objects now: 6808.
Memory consumption went from 177.5 MB to 162.7 MB.
Total: 11.957900 ms (FindLiveObjects: 0.856400 ms CreateObjectMapping: 0.462600 ms MarkObjects: 4.667300 ms  DeleteObjects: 5.970000 ms)

Prepare: number of updated asset objects reloaded= 0
========================================================================
Received Prepare
Refreshing native plugins compatible for Editor in 4.77 ms, found 7 plugins.
Preloading 0 native plugins for Editor in 0.00 ms.
Unloading 93 Unused Serialized files (Serialized files now loaded: 0)
Unloading 6233 unused Assets / (13.9 MB). Loaded Objects now: 6808.
Memory consumption went from 177.6 MB to 163.7 MB.
Total: 25.406900 ms (FindLiveObjects: 0.576500 ms CreateObjectMapping: 0.289800 ms MarkObjects: 18.459400 ms  DeleteObjects: 6.079300 ms)

Prepare: number of updated asset objects reloaded= 0
========================================================================
Received Prepare
Refreshing native plugins compatible for Editor in 4.13 ms, found 7 plugins.
Preloading 0 native plugins for Editor in 0.00 ms.
Unloading 93 Unused Serialized files (Serialized files now loaded: 0)
Unloading 6233 unused Assets / (15.3 MB). Loaded Objects now: 6808.
Memory consumption went from 177.6 MB to 162.3 MB.
Total: 9.924900 ms (FindLiveObjects: 0.420200 ms CreateObjectMapping: 0.298000 ms MarkObjects: 3.391200 ms  DeleteObjects: 5.814300 ms)

Prepare: number of updated asset objects reloaded= 0
========================================================================
Received Prepare
Refreshing native plugins compatible for Editor in 4.22 ms, found 7 plugins.
Preloading 0 native plugins for Editor in 0.00 ms.
Unloading 93 Unused Serialized files (Serialized files now loaded: 0)
Unloading 6233 unused Assets / (15.1 MB). Loaded Objects now: 6808.
Memory consumption went from 177.6 MB to 162.5 MB.
Total: 12.412100 ms (FindLiveObjects: 0.417600 ms CreateObjectMapping: 0.246700 ms MarkObjects: 4.673300 ms  DeleteObjects: 7.073000 ms)

Prepare: number of updated asset objects reloaded= 0
========================================================================
Received Prepare
Refreshing native plugins compatible for Editor in 4.24 ms, found 7 plugins.
Preloading 0 native plugins for Editor in 0.00 ms.
Unloading 93 Unused Serialized files (Serialized files now loaded: 0)
Unloading 6233 unused Assets / (14.9 MB). Loaded Objects now: 6808.
Memory consumption went from 177.6 MB to 162.8 MB.
Total: 10.489200 ms (FindLiveObjects: 0.426700 ms CreateObjectMapping: 0.259500 ms MarkObjects: 3.554400 ms  DeleteObjects: 6.246800 ms)

Prepare: number of updated asset objects reloaded= 0
========================================================================
Received Prepare
Refreshing native plugins compatible for Editor in 4.30 ms, found 7 plugins.
Preloading 0 native plugins for Editor in 0.00 ms.
Unloading 93 Unused Serialized files (Serialized files now loaded: 0)
Unloading 6233 unused Assets / (15.2 MB). Loaded Objects now: 6808.
Memory consumption went from 177.7 MB to 162.5 MB.
Total: 11.536700 ms (FindLiveObjects: 0.498900 ms CreateObjectMapping: 0.333000 ms MarkObjects: 5.109700 ms  DeleteObjects: 5.593200 ms)

Prepare: number of updated asset objects reloaded= 0
========================================================================
Received Prepare
Refreshing native plugins compatible for Editor in 4.05 ms, found 7 plugins.
Preloading 0 native plugins for Editor in 0.00 ms.
Unloading 93 Unused Serialized files (Serialized files now loaded: 0)
Unloading 6233 unused Assets / (15.0 MB). Loaded Objects now: 6808.
Memory consumption went from 177.6 MB to 162.6 MB.
Total: 11.367400 ms (FindLiveObjects: 0.406100 ms CreateObjectMapping: 0.317000 ms MarkObjects: 3.703900 ms  DeleteObjects: 6.939100 ms)

Prepare: number of updated asset objects reloaded= 0
========================================================================
Received Prepare
Refreshing native plugins compatible for Editor in 4.19 ms, found 7 plugins.
Preloading 0 native plugins for Editor in 0.00 ms.
Unloading 93 Unused Serialized files (Serialized files now loaded: 0)
Unloading 6233 unused Assets / (15.0 MB). Loaded Objects now: 6808.
Memory consumption went from 177.7 MB to 162.7 MB.
Total: 37.940100 ms (FindLiveObjects: 0.612700 ms CreateObjectMapping: 0.325600 ms MarkObjects: 30.724600 ms  DeleteObjects: 6.275200 ms)

Prepare: number of updated asset objects reloaded= 0
========================================================================
Received Prepare
Refreshing native plugins compatible for Editor in 4.06 ms, found 7 plugins.
Preloading 0 native plugins for Editor in 0.00 ms.
Unloading 93 Unused Serialized files (Serialized files now loaded: 0)
Unloading 6233 unused Assets / (14.8 MB). Loaded Objects now: 6808.
Memory consumption went from 177.5 MB to 162.7 MB.
Total: 9.200500 ms (FindLiveObjects: 0.421700 ms CreateObjectMapping: 0.265800 ms MarkObjects: 3.172000 ms  DeleteObjects: 5.340300 ms)

Prepare: number of updated asset objects reloaded= 0
========================================================================
Received Prepare
Refreshing native plugins compatible for Editor in 5.43 ms, found 7 plugins.
Preloading 0 native plugins for Editor in 0.00 ms.
Unloading 93 Unused Serialized files (Serialized files now loaded: 0)
Unloading 6233 unused Assets / (15.0 MB). Loaded Objects now: 6808.
Memory consumption went from 177.7 MB to 162.7 MB.
Total: 14.765800 ms (FindLiveObjects: 0.506800 ms CreateObjectMapping: 0.493000 ms MarkObjects: 6.792000 ms  DeleteObjects: 6.972200 ms)

Prepare: number of updated asset objects reloaded= 0
========================================================================
Received Prepare
Refreshing native plugins compatible for Editor in 4.32 ms, found 7 plugins.
Preloading 0 native plugins for Editor in 0.00 ms.
Unloading 93 Unused Serialized files (Serialized files now loaded: 0)
Unloading 6233 unused Assets / (14.9 MB). Loaded Objects now: 6808.
Memory consumption went from 177.6 MB to 162.7 MB.
Total: 8.772300 ms (FindLiveObjects: 0.406700 ms CreateObjectMapping: 0.271900 ms MarkObjects: 3.078800 ms  DeleteObjects: 5.012900 ms)

Prepare: number of updated asset objects reloaded= 0
========================================================================
Received Prepare
Refreshing native plugins compatible for Editor in 4.41 ms, found 7 plugins.
Preloading 0 native plugins for Editor in 0.00 ms.
Unloading 93 Unused Serialized files (Serialized files now loaded: 0)
Unloading 6233 unused Assets / (15.1 MB). Loaded Objects now: 6808.
Memory consumption went from 177.5 MB to 162.4 MB.
Total: 14.694800 ms (FindLiveObjects: 0.439200 ms CreateObjectMapping: 0.340800 ms MarkObjects: 6.435100 ms  DeleteObjects: 7.477600 ms)

Prepare: number of updated asset objects reloaded= 0
========================================================================
Received Prepare
Refreshing native plugins compatible for Editor in 4.20 ms, found 7 plugins.
Preloading 0 native plugins for Editor in 0.00 ms.
Unloading 93 Unused Serialized files (Serialized files now loaded: 0)
Unloading 6233 unused Assets / (14.9 MB). Loaded Objects now: 6808.
Memory consumption went from 177.6 MB to 162.7 MB.
Total: 9.323100 ms (FindLiveObjects: 0.412900 ms CreateObjectMapping: 0.250300 ms MarkObjects: 3.290100 ms  DeleteObjects: 5.367400 ms)

Prepare: number of updated asset objects reloaded= 0
========================================================================
Received Prepare
Refreshing native plugins compatible for Editor in 5.72 ms, found 7 plugins.
Preloading 0 native plugins for Editor in 0.00 ms.
Unloading 93 Unused Serialized files (Serialized files now loaded: 0)
Unloading 6233 unused Assets / (14.9 MB). Loaded Objects now: 6808.
Memory consumption went from 177.6 MB to 162.7 MB.
Total: 14.127500 ms (FindLiveObjects: 0.429500 ms CreateObjectMapping: 0.271100 ms MarkObjects: 7.209900 ms  DeleteObjects: 6.214900 ms)

Prepare: number of updated asset objects reloaded= 0
========================================================================
Received Prepare
Refreshing native plugins compatible for Editor in 4.35 ms, found 7 plugins.
Preloading 0 native plugins for Editor in 0.00 ms.
Unloading 93 Unused Serialized files (Serialized files now loaded: 0)
Unloading 6233 unused Assets / (14.7 MB). Loaded Objects now: 6808.
Memory consumption went from 177.6 MB to 162.9 MB.
Total: 10.086700 ms (FindLiveObjects: 0.417200 ms CreateObjectMapping: 0.310000 ms MarkObjects: 3.317700 ms  DeleteObjects: 6.039900 ms)

Prepare: number of updated asset objects reloaded= 0
========================================================================
Received Prepare
Refreshing native plugins compatible for Editor in 4.04 ms, found 7 plugins.
Preloading 0 native plugins for Editor in 0.00 ms.
Unloading 93 Unused Serialized files (Serialized files now loaded: 0)
Unloading 6233 unused Assets / (14.9 MB). Loaded Objects now: 6808.
Memory consumption went from 177.6 MB to 162.6 MB.
Total: 11.819600 ms (FindLiveObjects: 0.449700 ms CreateObjectMapping: 0.414900 ms MarkObjects: 5.260200 ms  DeleteObjects: 5.691000 ms)

Prepare: number of updated asset objects reloaded= 0
========================================================================
Received Prepare
Refreshing native plugins compatible for Editor in 3.86 ms, found 7 plugins.
Preloading 0 native plugins for Editor in 0.00 ms.
Unloading 93 Unused Serialized files (Serialized files now loaded: 0)
Unloading 6233 unused Assets / (14.7 MB). Loaded Objects now: 6808.
Memory consumption went from 177.7 MB to 163.0 MB.
Total: 9.757400 ms (FindLiveObjects: 0.436700 ms CreateObjectMapping: 0.329900 ms MarkObjects: 3.594100 ms  DeleteObjects: 5.394300 ms)

Prepare: number of updated asset objects reloaded= 0
========================================================================
Received Prepare
Refreshing native plugins compatible for Editor in 7.06 ms, found 7 plugins.
Preloading 0 native plugins for Editor in 0.00 ms.
Unloading 93 Unused Serialized files (Serialized files now loaded: 0)
Unloading 6233 unused Assets / (15.0 MB). Loaded Objects now: 6808.
Memory consumption went from 177.6 MB to 162.6 MB.
Total: 94.948700 ms (FindLiveObjects: 1.261800 ms CreateObjectMapping: 0.690300 ms MarkObjects: 85.497700 ms  DeleteObjects: 7.494300 ms)

Prepare: number of updated asset objects reloaded= 0
========================================================================
Received Prepare
Refreshing native plugins compatible for Editor in 4.26 ms, found 7 plugins.
Preloading 0 native plugins for Editor in 0.00 ms.
Unloading 93 Unused Serialized files (Serialized files now loaded: 0)
Unloading 6233 unused Assets / (15.1 MB). Loaded Objects now: 6808.
Memory consumption went from 177.6 MB to 162.5 MB.
Total: 14.051800 ms (FindLiveObjects: 0.424600 ms CreateObjectMapping: 0.279100 ms MarkObjects: 4.900500 ms  DeleteObjects: 8.445500 ms)

Prepare: number of updated asset objects reloaded= 0
========================================================================
Received Prepare
Refreshing native plugins compatible for Editor in 4.77 ms, found 7 plugins.
Preloading 0 native plugins for Editor in 0.00 ms.
Unloading 93 Unused Serialized files (Serialized files now loaded: 0)
Unloading 6233 unused Assets / (15.3 MB). Loaded Objects now: 6808.
Memory consumption went from 177.6 MB to 162.4 MB.
Total: 46.613400 ms (FindLiveObjects: 1.121900 ms CreateObjectMapping: 0.264500 ms MarkObjects: 35.329600 ms  DeleteObjects: 9.894600 ms)

Prepare: number of updated asset objects reloaded= 0
========================================================================
Received Prepare
Refreshing native plugins compatible for Editor in 4.47 ms, found 7 plugins.
Preloading 0 native plugins for Editor in 0.00 ms.
Unloading 93 Unused Serialized files (Serialized files now loaded: 0)
Unloading 6233 unused Assets / (15.0 MB). Loaded Objects now: 6808.
Memory consumption went from 177.5 MB to 162.6 MB.
Total: 10.378400 ms (FindLiveObjects: 0.464200 ms CreateObjectMapping: 0.272100 ms MarkObjects: 3.223400 ms  DeleteObjects: 6.416300 ms)

Prepare: number of updated asset objects reloaded= 0
========================================================================
Received Prepare
Refreshing native plugins compatible for Editor in 4.70 ms, found 7 plugins.
Preloading 0 native plugins for Editor in 0.00 ms.
Unloading 93 Unused Serialized files (Serialized files now loaded: 0)
Unloading 6233 unused Assets / (15.2 MB). Loaded Objects now: 6808.
Memory consumption went from 177.7 MB to 162.5 MB.
Total: 42.226300 ms (FindLiveObjects: 0.871500 ms CreateObjectMapping: 0.308500 ms MarkObjects: 33.831900 ms  DeleteObjects: 7.212200 ms)

Prepare: number of updated asset objects reloaded= 0
========================================================================
Received Prepare
Refreshing native plugins compatible for Editor in 4.32 ms, found 7 plugins.
Preloading 0 native plugins for Editor in 0.00 ms.
Unloading 93 Unused Serialized files (Serialized files now loaded: 0)
Unloading 6233 unused Assets / (14.9 MB). Loaded Objects now: 6808.
Memory consumption went from 177.5 MB to 162.6 MB.
Total: 9.891200 ms (FindLiveObjects: 0.471800 ms CreateObjectMapping: 0.284500 ms MarkObjects: 3.391500 ms  DeleteObjects: 5.741100 ms)

Prepare: number of updated asset objects reloaded= 0
========================================================================
Received Import Request.
  Time since last request: 502590.343570 seconds.
  path: Assets/Scenes/WholeScene.unity
  artifactKey: Guid(49cff624d28797e4284799f891f44598) Importer(2089858483,0ecaa5967403d082aa24f35e1b516d23)
Start importing Assets/Scenes/WholeScene.unity using Guid(49cff624d28797e4284799f891f44598) Importer(2089858483,0ecaa5967403d082aa24f35e1b516d23) (ScriptedImporter)Generated GUIDs only implemented for interfaces!
 -> (artifact id: '833cc2fd72681458920493854bd42a59') in 1.1286845 seconds
Number of updated asset objects reloaded before import = 0Number of asset objects unloaded after import = 1

========================================================================
Received Prepare
Refreshing native plugins compatible for Editor in 4.34 ms, found 7 plugins.
Preloading 0 native plugins for Editor in 0.00 ms.
Unloading 93 Unused Serialized files (Serialized files now loaded: 0)
Unloading 6236 unused Assets / (15.1 MB). Loaded Objects now: 6809.
Memory consumption went from 177.9 MB to 162.9 MB.
Total: 119.758500 ms (FindLiveObjects: 1.158900 ms CreateObjectMapping: 0.282200 ms MarkObjects: 110.708400 ms  DeleteObjects: 7.606000 ms)

Prepare: number of updated asset objects reloaded= 0
========================================================================
Received Prepare
Begin MonoManager ReloadAssembly
C:\build\output\Unity-Technologies\mono\mono\metadata\icall.c:1842:
C:\build\output\Unity-Technologies\mono\mono\metadata\icall.c:1842:
C:\build\output\Unity-Technologies\mono\mono\metadata\icall.c:1842:
C:\build\output\Unity-Technologies\mono\mono\metadata\icall.c:1842:
C:\build\output\Unity-Technologies\mono\mono\metadata\icall.c:1842:
C:\build\output\Unity-Technologies\mono\mono\metadata\icall.c:1842:
C:\build\output\Unity-Technologies\mono\mono\metadata\icall.c:1842:
C:\build\output\Unity-Technologies\mono\mono\metadata\icall.c:1842:
C:\build\output\Unity-Technologies\mono\mono\metadata\icall.c:1842:
C:\build\output\Unity-Technologies\mono\mono\metadata\icall.c:1842:
C:\build\output\Unity-Technologies\mono\mono\metadata\icall.c:1842:
C:\build\output\Unity-Technologies\mono\mono\metadata\icall.c:1842:
Symbol file LoadedFromMemory is not a mono symbol file
- Loaded All Assemblies, in  4.827 seconds
Refreshing native plugins compatible for Editor in 11.51 ms, found 7 plugins.
Native extension for iOS target not found
Native extension for Android target not found
Native extension for WindowsStandalone target not found
[Package Manager] Failed to launch server process. Reason: Unity was launched with the -noUpm command-line argument
[Package Manager] Unable to send message (not connected to server process).
[Package Manager] Cannot connect to Unity Package Manager local server
Mono: successfully reloaded assembly
[Package Manager] Failed to launch server process. Reason: Unity was launched with the -noUpm command-line argument
[Package Manager] Unable to send message (not connected to server process).
[Package Manager] Cannot connect to Unity Package Manager local server
- Finished resetting the current domain, in  0.995 seconds
Domain Reload Profiling: 5820ms
	BeginReloadAssembly (2373ms)
		ExecutionOrderSort (0ms)
		DisableScriptedObjects (95ms)
		BackupInstance (0ms)
		ReleaseScriptingObjects (1ms)
		CreateAndSetChildDomain (1334ms)
	RebuildCommonClasses (50ms)
	RebuildNativeTypeToScriptingClass (14ms)
	initialDomainReloadingComplete (72ms)
	LoadAllAssembliesAndSetupDomain (2316ms)
		LoadAssemblies (2656ms)
		RebuildTransferFunctionScriptingTraits (0ms)
		AnalyzeDomain (289ms)
			TypeCache.Refresh (33ms)
				TypeCache.ScanAssembly (2ms)
			BuildScriptInfoCaches (222ms)
			ResolveRequiredComponents (18ms)
	FinalizeReload (995ms)
		ReleaseScriptCaches (0ms)
		RebuildScriptCaches (0ms)
		SetupLoadedEditorAssemblies (718ms)
			LogAssemblyErrors (0ms)
			InitializePlatformSupportModulesInManaged (35ms)
			SetLoadedEditorAssemblies (4ms)
			BeforeProcessingInitializeOnLoad (63ms)
			ProcessInitializeOnLoadAttributes (535ms)
			ProcessInitializeOnLoadMethodAttributes (73ms)
			AfterProcessingInitializeOnLoad (4ms)
			EditorAssembliesLoaded (3ms)
		ExecutionOrderSort2 (0ms)
		AwakeInstancesAfterBackupRestoration (11ms)
Refreshing native plugins compatible for Editor in 4.79 ms, found 7 plugins.
Preloading 0 native plugins for Editor in 0.00 ms.
Unloading 162 Unused Serialized files (Serialized files now loaded: 0)
Unloading 6341 unused Assets / (15.0 MB). Loaded Objects now: 6817.
Memory consumption went from 185.7 MB to 170.6 MB.
Total: 14.125600 ms (FindLiveObjects: 1.192900 ms CreateObjectMapping: 0.324300 ms MarkObjects: 4.902000 ms  DeleteObjects: 7.703900 ms)

Prepare: number of updated asset objects reloaded= 0
========================================================================
Received Import Request.
  Time since last request: 7001.180508 seconds.
  path: Assets/Scripts/testDebugScript.cs
  artifactKey: Guid(4273d08a231a0984d9d3d94f06ff022e) Importer(815301076,1909f56bfc062723c751e8b465ee728b)
Start importing Assets/Scripts/testDebugScript.cs using Guid(4273d08a231a0984d9d3d94f06ff022e) Importer(815301076,1909f56bfc062723c751e8b465ee728b) (PreviewImporter) -> (artifact id: '00000000000000000000000000000000') in 0.0624357 seconds
Import Error Code:(4)
Message: Build asset version error: assets/scripts/testdebugscript.cs in SourceAssetDB has modification time of '2024-09-20T21:12:11.4581268Z' while content on disk has modification time of '2024-09-20T21:12:36.8692045Z'
  ERROR: Build asset version error: assets/scripts/testdebugscript.cs in SourceAssetDB has modification time of '2024-09-20T21:12:11.4581268Z' while content on disk has modification time of '2024-09-20T21:12:36.8692045Z'
Number of updated asset objects reloaded before import = 0Number of asset objects unloaded after import = 0

========================================================================
Received Prepare
Refreshing native plugins compatible for Editor in 5.34 ms, found 7 plugins.
Preloading 0 native plugins for Editor in 0.00 ms.
Unloading 95 Unused Serialized files (Serialized files now loaded: 0)
Unloading 6236 unused Assets / (14.9 MB). Loaded Objects now: 6811.
Memory consumption went from 182.6 MB to 167.7 MB.
Total: 10.671900 ms (FindLiveObjects: 0.462900 ms CreateObjectMapping: 0.286400 ms MarkObjects: 3.803500 ms  DeleteObjects: 6.117400 ms)

Prepare: number of updated asset objects reloaded= 0
========================================================================
Received Prepare
Begin MonoManager ReloadAssembly
C:\build\output\Unity-Technologies\mono\mono\metadata\icall.c:1842:
C:\build\output\Unity-Technologies\mono\mono\metadata\icall.c:1842:
C:\build\output\Unity-Technologies\mono\mono\metadata\icall.c:1842:
C:\build\output\Unity-Technologies\mono\mono\metadata\icall.c:1842:
C:\build\output\Unity-Technologies\mono\mono\metadata\icall.c:1842:
C:\build\output\Unity-Technologies\mono\mono\metadata\icall.c:1842:
C:\build\output\Unity-Technologies\mono\mono\metadata\icall.c:1842:
C:\build\output\Unity-Technologies\mono\mono\metadata\icall.c:1842:
C:\build\output\Unity-Technologies\mono\mono\metadata\icall.c:1842:
C:\build\output\Unity-Technologies\mono\mono\metadata\icall.c:1842:
C:\build\output\Unity-Technologies\mono\mono\metadata\icall.c:1842:
C:\build\output\Unity-Technologies\mono\mono\metadata\icall.c:1842:
Symbol file LoadedFromMemory is not a mono symbol file
- Loaded All Assemblies, in  0.585 seconds
Refreshing native plugins compatible for Editor in 4.24 ms, found 7 plugins.
Native extension for iOS target not found
Native extension for Android target not found
Native extension for WindowsStandalone target not found
[Package Manager] Failed to launch server process. Reason: Unity was launched with the -noUpm command-line argument
[Package Manager] Unable to send message (not connected to server process).
[Package Manager] Cannot connect to Unity Package Manager local server
Unable to write to 'ProjectSettings\GvhProjectSettings.xml' (System.IO.IOException: Sharing violation on path C:\Users\Jodie\Documents\project\AR\newtest\ARCloudAnchors\ARCloudAnchors\ProjectSettings\GvhProjectSettings.xml
  at System.IO.FileStream..ctor (System.String path, System.IO.FileMode mode, System.IO.FileAccess access, System.IO.FileShare share, System.Int32 bufferSize, System.Boolean anonymous, System.IO.FileOptions options) [0x0019e] in <1334a096378c46d2bd2be2db1a37116e>:0 
  at System.IO.FileStream..ctor (System.String path, System.IO.FileMode mode, System.IO.FileAccess access, System.IO.FileShare share, System.Int32 bufferSize, System.IO.FileOptions options) [0x00000] in <1334a096378c46d2bd2be2db1a37116e>:0 
  at System.IO.FileStream..ctor (System.String path, System.IO.FileMode mode, System.IO.FileAccess access, System.IO.FileShare share, System.Int32 bufferSize, System.Boolean useAsync) [0x00000] in <1334a096378c46d2bd2be2db1a37116e>:0 
  at (wrapper remoting-invoke-with-check) System.IO.FileStream..ctor(string,System.IO.FileMode,System.IO.FileAccess,System.IO.FileShare,int,bool)
  at System.Xml.XmlWriterSettings.CreateWriter (System.String outputFileName) [0x00051] in <5ecb10a9d63b457f80be184a21e69bb7>:0 
  at System.Xml.XmlWriter.Create (System.String outputFileName, System.Xml.XmlWriterSettings settings) [0x0000a] in <5ecb10a9d63b457f80be184a21e69bb7>:0 
  at Google.ProjectSettings.Save () [0x0006d] in /Users/chkuang/Workspace/git/unity-jar-resolver/source/VersionHandlerImpl/src/ProjectSettings.cs:821 , Project settings were not saved!
UnityEngine.Debug:ExtractStackTraceNoAlloc (byte*,int,string)
UnityEngine.StackTraceUtility:ExtractStackTrace ()
UnityEngine.DebugLogHandler:Internal_Log (UnityEngine.LogType,UnityEngine.LogOption,string,UnityEngine.Object)
UnityEngine.DebugLogHandler:LogFormat (UnityEngine.LogType,UnityEngine.Object,string,object[])
UnityEngine.Logger:Log (UnityEngine.LogType,object)
UnityEngine.Debug:LogError (object)
Google.Logger:Log (string,Google.LogLevel) (at /Users/chkuang/Workspace/git/unity-jar-resolver/source/VersionHandlerImpl/src/Logger.cs:136)
Google.ProjectSettings:Save () (at /Users/chkuang/Workspace/git/unity-jar-resolver/source/VersionHandlerImpl/src/ProjectSettings.cs:844)
Google.ProjectSettings:SetBool (string,bool,Google.SettingsLocation) (at /Users/chkuang/Workspace/git/unity-jar-resolver/source/VersionHandlerImpl/src/ProjectSettings.cs:485)
Google.ProjectSettings:SetBool (string,bool) (at /Users/chkuang/Workspace/git/unity-jar-resolver/source/VersionHandlerImpl/src/ProjectSettings.cs:497)
Google.IOSResolver:set_VerboseLoggingEnabled (bool) (at /Users/amaurice/Documents/GitHub/unity-jar-resolver/source/IOSResolver/src/IOSResolver.cs:1041)
Google.IOSResolver:.cctor () (at /Users/amaurice/Documents/GitHub/unity-jar-resolver/source/IOSResolver/src/IOSResolver.cs:727)
System.Runtime.CompilerServices.RuntimeHelpers:RunClassConstructor (System.RuntimeTypeHandle)
UnityEditor.EditorAssemblies:ProcessInitializeOnLoadAttributes (System.Type[])

(Filename: /Users/chkuang/Workspace/git/unity-jar-resolver/source/VersionHandlerImpl/src/ProjectSettings.cs Line: 844)

Mono: successfully reloaded assembly
[Package Manager] Failed to launch server process. Reason: Unity was launched with the -noUpm command-line argument
[Package Manager] Unable to send message (not connected to server process).
[Package Manager] Cannot connect to Unity Package Manager local server
- Finished resetting the current domain, in  0.655 seconds
Domain Reload Profiling: 1239ms
	BeginReloadAssembly (161ms)
		ExecutionOrderSort (0ms)
		DisableScriptedObjects (3ms)
		BackupInstance (0ms)
		ReleaseScriptingObjects (0ms)
		CreateAndSetChildDomain (49ms)
	RebuildCommonClasses (29ms)
	RebuildNativeTypeToScriptingClass (10ms)
	initialDomainReloadingComplete (23ms)
	LoadAllAssembliesAndSetupDomain (361ms)
		LoadAssemblies (297ms)
		RebuildTransferFunctionScriptingTraits (0ms)
		AnalyzeDomain (135ms)
			TypeCache.Refresh (9ms)
				TypeCache.ScanAssembly (1ms)
			BuildScriptInfoCaches (113ms)
			ResolveRequiredComponents (9ms)
	FinalizeReload (656ms)
		ReleaseScriptCaches (0ms)
		RebuildScriptCaches (0ms)
		SetupLoadedEditorAssemblies (474ms)
			LogAssemblyErrors (0ms)
			InitializePlatformSupportModulesInManaged (15ms)
			SetLoadedEditorAssemblies (3ms)
			BeforeProcessingInitializeOnLoad (47ms)
			ProcessInitializeOnLoadAttributes (361ms)
			ProcessInitializeOnLoadMethodAttributes (45ms)
			AfterProcessingInitializeOnLoad (3ms)
			EditorAssembliesLoaded (1ms)
		ExecutionOrderSort2 (0ms)
		AwakeInstancesAfterBackupRestoration (10ms)
Refreshing native plugins compatible for Editor in 4.43 ms, found 7 plugins.
Preloading 0 native plugins for Editor in 0.00 ms.
Unloading 161 Unused Serialized files (Serialized files now loaded: 0)
Unloading 6341 unused Assets / (15.2 MB). Loaded Objects now: 6818.
Memory consumption went from 187.6 MB to 172.3 MB.
Total: 10.973200 ms (FindLiveObjects: 0.438000 ms CreateObjectMapping: 0.337600 ms MarkObjects: 3.766500 ms  DeleteObjects: 6.430200 ms)

Prepare: number of updated asset objects reloaded= 0
========================================================================
Received Prepare
Refreshing native plugins compatible for Editor in 4.33 ms, found 7 plugins.
Preloading 0 native plugins for Editor in 0.00 ms.
Unloading 95 Unused Serialized files (Serialized files now loaded: 0)
Unloading 6234 unused Assets / (14.8 MB). Loaded Objects now: 6814.
Memory consumption went from 184.9 MB to 170.1 MB.
Total: 30.993900 ms (FindLiveObjects: 0.703400 ms CreateObjectMapping: 0.286900 ms MarkObjects: 23.772300 ms  DeleteObjects: 6.229400 ms)

Prepare: number of updated asset objects reloaded= 0
========================================================================
Received Prepare
Refreshing native plugins compatible for Editor in 3.92 ms, found 7 plugins.
Preloading 0 native plugins for Editor in 0.00 ms.
Unloading 93 Unused Serialized files (Serialized files now loaded: 0)
Unloading 6234 unused Assets / (15.0 MB). Loaded Objects now: 6814.
Memory consumption went from 184.4 MB to 169.4 MB.
Total: 9.565000 ms (FindLiveObjects: 0.454700 ms CreateObjectMapping: 0.292100 ms MarkObjects: 3.409900 ms  DeleteObjects: 5.407300 ms)

Prepare: number of updated asset objects reloaded= 0
========================================================================
Received Prepare
Refreshing native plugins compatible for Editor in 4.69 ms, found 7 plugins.
Preloading 0 native plugins for Editor in 0.00 ms.
Unloading 93 Unused Serialized files (Serialized files now loaded: 0)
Unloading 6234 unused Assets / (15.1 MB). Loaded Objects now: 6814.
Memory consumption went from 184.3 MB to 169.2 MB.
Total: 36.398000 ms (FindLiveObjects: 0.705400 ms CreateObjectMapping: 0.282800 ms MarkObjects: 28.578700 ms  DeleteObjects: 6.828900 ms)

Prepare: number of updated asset objects reloaded= 0
========================================================================
Received Prepare
Refreshing native plugins compatible for Editor in 4.18 ms, found 7 plugins.
Preloading 0 native plugins for Editor in 0.00 ms.
Unloading 93 Unused Serialized files (Serialized files now loaded: 0)
Unloading 6234 unused Assets / (14.8 MB). Loaded Objects now: 6814.
Memory consumption went from 184.4 MB to 169.6 MB.
Total: 9.757100 ms (FindLiveObjects: 0.428500 ms CreateObjectMapping: 0.260800 ms MarkObjects: 3.322600 ms  DeleteObjects: 5.743200 ms)

Prepare: number of updated asset objects reloaded= 0
========================================================================
Received Prepare
Refreshing native plugins compatible for Editor in 4.48 ms, found 7 plugins.
Preloading 0 native plugins for Editor in 0.00 ms.
Unloading 93 Unused Serialized files (Serialized files now loaded: 0)
Unloading 6234 unused Assets / (14.7 MB). Loaded Objects now: 6814.
Memory consumption went from 184.4 MB to 169.8 MB.
Total: 13.606200 ms (FindLiveObjects: 0.577700 ms CreateObjectMapping: 0.476300 ms MarkObjects: 6.213000 ms  DeleteObjects: 6.336900 ms)

Prepare: number of updated asset objects reloaded= 0
========================================================================
Received Prepare
Refreshing native plugins compatible for Editor in 4.30 ms, found 7 plugins.
Preloading 0 native plugins for Editor in 0.00 ms.
Unloading 93 Unused Serialized files (Serialized files now loaded: 0)
Unloading 6234 unused Assets / (14.8 MB). Loaded Objects now: 6814.
Memory consumption went from 184.3 MB to 169.6 MB.
Total: 10.217700 ms (FindLiveObjects: 0.468700 ms CreateObjectMapping: 0.284800 ms MarkObjects: 3.422900 ms  DeleteObjects: 6.040500 ms)

Prepare: number of updated asset objects reloaded= 0
========================================================================
Received Prepare
Refreshing native plugins compatible for Editor in 4.09 ms, found 7 plugins.
Preloading 0 native plugins for Editor in 0.00 ms.
Unloading 93 Unused Serialized files (Serialized files now loaded: 0)
Unloading 6237 unused Assets / (15.3 MB). Loaded Objects now: 6813.
Memory consumption went from 184.5 MB to 169.2 MB.
Total: 12.580600 ms (FindLiveObjects: 0.531400 ms CreateObjectMapping: 0.478200 ms MarkObjects: 5.229400 ms  DeleteObjects: 6.339700 ms)

Prepare: number of updated asset objects reloaded= 0
========================================================================
Received Prepare
Refreshing native plugins compatible for Editor in 5.45 ms, found 7 plugins.
Preloading 0 native plugins for Editor in 0.00 ms.
Unloading 95 Unused Serialized files (Serialized files now loaded: 0)
Unloading 6237 unused Assets / (15.2 MB). Loaded Objects now: 6813.
Memory consumption went from 185.0 MB to 169.8 MB.
Total: 11.922700 ms (FindLiveObjects: 0.437700 ms CreateObjectMapping: 0.265200 ms MarkObjects: 4.731400 ms  DeleteObjects: 6.487000 ms)

Prepare: number of updated asset objects reloaded= 0
========================================================================
Received Prepare
Refreshing native plugins compatible for Editor in 5.64 ms, found 7 plugins.
Preloading 0 native plugins for Editor in 0.00 ms.
Unloading 95 Unused Serialized files (Serialized files now loaded: 0)
Unloading 6236 unused Assets / (14.6 MB). Loaded Objects now: 6812.
Memory consumption went from 185.0 MB to 170.4 MB.
Total: 11.703200 ms (FindLiveObjects: 0.774800 ms CreateObjectMapping: 0.368800 ms MarkObjects: 4.634100 ms  DeleteObjects: 5.924300 ms)

Prepare: number of updated asset objects reloaded= 0
========================================================================
Received Prepare
Begin MonoManager ReloadAssembly
C:\build\output\Unity-Technologies\mono\mono\metadata\icall.c:1842:
C:\build\output\Unity-Technologies\mono\mono\metadata\icall.c:1842:
C:\build\output\Unity-Technologies\mono\mono\metadata\icall.c:1842:
C:\build\output\Unity-Technologies\mono\mono\metadata\icall.c:1842:
C:\build\output\Unity-Technologies\mono\mono\metadata\icall.c:1842:
C:\build\output\Unity-Technologies\mono\mono\metadata\icall.c:1842:
C:\build\output\Unity-Technologies\mono\mono\metadata\icall.c:1842:
C:\build\output\Unity-Technologies\mono\mono\metadata\icall.c:1842:
C:\build\output\Unity-Technologies\mono\mono\metadata\icall.c:1842:
C:\build\output\Unity-Technologies\mono\mono\metadata\icall.c:1842:
C:\build\output\Unity-Technologies\mono\mono\metadata\icall.c:1842:
C:\build\output\Unity-Technologies\mono\mono\metadata\icall.c:1842:
Symbol file LoadedFromMemory is not a mono symbol file
- Loaded All Assemblies, in  3.200 seconds
Refreshing native plugins compatible for Editor in 4.64 ms, found 7 plugins.
Native extension for iOS target not found
Native extension for Android target not found
Native extension for WindowsStandalone target not found
[Package Manager] Failed to launch server process. Reason: Unity was launched with the -noUpm command-line argument
[Package Manager] Unable to send message (not connected to server process).
[Package Manager] Cannot connect to Unity Package Manager local server
System.IO.IOException: Sharing violation on path C:\Users\Jodie\Documents\project\AR\newtest\ARCloudAnchors\ARCloudAnchors\ProjectSettings\GvhProjectSettings.xml
  at System.IO.FileStream..ctor (System.String path, System.IO.FileMode mode, System.IO.FileAccess access, System.IO.FileShare share, System.Int32 bufferSize, System.Boolean anonymous, System.IO.FileOptions options) [0x0019e] in <1334a096378c46d2bd2be2db1a37116e>:0 
  at System.IO.FileStream..ctor (System.String path, System.IO.FileMode mode, System.IO.FileAccess access, System.IO.FileShare share, System.Int32 bufferSize, System.IO.FileOptions options) [0x00000] in <1334a096378c46d2bd2be2db1a37116e>:0 
  at (wrapper remoting-invoke-with-check) System.IO.FileStream..ctor(string,System.IO.FileMode,System.IO.FileAccess,System.IO.FileShare,int,System.IO.FileOptions)
  at System.IO.StreamReader..ctor (System.String path, System.Text.Encoding encoding, System.Boolean detectEncodingFromByteOrderMarks, System.Int32 bufferSize) [0x00055] in <1334a096378c46d2bd2be2db1a37116e>:0 
  at System.IO.StreamReader..ctor (System.String path, System.Boolean detectEncodingFromByteOrderMarks) [0x00007] in <1334a096378c46d2bd2be2db1a37116e>:0 
  at System.IO.StreamReader..ctor (System.String path) [0x00000] in <1334a096378c46d2bd2be2db1a37116e>:0 
  at (wrapper remoting-invoke-with-check) System.IO.StreamReader..ctor(string)
  at Google.XmlUtilities.ParseXmlTextFileElements (System.String filename, Google.Logger logger, Google.XmlUtilities+ParseElement parseElement) [0x0000f] in /Users/chkuang/Workspace/git/unity-jar-resolver/source/VersionHandlerImpl/src/XmlUtilities.cs:104 
  at Google.ProjectSettings.Load () [0x00012] in /Users/chkuang/Workspace/git/unity-jar-resolver/source/VersionHandlerImpl/src/ProjectSettings.cs:777 
  at Google.ProjectSettings.LoadIfEmpty () [0x0001b] in /Users/chkuang/Workspace/git/unity-jar-resolver/source/VersionHandlerImpl/src/ProjectSettings.cs:558 
  at Google.ProjectSettings.GetBool (System.String name, System.Boolean defaultValue, Google.SettingsLocation location) [0x0002b] in /Users/chkuang/Workspace/git/unity-jar-resolver/source/VersionHandlerImpl/src/ProjectSettings.cs:606 
  at Google.ProjectSettings.GetBool (System.String name, System.Boolean defaultValue) [0x00000] in /Users/chkuang/Workspace/git/unity-jar-resolver/source/VersionHandlerImpl/src/ProjectSettings.cs:619 
  at Google.IOSResolver.get_VerboseLoggingEnabled () [0x00001] in /Users/amaurice/Documents/GitHub/unity-jar-resolver/source/IOSResolver/src/IOSResolver.cs:1039 
  at Google.IOSResolver..cctor () [0x00223] in /Users/amaurice/Documents/GitHub/unity-jar-resolver/source/IOSResolver/src/IOSResolver.cs:727 
UnityEngine.Debug:ExtractStackTraceNoAlloc (byte*,int,string)
UnityEngine.StackTraceUtility:ExtractStackTrace ()
UnityEngine.DebugLogHandler:Internal_Log (UnityEngine.LogType,UnityEngine.LogOption,string,UnityEngine.Object)
UnityEngine.DebugLogHandler:LogFormat (UnityEngine.LogType,UnityEngine.Object,string,object[])
UnityEngine.Logger:Log (UnityEngine.LogType,object)
UnityEngine.Debug:LogError (object)
UnityEditor.EditorAssemblies:ProcessInitializeOnLoadAttributes (System.Type[])

Mono: successfully reloaded assembly
[Package Manager] Failed to launch server process. Reason: Unity was launched with the -noUpm command-line argument
[Package Manager] Unable to send message (not connected to server process).
[Package Manager] Cannot connect to Unity Package Manager local server
- Finished resetting the current domain, in  1.126 seconds
Domain Reload Profiling: 4326ms
	BeginReloadAssembly (1434ms)
		ExecutionOrderSort (0ms)
		DisableScriptedObjects (67ms)
		BackupInstance (0ms)
		ReleaseScriptingObjects (1ms)
		CreateAndSetChildDomain (667ms)
	RebuildCommonClasses (43ms)
	RebuildNativeTypeToScriptingClass (11ms)
	initialDomainReloadingComplete (70ms)
	LoadAllAssembliesAndSetupDomain (1641ms)
		LoadAssemblies (1657ms)
		RebuildTransferFunctionScriptingTraits (0ms)
		AnalyzeDomain (231ms)
			TypeCache.Refresh (23ms)
				TypeCache.ScanAssembly (0ms)
			BuildScriptInfoCaches (178ms)
			ResolveRequiredComponents (16ms)
	FinalizeReload (1126ms)
		ReleaseScriptCaches (0ms)
		RebuildScriptCaches (0ms)
		SetupLoadedEditorAssemblies (799ms)
			LogAssemblyErrors (0ms)
			InitializePlatformSupportModulesInManaged (32ms)
			SetLoadedEditorAssemblies (4ms)
			BeforeProcessingInitializeOnLoad (58ms)
			ProcessInitializeOnLoadAttributes (594ms)
			ProcessInitializeOnLoadMethodAttributes (105ms)
			AfterProcessingInitializeOnLoad (3ms)
			EditorAssembliesLoaded (3ms)
		ExecutionOrderSort2 (0ms)
		AwakeInstancesAfterBackupRestoration (16ms)
Refreshing native plugins compatible for Editor in 4.00 ms, found 7 plugins.
Preloading 0 native plugins for Editor in 0.00 ms.
Unloading 161 Unused Serialized files (Serialized files now loaded: 0)
Unloading 6341 unused Assets / (15.2 MB). Loaded Objects now: 6819.
Memory consumption went from 193.3 MB to 178.1 MB.
Total: 11.435400 ms (FindLiveObjects: 1.118300 ms CreateObjectMapping: 0.338200 ms MarkObjects: 3.603200 ms  DeleteObjects: 6.374100 ms)

Prepare: number of updated asset objects reloaded= 0
========================================================================
Received Prepare
Refreshing native plugins compatible for Editor in 4.95 ms, found 7 plugins.
Preloading 0 native plugins for Editor in 0.00 ms.
Unloading 95 Unused Serialized files (Serialized files now loaded: 0)
Unloading 6236 unused Assets / (15.0 MB). Loaded Objects now: 6813.
Memory consumption went from 190.8 MB to 175.9 MB.
Total: 13.842300 ms (FindLiveObjects: 0.517100 ms CreateObjectMapping: 0.379400 ms MarkObjects: 5.661800 ms  DeleteObjects: 7.282400 ms)

Prepare: number of updated asset objects reloaded= 0
========================================================================
Received Prepare
Refreshing native plugins compatible for Editor in 3.87 ms, found 7 plugins.
Preloading 0 native plugins for Editor in 0.00 ms.
Unloading 95 Unused Serialized files (Serialized files now loaded: 0)
Unloading 6236 unused Assets / (15.0 MB). Loaded Objects now: 6813.
Memory consumption went from 190.7 MB to 175.7 MB.
Total: 12.094900 ms (FindLiveObjects: 0.488300 ms CreateObjectMapping: 0.260900 ms MarkObjects: 4.832800 ms  DeleteObjects: 6.512100 ms)

Prepare: number of updated asset objects reloaded= 0
========================================================================
Received Prepare
Begin MonoManager ReloadAssembly
C:\build\output\Unity-Technologies\mono\mono\metadata\icall.c:1842:
C:\build\output\Unity-Technologies\mono\mono\metadata\icall.c:1842:
C:\build\output\Unity-Technologies\mono\mono\metadata\icall.c:1842:
C:\build\output\Unity-Technologies\mono\mono\metadata\icall.c:1842:
C:\build\output\Unity-Technologies\mono\mono\metadata\icall.c:1842:
C:\build\output\Unity-Technologies\mono\mono\metadata\icall.c:1842:
C:\build\output\Unity-Technologies\mono\mono\metadata\icall.c:1842:
C:\build\output\Unity-Technologies\mono\mono\metadata\icall.c:1842:
C:\build\output\Unity-Technologies\mono\mono\metadata\icall.c:1842:
C:\build\output\Unity-Technologies\mono\mono\metadata\icall.c:1842:
C:\build\output\Unity-Technologies\mono\mono\metadata\icall.c:1842:
C:\build\output\Unity-Technologies\mono\mono\metadata\icall.c:1842:
Symbol file LoadedFromMemory is not a mono symbol file
- Loaded All Assemblies, in  0.758 seconds
Refreshing native plugins compatible for Editor in 12.63 ms, found 7 plugins.
Native extension for iOS target not found
Native extension for Android target not found
Native extension for WindowsStandalone target not found
[Package Manager] Failed to launch server process. Reason: Unity was launched with the -noUpm command-line argument
[Package Manager] Unable to send message (not connected to server process).
[Package Manager] Cannot connect to Unity Package Manager local server
Mono: successfully reloaded assembly
[Package Manager] Failed to launch server process. Reason: Unity was launched with the -noUpm command-line argument
[Package Manager] Unable to send message (not connected to server process).
[Package Manager] Cannot connect to Unity Package Manager local server
- Finished resetting the current domain, in  0.927 seconds
Domain Reload Profiling: 1684ms
	BeginReloadAssembly (232ms)
		ExecutionOrderSort (0ms)
		DisableScriptedObjects (5ms)
		BackupInstance (0ms)
		ReleaseScriptingObjects (0ms)
		CreateAndSetChildDomain (52ms)
	RebuildCommonClasses (42ms)
	RebuildNativeTypeToScriptingClass (15ms)
	initialDomainReloadingComplete (36ms)
	LoadAllAssembliesAndSetupDomain (431ms)
		LoadAssemblies (377ms)
		RebuildTransferFunctionScriptingTraits (0ms)
		AnalyzeDomain (173ms)
			TypeCache.Refresh (10ms)
				TypeCache.ScanAssembly (0ms)
			BuildScriptInfoCaches (146ms)
			ResolveRequiredComponents (14ms)
	FinalizeReload (928ms)
		ReleaseScriptCaches (0ms)
		RebuildScriptCaches (0ms)
		SetupLoadedEditorAssemblies (689ms)
			LogAssemblyErrors (0ms)
			InitializePlatformSupportModulesInManaged (59ms)
			SetLoadedEditorAssemblies (3ms)
			BeforeProcessingInitializeOnLoad (74ms)
			ProcessInitializeOnLoadAttributes (487ms)
			ProcessInitializeOnLoadMethodAttributes (63ms)
			AfterProcessingInitializeOnLoad (4ms)
			EditorAssembliesLoaded (1ms)
		ExecutionOrderSort2 (0ms)
		AwakeInstancesAfterBackupRestoration (11ms)
Refreshing native plugins compatible for Editor in 5.35 ms, found 7 plugins.
Preloading 0 native plugins for Editor in 0.00 ms.
Unloading 161 Unused Serialized files (Serialized files now loaded: 0)
Unloading 6341 unused Assets / (15.2 MB). Loaded Objects now: 6820.
Memory consumption went from 195.2 MB to 180.0 MB.
Total: 12.664000 ms (FindLiveObjects: 1.080600 ms CreateObjectMapping: 0.307000 ms MarkObjects: 3.576700 ms  DeleteObjects: 7.698200 ms)

Prepare: number of updated asset objects reloaded= 0
========================================================================
Received Prepare
Refreshing native plugins compatible for Editor in 4.55 ms, found 7 plugins.
Preloading 0 native plugins for Editor in 0.00 ms.
Unloading 95 Unused Serialized files (Serialized files now loaded: 0)
Unloading 6234 unused Assets / (15.1 MB). Loaded Objects now: 6816.
Memory consumption went from 192.7 MB to 177.6 MB.
Total: 11.605400 ms (FindLiveObjects: 0.455000 ms CreateObjectMapping: 0.315200 ms MarkObjects: 4.757000 ms  DeleteObjects: 6.076800 ms)

Prepare: number of updated asset objects reloaded= 0
========================================================================
Received Prepare
Refreshing native plugins compatible for Editor in 4.34 ms, found 7 plugins.
Preloading 0 native plugins for Editor in 0.00 ms.
Unloading 93 Unused Serialized files (Serialized files now loaded: 0)
Unloading 6234 unused Assets / (14.2 MB). Loaded Objects now: 6816.
Memory consumption went from 192.0 MB to 177.9 MB.
Total: 10.947100 ms (FindLiveObjects: 0.458700 ms CreateObjectMapping: 0.284800 ms MarkObjects: 3.512200 ms  DeleteObjects: 6.689500 ms)

Prepare: number of updated asset objects reloaded= 0
========================================================================
Received Prepare
Refreshing native plugins compatible for Editor in 4.32 ms, found 7 plugins.
Preloading 0 native plugins for Editor in 0.00 ms.
Unloading 93 Unused Serialized files (Serialized files now loaded: 0)
Unloading 6237 unused Assets / (15.0 MB). Loaded Objects now: 6815.
Memory consumption went from 192.1 MB to 177.1 MB.
Total: 46.456700 ms (FindLiveObjects: 0.812900 ms CreateObjectMapping: 0.289400 ms MarkObjects: 37.990200 ms  DeleteObjects: 7.362000 ms)

Prepare: number of updated asset objects reloaded= 0
========================================================================
Received Prepare
Refreshing native plugins compatible for Editor in 4.10 ms, found 7 plugins.
Preloading 0 native plugins for Editor in 0.00 ms.
Unloading 95 Unused Serialized files (Serialized files now loaded: 0)
Unloading 6237 unused Assets / (15.0 MB). Loaded Objects now: 6815.
Memory consumption went from 192.6 MB to 177.6 MB.
Total: 11.258200 ms (FindLiveObjects: 0.433700 ms CreateObjectMapping: 0.281400 ms MarkObjects: 4.407300 ms  DeleteObjects: 6.132000 ms)

Prepare: number of updated asset objects reloaded= 0
========================================================================
Received Prepare
Refreshing native plugins compatible for Editor in 3.93 ms, found 7 plugins.
Preloading 0 native plugins for Editor in 0.00 ms.
Unloading 95 Unused Serialized files (Serialized files now loaded: 0)
Unloading 6237 unused Assets / (15.3 MB). Loaded Objects now: 6815.
Memory consumption went from 192.5 MB to 177.3 MB.
Total: 10.809600 ms (FindLiveObjects: 0.444500 ms CreateObjectMapping: 0.250800 ms MarkObjects: 3.522800 ms  DeleteObjects: 6.590600 ms)

Prepare: number of updated asset objects reloaded= 0
========================================================================
Received Prepare
Begin MonoManager ReloadAssembly
C:\build\output\Unity-Technologies\mono\mono\metadata\icall.c:1842:
C:\build\output\Unity-Technologies\mono\mono\metadata\icall.c:1842:
C:\build\output\Unity-Technologies\mono\mono\metadata\icall.c:1842:
C:\build\output\Unity-Technologies\mono\mono\metadata\icall.c:1842:
C:\build\output\Unity-Technologies\mono\mono\metadata\icall.c:1842:
C:\build\output\Unity-Technologies\mono\mono\metadata\icall.c:1842:
C:\build\output\Unity-Technologies\mono\mono\metadata\icall.c:1842:
C:\build\output\Unity-Technologies\mono\mono\metadata\icall.c:1842:
C:\build\output\Unity-Technologies\mono\mono\metadata\icall.c:1842:
C:\build\output\Unity-Technologies\mono\mono\metadata\icall.c:1842:
C:\build\output\Unity-Technologies\mono\mono\metadata\icall.c:1842:
C:\build\output\Unity-Technologies\mono\mono\metadata\icall.c:1842:
Symbol file LoadedFromMemory is not a mono symbol file
- Loaded All Assemblies, in  2.192 seconds
Refreshing native plugins compatible for Editor in 4.66 ms, found 7 plugins.
Native extension for iOS target not found
Native extension for Android target not found
Native extension for WindowsStandalone target not found
[Package Manager] Failed to launch server process. Reason: Unity was launched with the -noUpm command-line argument
[Package Manager] Unable to send message (not connected to server process).
[Package Manager] Cannot connect to Unity Package Manager local server
Mono: successfully reloaded assembly
[Package Manager] Failed to launch server process. Reason: Unity was launched with the -noUpm command-line argument
[Package Manager] Unable to send message (not connected to server process).
[Package Manager] Cannot connect to Unity Package Manager local server
- Finished resetting the current domain, in  0.715 seconds
Domain Reload Profiling: 2906ms
	BeginReloadAssembly (391ms)
		ExecutionOrderSort (0ms)
		DisableScriptedObjects (24ms)
		BackupInstance (0ms)
		ReleaseScriptingObjects (1ms)
		CreateAndSetChildDomain (145ms)
	RebuildCommonClasses (28ms)
	RebuildNativeTypeToScriptingClass (11ms)
	initialDomainReloadingComplete (27ms)
	LoadAllAssembliesAndSetupDomain (1735ms)
		LoadAssemblies (1254ms)
		RebuildTransferFunctionScriptingTraits (0ms)
		AnalyzeDomain (590ms)
			TypeCache.Refresh (153ms)
				TypeCache.ScanAssembly (5ms)
			BuildScriptInfoCaches (367ms)
			ResolveRequiredComponents (11ms)
	FinalizeReload (716ms)
		ReleaseScriptCaches (0ms)
		RebuildScriptCaches (0ms)
		SetupLoadedEditorAssemblies (506ms)
			LogAssemblyErrors (0ms)
			InitializePlatformSupportModulesInManaged (21ms)
			SetLoadedEditorAssemblies (4ms)
			BeforeProcessingInitializeOnLoad (53ms)
			ProcessInitializeOnLoadAttributes (375ms)
			ProcessInitializeOnLoadMethodAttributes (49ms)
			AfterProcessingInitializeOnLoad (3ms)
			EditorAssembliesLoaded (1ms)
		ExecutionOrderSort2 (0ms)
		AwakeInstancesAfterBackupRestoration (9ms)
Refreshing native plugins compatible for Editor in 6.08 ms, found 7 plugins.
Preloading 0 native plugins for Editor in 0.00 ms.
Unloading 161 Unused Serialized files (Serialized files now loaded: 0)
Unloading 6342 unused Assets / (14.8 MB). Loaded Objects now: 6822.
Memory consumption went from 197.0 MB to 182.2 MB.
Total: 13.138900 ms (FindLiveObjects: 0.473400 ms CreateObjectMapping: 0.499100 ms MarkObjects: 3.924900 ms  DeleteObjects: 8.240000 ms)

Prepare: number of updated asset objects reloaded= 0
========================================================================
Received Prepare
Refreshing native plugins compatible for Editor in 5.28 ms, found 7 plugins.
Preloading 0 native plugins for Editor in 0.00 ms.
Unloading 95 Unused Serialized files (Serialized files now loaded: 0)
Unloading 6235 unused Assets / (14.7 MB). Loaded Objects now: 6818.
Memory consumption went from 194.6 MB to 179.9 MB.
Total: 60.124900 ms (FindLiveObjects: 0.899900 ms CreateObjectMapping: 0.702100 ms MarkObjects: 51.134900 ms  DeleteObjects: 7.383600 ms)

Prepare: number of updated asset objects reloaded= 0
========================================================================
Received Prepare
Refreshing native plugins compatible for Editor in 4.49 ms, found 7 plugins.
Preloading 0 native plugins for Editor in 0.00 ms.
Unloading 93 Unused Serialized files (Serialized files now loaded: 0)
Unloading 6235 unused Assets / (14.9 MB). Loaded Objects now: 6818.
Memory consumption went from 194.0 MB to 179.1 MB.
Total: 10.601600 ms (FindLiveObjects: 0.414900 ms CreateObjectMapping: 0.284100 ms MarkObjects: 3.329800 ms  DeleteObjects: 6.571800 ms)

Prepare: number of updated asset objects reloaded= 0
========================================================================
Received Prepare
Refreshing native plugins compatible for Editor in 4.16 ms, found 7 plugins.
Preloading 0 native plugins for Editor in 0.00 ms.
Unloading 93 Unused Serialized files (Serialized files now loaded: 0)
Unloading 6235 unused Assets / (14.9 MB). Loaded Objects now: 6818.
Memory consumption went from 194.0 MB to 179.1 MB.
Total: 12.759700 ms (FindLiveObjects: 0.452400 ms CreateObjectMapping: 0.260200 ms MarkObjects: 5.759800 ms  DeleteObjects: 6.285100 ms)

Prepare: number of updated asset objects reloaded= 0
========================================================================
Received Prepare
Refreshing native plugins compatible for Editor in 5.58 ms, found 7 plugins.
Preloading 0 native plugins for Editor in 0.00 ms.
Unloading 93 Unused Serialized files (Serialized files now loaded: 0)
Unloading 6235 unused Assets / (14.7 MB). Loaded Objects now: 6818.
Memory consumption went from 194.0 MB to 179.3 MB.
Total: 13.446900 ms (FindLiveObjects: 0.542200 ms CreateObjectMapping: 0.460300 ms MarkObjects: 5.088300 ms  DeleteObjects: 7.354700 ms)

Prepare: number of updated asset objects reloaded= 0
========================================================================
Received Prepare
Refreshing native plugins compatible for Editor in 4.58 ms, found 7 plugins.
Preloading 0 native plugins for Editor in 0.00 ms.
Unloading 93 Unused Serialized files (Serialized files now loaded: 0)
Unloading 6235 unused Assets / (14.9 MB). Loaded Objects now: 6818.
Memory consumption went from 194.1 MB to 179.1 MB.
Total: 11.981700 ms (FindLiveObjects: 0.460900 ms CreateObjectMapping: 0.269600 ms MarkObjects: 5.087300 ms  DeleteObjects: 6.161200 ms)

Prepare: number of updated asset objects reloaded= 0
========================================================================
Received Prepare
Refreshing native plugins compatible for Editor in 4.19 ms, found 7 plugins.
Preloading 0 native plugins for Editor in 0.00 ms.
Unloading 93 Unused Serialized files (Serialized files now loaded: 0)
Unloading 6235 unused Assets / (14.8 MB). Loaded Objects now: 6818.
Memory consumption went from 194.0 MB to 179.2 MB.
Total: 9.567200 ms (FindLiveObjects: 0.431500 ms CreateObjectMapping: 0.270100 ms MarkObjects: 3.357700 ms  DeleteObjects: 5.506800 ms)

Prepare: number of updated asset objects reloaded= 0
========================================================================
Received Import Request.
  Time since last request: 3367.489238 seconds.
  path: Assets/TextMesh Pro/Examples & Extras/Textures/Text Overflow - Linked Text UI Screenshot.png
  artifactKey: Guid(c76d18757a194d618355f05f815cb0a1) Importer(815301076,1909f56bfc062723c751e8b465ee728b)
Start importing Assets/TextMesh Pro/Examples & Extras/Textures/Text Overflow - Linked Text UI Screenshot.png using Guid(c76d18757a194d618355f05f815cb0a1) Importer(815301076,1909f56bfc062723c751e8b465ee728b) (PreviewImporter) -> (artifact id: '349a3739f243eddb691c5d64878066be') in 0.4507561 seconds
Number of updated asset objects reloaded before import = 0Number of asset objects unloaded after import = 2

========================================================================
Received Prepare
Refreshing native plugins compatible for Editor in 4.68 ms, found 7 plugins.
Preloading 0 native plugins for Editor in 0.00 ms.
Unloading 93 Unused Serialized files (Serialized files now loaded: 0)
Unloading 6235 unused Assets / (14.5 MB). Loaded Objects now: 6821.
Memory consumption went from 193.8 MB to 179.3 MB.
Total: 40.185300 ms (FindLiveObjects: 0.756100 ms CreateObjectMapping: 0.259300 ms MarkObjects: 33.594800 ms  DeleteObjects: 5.571700 ms)

Prepare: number of updated asset objects reloaded= 0
========================================================================
Received Prepare
Refreshing native plugins compatible for Editor in 4.14 ms, found 7 plugins.
Preloading 0 native plugins for Editor in 0.00 ms.
Unloading 93 Unused Serialized files (Serialized files now loaded: 0)
Unloading 6235 unused Assets / (14.9 MB). Loaded Objects now: 6821.
Memory consumption went from 193.7 MB to 178.9 MB.
Total: 10.178500 ms (FindLiveObjects: 0.479400 ms CreateObjectMapping: 0.272000 ms MarkObjects: 3.781200 ms  DeleteObjects: 5.644500 ms)

Prepare: number of updated asset objects reloaded= 0
========================================================================
Received Prepare
Refreshing native plugins compatible for Editor in 5.28 ms, found 7 plugins.
Preloading 0 native plugins for Editor in 0.00 ms.
Unloading 93 Unused Serialized files (Serialized files now loaded: 0)
Unloading 6235 unused Assets / (14.9 MB). Loaded Objects now: 6821.
Memory consumption went from 193.8 MB to 178.9 MB.
Total: 13.074600 ms (FindLiveObjects: 0.490900 ms CreateObjectMapping: 0.302600 ms MarkObjects: 6.359300 ms  DeleteObjects: 5.920100 ms)

Prepare: number of updated asset objects reloaded= 0
========================================================================
Received Prepare
Refreshing native plugins compatible for Editor in 4.53 ms, found 7 plugins.
Preloading 0 native plugins for Editor in 0.00 ms.
Unloading 93 Unused Serialized files (Serialized files now loaded: 0)
Unloading 6235 unused Assets / (14.8 MB). Loaded Objects now: 6821.
Memory consumption went from 193.7 MB to 178.9 MB.
Total: 10.945000 ms (FindLiveObjects: 0.479500 ms CreateObjectMapping: 0.271800 ms MarkObjects: 3.932100 ms  DeleteObjects: 6.260300 ms)

Prepare: number of updated asset objects reloaded= 0
========================================================================
Received Prepare
Refreshing native plugins compatible for Editor in 4.79 ms, found 7 plugins.
Preloading 0 native plugins for Editor in 0.00 ms.
Unloading 93 Unused Serialized files (Serialized files now loaded: 0)
Unloading 6235 unused Assets / (15.1 MB). Loaded Objects now: 6821.
Memory consumption went from 193.7 MB to 178.6 MB.
Total: 14.176900 ms (FindLiveObjects: 0.684000 ms CreateObjectMapping: 0.301500 ms MarkObjects: 5.885400 ms  DeleteObjects: 7.304000 ms)

Prepare: number of updated asset objects reloaded= 0
========================================================================
Received Prepare
Refreshing native plugins compatible for Editor in 4.23 ms, found 7 plugins.
Preloading 0 native plugins for Editor in 0.00 ms.
Unloading 93 Unused Serialized files (Serialized files now loaded: 0)
Unloading 6235 unused Assets / (14.9 MB). Loaded Objects now: 6821.
Memory consumption went from 193.7 MB to 178.8 MB.
Total: 10.622200 ms (FindLiveObjects: 0.439400 ms CreateObjectMapping: 0.268800 ms MarkObjects: 3.534500 ms  DeleteObjects: 6.376400 ms)

Prepare: number of updated asset objects reloaded= 0
========================================================================
Received Prepare
Refreshing native plugins compatible for Editor in 4.76 ms, found 7 plugins.
Preloading 0 native plugins for Editor in 0.00 ms.
Unloading 93 Unused Serialized files (Serialized files now loaded: 0)
Unloading 6235 unused Assets / (14.8 MB). Loaded Objects now: 6821.
Memory consumption went from 193.7 MB to 178.9 MB.
Total: 12.817100 ms (FindLiveObjects: 0.467800 ms CreateObjectMapping: 0.282900 ms MarkObjects: 5.613900 ms  DeleteObjects: 6.450600 ms)

Prepare: number of updated asset objects reloaded= 0
========================================================================
Received Prepare
Refreshing native plugins compatible for Editor in 4.37 ms, found 7 plugins.
Preloading 0 native plugins for Editor in 0.00 ms.
Unloading 93 Unused Serialized files (Serialized files now loaded: 0)
Unloading 6235 unused Assets / (14.7 MB). Loaded Objects now: 6821.
Memory consumption went from 193.7 MB to 179.0 MB.
Total: 11.630100 ms (FindLiveObjects: 0.568500 ms CreateObjectMapping: 0.493800 ms MarkObjects: 4.009100 ms  DeleteObjects: 6.557300 ms)

Prepare: number of updated asset objects reloaded= 0
========================================================================
Received Prepare
Refreshing native plugins compatible for Editor in 8.30 ms, found 7 plugins.
Preloading 0 native plugins for Editor in 0.00 ms.
Unloading 93 Unused Serialized files (Serialized files now loaded: 0)
Unloading 6235 unused Assets / (14.8 MB). Loaded Objects now: 6821.
Memory consumption went from 193.7 MB to 178.9 MB.
Total: 12.401100 ms (FindLiveObjects: 0.541500 ms CreateObjectMapping: 0.381000 ms MarkObjects: 5.555700 ms  DeleteObjects: 5.920900 ms)

Prepare: number of updated asset objects reloaded= 0
========================================================================
Received Prepare
Refreshing native plugins compatible for Editor in 4.19 ms, found 7 plugins.
Preloading 0 native plugins for Editor in 0.00 ms.
Unloading 93 Unused Serialized files (Serialized files now loaded: 0)
Unloading 6235 unused Assets / (14.9 MB). Loaded Objects now: 6821.
Memory consumption went from 193.7 MB to 178.8 MB.
Total: 9.858900 ms (FindLiveObjects: 0.436600 ms CreateObjectMapping: 0.315900 ms MarkObjects: 3.539200 ms  DeleteObjects: 5.565100 ms)

Prepare: number of updated asset objects reloaded= 0
========================================================================
Received Prepare
Refreshing native plugins compatible for Editor in 8.41 ms, found 7 plugins.
Preloading 0 native plugins for Editor in 0.00 ms.
Unloading 93 Unused Serialized files (Serialized files now loaded: 0)
Unloading 6235 unused Assets / (14.9 MB). Loaded Objects now: 6821.
Memory consumption went from 193.7 MB to 178.8 MB.
Total: 37.977300 ms (FindLiveObjects: 0.579300 ms CreateObjectMapping: 0.271400 ms MarkObjects: 30.134100 ms  DeleteObjects: 6.990300 ms)

Prepare: number of updated asset objects reloaded= 0
========================================================================
Received Prepare
Refreshing native plugins compatible for Editor in 4.29 ms, found 7 plugins.
Preloading 0 native plugins for Editor in 0.00 ms.
Unloading 93 Unused Serialized files (Serialized files now loaded: 0)
Unloading 6235 unused Assets / (15.1 MB). Loaded Objects now: 6821.
Memory consumption went from 193.8 MB to 178.7 MB.
Total: 10.597600 ms (FindLiveObjects: 0.473600 ms CreateObjectMapping: 0.280700 ms MarkObjects: 3.964600 ms  DeleteObjects: 5.876000 ms)

Prepare: number of updated asset objects reloaded= 0
========================================================================
Received Prepare
Refreshing native plugins compatible for Editor in 4.69 ms, found 7 plugins.
Preloading 0 native plugins for Editor in 0.00 ms.
Unloading 93 Unused Serialized files (Serialized files now loaded: 0)
Unloading 6235 unused Assets / (14.6 MB). Loaded Objects now: 6821.
Memory consumption went from 193.6 MB to 179.0 MB.
Total: 16.815100 ms (FindLiveObjects: 1.115200 ms CreateObjectMapping: 0.456100 ms MarkObjects: 7.992700 ms  DeleteObjects: 7.249300 ms)

Prepare: number of updated asset objects reloaded= 0
========================================================================
Received Prepare
Refreshing native plugins compatible for Editor in 3.96 ms, found 7 plugins.
Preloading 0 native plugins for Editor in 0.00 ms.
Unloading 93 Unused Serialized files (Serialized files now loaded: 0)
Unloading 6235 unused Assets / (14.8 MB). Loaded Objects now: 6821.
Memory consumption went from 193.7 MB to 178.9 MB.
Total: 10.758400 ms (FindLiveObjects: 0.401700 ms CreateObjectMapping: 0.278600 ms MarkObjects: 3.932600 ms  DeleteObjects: 6.144100 ms)

Prepare: number of updated asset objects reloaded= 0
========================================================================
Received Prepare
Refreshing native plugins compatible for Editor in 4.70 ms, found 7 plugins.
Preloading 0 native plugins for Editor in 0.00 ms.
Unloading 93 Unused Serialized files (Serialized files now loaded: 0)
Unloading 6235 unused Assets / (15.3 MB). Loaded Objects now: 6821.
Memory consumption went from 193.8 MB to 178.5 MB.
Total: 52.654700 ms (FindLiveObjects: 0.879100 ms CreateObjectMapping: 0.325500 ms MarkObjects: 43.009200 ms  DeleteObjects: 8.437500 ms)

Prepare: number of updated asset objects reloaded= 0
========================================================================
Received Prepare
Refreshing native plugins compatible for Editor in 4.44 ms, found 7 plugins.
Preloading 0 native plugins for Editor in 0.00 ms.
Unloading 93 Unused Serialized files (Serialized files now loaded: 0)
Unloading 6235 unused Assets / (14.6 MB). Loaded Objects now: 6821.
Memory consumption went from 193.7 MB to 179.1 MB.
Total: 10.973000 ms (FindLiveObjects: 0.457700 ms CreateObjectMapping: 0.290900 ms MarkObjects: 4.394100 ms  DeleteObjects: 5.828300 ms)

Prepare: number of updated asset objects reloaded= 0
========================================================================
Received Prepare
Refreshing native plugins compatible for Editor in 4.45 ms, found 7 plugins.
Preloading 0 native plugins for Editor in 0.00 ms.
Unloading 93 Unused Serialized files (Serialized files now loaded: 0)
Unloading 6235 unused Assets / (15.2 MB). Loaded Objects now: 6821.
Memory consumption went from 193.8 MB to 178.6 MB.
Total: 14.012400 ms (FindLiveObjects: 0.649700 ms CreateObjectMapping: 0.294900 ms MarkObjects: 6.170300 ms  DeleteObjects: 6.895800 ms)

Prepare: number of updated asset objects reloaded= 0
========================================================================
Received Prepare
Refreshing native plugins compatible for Editor in 4.28 ms, found 7 plugins.
Preloading 0 native plugins for Editor in 0.00 ms.
Unloading 93 Unused Serialized files (Serialized files now loaded: 0)
Unloading 6235 unused Assets / (15.0 MB). Loaded Objects now: 6821.
Memory consumption went from 193.8 MB to 178.8 MB.
Total: 9.700400 ms (FindLiveObjects: 0.476000 ms CreateObjectMapping: 0.318600 ms MarkObjects: 3.602400 ms  DeleteObjects: 5.302400 ms)

Prepare: number of updated asset objects reloaded= 0
========================================================================
Received Import Request.
  Time since last request: 50363.941678 seconds.
  path: Assets/Samples/XR Interaction Toolkit/2.5.4/AR Starter Assets/Prefabs/XR Screen Space Controller.prefab
  artifactKey: Guid(069266f272f67eb43b7e9423a4e669d2) Importer(815301076,1909f56bfc062723c751e8b465ee728b)
Start importing Assets/Samples/XR Interaction Toolkit/2.5.4/AR Starter Assets/Prefabs/XR Screen Space Controller.prefab using Guid(069266f272f67eb43b7e9423a4e669d2) Importer(815301076,1909f56bfc062723c751e8b465ee728b) (PreviewImporter) -> (artifact id: '8b607aca5ce6c1044a5d92e1a99b3b46') in 0.3204796 seconds
Number of updated asset objects reloaded before import = 0Number of asset objects unloaded after import = 17

========================================================================
Received Prepare
Refreshing native plugins compatible for Editor in 5.51 ms, found 7 plugins.
Preloading 0 native plugins for Editor in 0.00 ms.
Unloading 93 Unused Serialized files (Serialized files now loaded: 0)
Unloading 6235 unused Assets / (15.3 MB). Loaded Objects now: 6821.
Memory consumption went from 195.1 MB to 179.8 MB.
Total: 149.140600 ms (FindLiveObjects: 2.582500 ms CreateObjectMapping: 0.366500 ms MarkObjects: 136.537900 ms  DeleteObjects: 9.650100 ms)

Prepare: number of updated asset objects reloaded= 0
========================================================================
Received Prepare
Refreshing native plugins compatible for Editor in 4.49 ms, found 7 plugins.
Preloading 0 native plugins for Editor in 0.00 ms.
Unloading 93 Unused Serialized files (Serialized files now loaded: 0)
Unloading 6235 unused Assets / (14.7 MB). Loaded Objects now: 6821.
Memory consumption went from 195.1 MB to 180.4 MB.
Total: 12.435500 ms (FindLiveObjects: 0.423500 ms CreateObjectMapping: 0.268600 ms MarkObjects: 3.869200 ms  DeleteObjects: 7.872800 ms)

Prepare: number of updated asset objects reloaded= 0
========================================================================
Received Prepare
Refreshing native plugins compatible for Editor in 4.76 ms, found 7 plugins.
Preloading 0 native plugins for Editor in 0.00 ms.
Unloading 93 Unused Serialized files (Serialized files now loaded: 0)
Unloading 6235 unused Assets / (15.3 MB). Loaded Objects now: 6821.
Memory consumption went from 195.1 MB to 179.8 MB.
Total: 43.989500 ms (FindLiveObjects: 0.688400 ms CreateObjectMapping: 0.300600 ms MarkObjects: 35.249400 ms  DeleteObjects: 7.749300 ms)

Prepare: number of updated asset objects reloaded= 0
========================================================================
Received Prepare
Refreshing native plugins compatible for Editor in 4.83 ms, found 7 plugins.
Preloading 0 native plugins for Editor in 0.00 ms.
Unloading 93 Unused Serialized files (Serialized files now loaded: 0)
Unloading 6235 unused Assets / (15.0 MB). Loaded Objects now: 6821.
Memory consumption went from 195.0 MB to 180.0 MB.
Total: 11.471400 ms (FindLiveObjects: 0.430800 ms CreateObjectMapping: 0.312200 ms MarkObjects: 4.402400 ms  DeleteObjects: 6.324500 ms)

Prepare: number of updated asset objects reloaded= 0
========================================================================
Received Import Request.
  Time since last request: 31291.466378 seconds.
  path: Assets/Cyborg/Animations/_cyborg_walk_right_45.fbx
  artifactKey: Guid(d72a5abbd72f6344098275056a7b0e64) Importer(815301076,1909f56bfc062723c751e8b465ee728b)
Start importing Assets/Cyborg/Animations/_cyborg_walk_right_45.fbx using Guid(d72a5abbd72f6344098275056a7b0e64) Importer(815301076,1909f56bfc062723c751e8b465ee728b) (PreviewImporter) -> (artifact id: '18b13c228cd8e49de9466793d4d5e6f0') in 0.1240151 seconds
Number of updated asset objects reloaded before import = 0Number of asset objects unloaded after import = 207

========================================================================
Received Import Request.
  Time since last request: 0.000113 seconds.
  path: Assets/Cyborg/Animations/_cyborg_walk_turn_right.fbx
  artifactKey: Guid(d28df41174a6f224aa1ac8e5599ae591) Importer(815301076,1909f56bfc062723c751e8b465ee728b)
Start importing Assets/Cyborg/Animations/_cyborg_walk_turn_right.fbx using Guid(d28df41174a6f224aa1ac8e5599ae591) Importer(815301076,1909f56bfc062723c751e8b465ee728b) (PreviewImporter) -> (artifact id: 'cae83914a8ffc79151e44529eaa87f84') in 0.0056065 seconds
Number of updated asset objects reloaded before import = 0Number of asset objects unloaded after import = 207

========================================================================
Received Import Request.
  Time since last request: 0.000023 seconds.
  path: Assets/FastMesh/Meshs/Park/Park-Bench1.fbx
  artifactKey: Guid(debfe07b15b53c44bb7f1637929e481f) Importer(815301076,1909f56bfc062723c751e8b465ee728b)
Start importing Assets/FastMesh/Meshs/Park/Park-Bench1.fbx using Guid(debfe07b15b53c44bb7f1637929e481f) Importer(815301076,1909f56bfc062723c751e8b465ee728b) (PreviewImporter) -> (artifact id: '3a3a45e7bc883a081638de0c82510e58') in 0.8447076 seconds
Number of updated asset objects reloaded before import = 0Number of asset objects unloaded after import = 55

========================================================================
Received Prepare
Begin MonoManager ReloadAssembly
C:\build\output\Unity-Technologies\mono\mono\metadata\icall.c:1842:
C:\build\output\Unity-Technologies\mono\mono\metadata\icall.c:1842:
C:\build\output\Unity-Technologies\mono\mono\metadata\icall.c:1842:
C:\build\output\Unity-Technologies\mono\mono\metadata\icall.c:1842:
C:\build\output\Unity-Technologies\mono\mono\metadata\icall.c:1842:
C:\build\output\Unity-Technologies\mono\mono\metadata\icall.c:1842:
C:\build\output\Unity-Technologies\mono\mono\metadata\icall.c:1842:
C:\build\output\Unity-Technologies\mono\mono\metadata\icall.c:1842:
C:\build\output\Unity-Technologies\mono\mono\metadata\icall.c:1842:
C:\build\output\Unity-Technologies\mono\mono\metadata\icall.c:1842:
C:\build\output\Unity-Technologies\mono\mono\metadata\icall.c:1842:
C:\build\output\Unity-Technologies\mono\mono\metadata\icall.c:1842:
Symbol file LoadedFromMemory is not a mono symbol file
- Loaded All Assemblies, in  2.839 seconds
Refreshing native plugins compatible for Editor in 4.46 ms, found 7 plugins.
Native extension for iOS target not found
Native extension for Android target not found
Native extension for WindowsStandalone target not found
[Package Manager] Failed to launch server process. Reason: Unity was launched with the -noUpm command-line argument
[Package Manager] Unable to send message (not connected to server process).
[Package Manager] Cannot connect to Unity Package Manager local server
Mono: successfully reloaded assembly
[Package Manager] Failed to launch server process. Reason: Unity was launched with the -noUpm command-line argument
[Package Manager] Unable to send message (not connected to server process).
[Package Manager] Cannot connect to Unity Package Manager local server
- Finished resetting the current domain, in  1.337 seconds
Domain Reload Profiling: 4176ms
	BeginReloadAssembly (720ms)
		ExecutionOrderSort (0ms)
		DisableScriptedObjects (57ms)
		BackupInstance (0ms)
		ReleaseScriptingObjects (2ms)
		CreateAndSetChildDomain (369ms)
	RebuildCommonClasses (36ms)
	RebuildNativeTypeToScriptingClass (16ms)
	initialDomainReloadingComplete (246ms)
	LoadAllAssembliesAndSetupDomain (1820ms)
		LoadAssemblies (1769ms)
		RebuildTransferFunctionScriptingTraits (0ms)
		AnalyzeDomain (222ms)
			TypeCache.Refresh (12ms)
				TypeCache.ScanAssembly (0ms)
			BuildScriptInfoCaches (173ms)
			ResolveRequiredComponents (31ms)
	FinalizeReload (1337ms)
		ReleaseScriptCaches (0ms)
		RebuildScriptCaches (0ms)
		SetupLoadedEditorAssemblies (860ms)
			LogAssemblyErrors (0ms)
			InitializePlatformSupportModulesInManaged (29ms)
			SetLoadedEditorAssemblies (10ms)
			BeforeProcessingInitializeOnLoad (135ms)
			ProcessInitializeOnLoadAttributes (634ms)
			ProcessInitializeOnLoadMethodAttributes (47ms)
			AfterProcessingInitializeOnLoad (4ms)
			EditorAssembliesLoaded (1ms)
		ExecutionOrderSort2 (0ms)
		AwakeInstancesAfterBackupRestoration (10ms)
Refreshing native plugins compatible for Editor in 4.35 ms, found 7 plugins.
Preloading 0 native plugins for Editor in 0.00 ms.
Unloading 168 Unused Serialized files (Serialized files now loaded: 0)
Unloading 6331 unused Assets / (14.0 MB). Loaded Objects now: 6877.
Memory consumption went from 207.3 MB to 193.4 MB.
Total: 10.004100 ms (FindLiveObjects: 0.523400 ms CreateObjectMapping: 0.497400 ms MarkObjects: 3.898100 ms  DeleteObjects: 5.083500 ms)

Prepare: number of updated asset objects reloaded= 0
========================================================================
Received Prepare
Begin MonoManager ReloadAssembly
C:\build\output\Unity-Technologies\mono\mono\metadata\icall.c:1842:
C:\build\output\Unity-Technologies\mono\mono\metadata\icall.c:1842:
C:\build\output\Unity-Technologies\mono\mono\metadata\icall.c:1842:
C:\build\output\Unity-Technologies\mono\mono\metadata\icall.c:1842:
C:\build\output\Unity-Technologies\mono\mono\metadata\icall.c:1842:
C:\build\output\Unity-Technologies\mono\mono\metadata\icall.c:1842:
C:\build\output\Unity-Technologies\mono\mono\metadata\icall.c:1842:
C:\build\output\Unity-Technologies\mono\mono\metadata\icall.c:1842:
C:\build\output\Unity-Technologies\mono\mono\metadata\icall.c:1842:
C:\build\output\Unity-Technologies\mono\mono\metadata\icall.c:1842:
C:\build\output\Unity-Technologies\mono\mono\metadata\icall.c:1842:
C:\build\output\Unity-Technologies\mono\mono\metadata\icall.c:1842:
Symbol file LoadedFromMemory is not a mono symbol file
- Loaded All Assemblies, in  0.598 seconds
Refreshing native plugins compatible for Editor in 5.89 ms, found 7 plugins.
Native extension for iOS target not found
Native extension for Android target not found
Native extension for WindowsStandalone target not found
[Package Manager] Failed to launch server process. Reason: Unity was launched with the -noUpm command-line argument
[Package Manager] Unable to send message (not connected to server process).
[Package Manager] Cannot connect to Unity Package Manager local server
Mono: successfully reloaded assembly
[Package Manager] Failed to launch server process. Reason: Unity was launched with the -noUpm command-line argument
[Package Manager] Unable to send message (not connected to server process).
[Package Manager] Cannot connect to Unity Package Manager local server
- Finished resetting the current domain, in  0.650 seconds
Domain Reload Profiling: 1246ms
	BeginReloadAssembly (164ms)
		ExecutionOrderSort (0ms)
		DisableScriptedObjects (4ms)
		BackupInstance (0ms)
		ReleaseScriptingObjects (0ms)
		CreateAndSetChildDomain (45ms)
	RebuildCommonClasses (32ms)
	RebuildNativeTypeToScriptingClass (10ms)
	initialDomainReloadingComplete (25ms)
	LoadAllAssembliesAndSetupDomain (364ms)
		LoadAssemblies (307ms)
		RebuildTransferFunctionScriptingTraits (0ms)
		AnalyzeDomain (133ms)
			TypeCache.Refresh (7ms)
				TypeCache.ScanAssembly (0ms)
			BuildScriptInfoCaches (114ms)
			ResolveRequiredComponents (10ms)
	FinalizeReload (651ms)
		ReleaseScriptCaches (0ms)
		RebuildScriptCaches (0ms)
		SetupLoadedEditorAssemblies (459ms)
			LogAssemblyErrors (0ms)
			InitializePlatformSupportModulesInManaged (15ms)
			SetLoadedEditorAssemblies (3ms)
			BeforeProcessingInitializeOnLoad (49ms)
			ProcessInitializeOnLoadAttributes (338ms)
			ProcessInitializeOnLoadMethodAttributes (51ms)
			AfterProcessingInitializeOnLoad (3ms)
			EditorAssembliesLoaded (0ms)
		ExecutionOrderSort2 (0ms)
		AwakeInstancesAfterBackupRestoration (10ms)
Refreshing native plugins compatible for Editor in 4.12 ms, found 7 plugins.
Preloading 0 native plugins for Editor in 0.00 ms.
Unloading 151 Unused Serialized files (Serialized files now loaded: 0)
Unloading 6331 unused Assets / (13.8 MB). Loaded Objects now: 6878.
Memory consumption went from 206.2 MB to 192.3 MB.
Total: 9.011500 ms (FindLiveObjects: 0.416500 ms CreateObjectMapping: 0.266600 ms MarkObjects: 3.130000 ms  DeleteObjects: 5.197400 ms)

Prepare: number of updated asset objects reloaded= 0
========================================================================
Received Prepare
Begin MonoManager ReloadAssembly
C:\build\output\Unity-Technologies\mono\mono\metadata\icall.c:1842:
C:\build\output\Unity-Technologies\mono\mono\metadata\icall.c:1842:
C:\build\output\Unity-Technologies\mono\mono\metadata\icall.c:1842:
C:\build\output\Unity-Technologies\mono\mono\metadata\icall.c:1842:
C:\build\output\Unity-Technologies\mono\mono\metadata\icall.c:1842:
C:\build\output\Unity-Technologies\mono\mono\metadata\icall.c:1842:
C:\build\output\Unity-Technologies\mono\mono\metadata\icall.c:1842:
C:\build\output\Unity-Technologies\mono\mono\metadata\icall.c:1842:
C:\build\output\Unity-Technologies\mono\mono\metadata\icall.c:1842:
C:\build\output\Unity-Technologies\mono\mono\metadata\icall.c:1842:
C:\build\output\Unity-Technologies\mono\mono\metadata\icall.c:1842:
C:\build\output\Unity-Technologies\mono\mono\metadata\icall.c:1842:
Symbol file LoadedFromMemory is not a mono symbol file
- Loaded All Assemblies, in  0.554 seconds
Refreshing native plugins compatible for Editor in 6.07 ms, found 7 plugins.
Native extension for iOS target not found
Native extension for Android target not found
Native extension for WindowsStandalone target not found
[Package Manager] Failed to launch server process. Reason: Unity was launched with the -noUpm command-line argument
[Package Manager] Unable to send message (not connected to server process).
[Package Manager] Cannot connect to Unity Package Manager local server
Mono: successfully reloaded assembly
[Package Manager] Failed to launch server process. Reason: Unity was launched with the -noUpm command-line argument
[Package Manager] Unable to send message (not connected to server process).
[Package Manager] Cannot connect to Unity Package Manager local server
- Finished resetting the current domain, in  0.679 seconds
Domain Reload Profiling: 1232ms
	BeginReloadAssembly (155ms)
		ExecutionOrderSort (0ms)
		DisableScriptedObjects (3ms)
		BackupInstance (0ms)
		ReleaseScriptingObjects (0ms)
		CreateAndSetChildDomain (40ms)
	RebuildCommonClasses (26ms)
	RebuildNativeTypeToScriptingClass (10ms)
	initialDomainReloadingComplete (23ms)
	LoadAllAssembliesAndSetupDomain (338ms)
		LoadAssemblies (268ms)
		RebuildTransferFunctionScriptingTraits (0ms)
		AnalyzeDomain (146ms)
			TypeCache.Refresh (6ms)
				TypeCache.ScanAssembly (0ms)
			BuildScriptInfoCaches (128ms)
			ResolveRequiredComponents (10ms)
	FinalizeReload (679ms)
		ReleaseScriptCaches (0ms)
		RebuildScriptCaches (0ms)
		SetupLoadedEditorAssemblies (485ms)
			LogAssemblyErrors (0ms)
			InitializePlatformSupportModulesInManaged (18ms)
			SetLoadedEditorAssemblies (4ms)
			BeforeProcessingInitializeOnLoad (46ms)
			ProcessInitializeOnLoadAttributes (364ms)
			ProcessInitializeOnLoadMethodAttributes (50ms)
			AfterProcessingInitializeOnLoad (3ms)
			EditorAssembliesLoaded (1ms)
		ExecutionOrderSort2 (0ms)
		AwakeInstancesAfterBackupRestoration (11ms)
Refreshing native plugins compatible for Editor in 4.43 ms, found 7 plugins.
Preloading 0 native plugins for Editor in 0.00 ms.
Unloading 151 Unused Serialized files (Serialized files now loaded: 0)
Unloading 6331 unused Assets / (14.2 MB). Loaded Objects now: 6879.
Memory consumption went from 208.0 MB to 193.7 MB.
Total: 12.253700 ms (FindLiveObjects: 0.489200 ms CreateObjectMapping: 0.340100 ms MarkObjects: 4.093300 ms  DeleteObjects: 7.330100 ms)

Prepare: number of updated asset objects reloaded= 0
========================================================================
Received Prepare
Refreshing native plugins compatible for Editor in 4.56 ms, found 7 plugins.
Preloading 0 native plugins for Editor in 0.00 ms.
Unloading 85 Unused Serialized files (Serialized files now loaded: 0)
Unloading 6224 unused Assets / (13.8 MB). Loaded Objects now: 6875.
Memory consumption went from 205.6 MB to 191.8 MB.
Total: 45.329400 ms (FindLiveObjects: 0.773500 ms CreateObjectMapping: 0.347700 ms MarkObjects: 38.106000 ms  DeleteObjects: 6.100100 ms)

Prepare: number of updated asset objects reloaded= 0
========================================================================
Received Prepare
Refreshing native plugins compatible for Editor in 3.90 ms, found 7 plugins.
Preloading 0 native plugins for Editor in 0.00 ms.
Unloading 83 Unused Serialized files (Serialized files now loaded: 0)
Unloading 6224 unused Assets / (14.1 MB). Loaded Objects now: 6875.
Memory consumption went from 204.8 MB to 190.7 MB.
Total: 11.351800 ms (FindLiveObjects: 0.818800 ms CreateObjectMapping: 0.249200 ms MarkObjects: 3.489000 ms  DeleteObjects: 6.793100 ms)

Prepare: number of updated asset objects reloaded= 0
