Using pre-set license
Built from '2023.2/staging' branch; Version is '2023.2.3f1 (21747dafc6ee) revision 2192509'; Using compiler version '193431935'; Build Type 'Release'
OS: 'Windows 11  (10.0.22631) 64bit Core' Language: 'en' Physical Memory: 16068 MB
BatchMode: 1, IsHumanControllingUs: 0, StartBugReporterOnCrash: 0, Is64bit: 1, IsPro: 1

COMMAND LINE ARGUMENTS:
C:\Program Files\Unity\Hub\Editor\2023.2.3f1\Editor\Unity.exe
-adb2
-batchMode
-noUpm
-name
AssetImportWorker1
-projectPath
C:/Users/Jodie/Documents/project/AR/newtest/ARCloudAnchors/ARCloudAnchors
-logFile
Logs/AssetImportWorker1.log
-srvPort
64860
-job-worker-count
9
-background-job-worker-count
8
-asset-garbage-collectors
1
Successfully changed project path to: C:/Users/Jodie/Documents/project/AR/newtest/ARCloudAnchors/ARCloudAnchors
C:/Users/Jodie/Documents/project/AR/newtest/ARCloudAnchors/ARCloudAnchors
[UnityMemory] Configuration Parameters - Can be set up in boot.config
    "memorysetup-bucket-allocator-granularity=16"
    "memorysetup-bucket-allocator-bucket-count=8"
    "memorysetup-bucket-allocator-block-size=33554432"
    "memorysetup-bucket-allocator-block-count=8"
    "memorysetup-main-allocator-block-size=16777216"
    "memorysetup-thread-allocator-block-size=16777216"
    "memorysetup-gfx-main-allocator-block-size=16777216"
    "memorysetup-gfx-thread-allocator-block-size=16777216"
    "memorysetup-cache-allocator-block-size=4194304"
    "memorysetup-typetree-allocator-block-size=2097152"
    "memorysetup-profiler-bucket-allocator-granularity=16"
    "memorysetup-profiler-bucket-allocator-bucket-count=8"
    "memorysetup-profiler-bucket-allocator-block-size=33554432"
    "memorysetup-profiler-bucket-allocator-block-count=8"
    "memorysetup-profiler-allocator-block-size=16777216"
    "memorysetup-profiler-editor-allocator-block-size=1048576"
    "memorysetup-temp-allocator-size-main=16777216"
    "memorysetup-job-temp-allocator-block-size=2097152"
    "memorysetup-job-temp-allocator-block-size-background=1048576"
    "memorysetup-job-temp-allocator-reduction-small-platforms=262144"
    "memorysetup-allocator-temp-initial-block-size-main=262144"
    "memorysetup-allocator-temp-initial-block-size-worker=262144"
    "memorysetup-temp-allocator-size-background-worker=32768"
    "memorysetup-temp-allocator-size-job-worker=262144"
    "memorysetup-temp-allocator-size-preload-manager=33554432"
    "memorysetup-temp-allocator-size-nav-mesh-worker=65536"
    "memorysetup-temp-allocator-size-audio-worker=65536"
    "memorysetup-temp-allocator-size-cloud-worker=32768"
    "memorysetup-temp-allocator-size-gi-baking-worker=262144"
    "memorysetup-temp-allocator-size-gi-baking-worker=262144"
    "memorysetup-temp-allocator-size-gi-baking-worker=262144"
    "memorysetup-temp-allocator-size-gi-baking-worker=262144"
    "memorysetup-temp-allocator-size-gfx=262144"
Player connection [2812] Host "[IP] 192.168.0.34 [Port] 0 [Flags] 2 [Guid] 3330993243 [EditorId] 3330993243 [Version] 1048832 [Id] WindowsEditor(7,DESKTOP-6D8FKOB) [Debug] 1 [PackageName] WindowsEditor [ProjectName] Editor" joined multi-casting on [225.0.0.222:54997]...
Player connection [2812] Host "[IP] 192.168.0.34 [Port] 0 [Flags] 2 [Guid] 3330993243 [EditorId] 3330993243 [Version] 1048832 [Id] WindowsEditor(7,DESKTOP-6D8FKOB) [Debug] 1 [PackageName] WindowsEditor [ProjectName] Editor" joined alternative multi-casting on [225.0.0.222:34997]...
JobSystem: Creating JobQueue using job-worker-count value 9
[Physics::Module] Initialized MultithreadedJobDispatcher with 9 workers.
Library Redirect Path: Library/
Refreshing native plugins compatible for Editor in 24.12 ms, found 14 plugins.
Preloading 0 native plugins for Editor in 0.00 ms.
Initialize engine version: 2023.2.3f1 (21747dafc6ee)
[Subsystems] Discovering subsystems at path C:/Program Files/Unity/Hub/Editor/2023.2.3f1/Editor/Data/Resources/UnitySubsystems
[Subsystems] Discovering subsystems at path C:/Users/Jodie/Documents/project/AR/newtest/ARCloudAnchors/ARCloudAnchors/Assets
GfxDevice: creating device client; kGfxThreadingModeNonThreaded
Direct3D:
    Version:  Direct3D 11.0 [level 11.1]
    Renderer: NVIDIA GeForce RTX 4060 Laptop GPU (ID=0x28e0)
    Vendor:   NVIDIA
    VRAM:     7957 MB
    Driver:   32.0.15.5612
Initialize mono
Mono path[0] = 'C:/Program Files/Unity/Hub/Editor/2023.2.3f1/Editor/Data/Managed'
Mono path[1] = 'C:/Program Files/Unity/Hub/Editor/2023.2.3f1/Editor/Data/MonoBleedingEdge/lib/mono/unityjit-win32'
Mono config path = 'C:/Program Files/Unity/Hub/Editor/2023.2.3f1/Editor/Data/MonoBleedingEdge/etc'
Using monoOptions --debugger-agent=transport=dt_socket,embedding=1,server=y,suspend=n,address=127.0.0.1:56076
Begin MonoManager ReloadAssembly
C:\build\output\Unity-Technologies\mono\mono\metadata\icall.c:1842:
C:\build\output\Unity-Technologies\mono\mono\metadata\icall.c:1842:
C:\build\output\Unity-Technologies\mono\mono\metadata\icall.c:1842:
C:\build\output\Unity-Technologies\mono\mono\metadata\icall.c:1842:
C:\build\output\Unity-Technologies\mono\mono\metadata\icall.c:1842:
C:\build\output\Unity-Technologies\mono\mono\metadata\icall.c:1842:
C:\build\output\Unity-Technologies\mono\mono\metadata\icall.c:1842:
C:\build\output\Unity-Technologies\mono\mono\metadata\icall.c:1842:
C:\build\output\Unity-Technologies\mono\mono\metadata\icall.c:1842:
C:\build\output\Unity-Technologies\mono\mono\metadata\icall.c:1842:
Registering precompiled unity dll's ...
Register platform support module: C:/Program Files/Unity/Hub/Editor/2023.2.3f1/Editor/Data/PlaybackEngines/WindowsStandaloneSupport/UnityEditor.WindowsStandalone.Extensions.dll
Register platform support module: C:/Program Files/Unity/Hub/Editor/2023.2.3f1/Editor/Data/PlaybackEngines/AndroidPlayer/UnityEditor.Android.Extensions.dll
Register platform support module: C:/Program Files/Unity/Hub/Editor/2023.2.3f1/Editor/Data/PlaybackEngines/iOSSupport/UnityEditor.iOS.Extensions.dll
Registered in 0.005819 seconds.
- Loaded All Assemblies, in  0.354 seconds
[usbmuxd] Start listen thread
[usbmuxd] Listen thread started
Native extension for iOS target not found
Native extension for Android target not found
Android Extension - Scanning For ADB Devices 347 ms
Native extension for WindowsStandalone target not found
Mono: successfully reloaded assembly
C:\build\output\Unity-Technologies\mono\mono\metadata\icall.c:1842:
C:\build\output\Unity-Technologies\mono\mono\metadata\icall.c:1842:
- Finished resetting the current domain, in  0.634 seconds
Domain Reload Profiling: 987ms
	BeginReloadAssembly (138ms)
		ExecutionOrderSort (0ms)
		DisableScriptedObjects (0ms)
		BackupInstance (0ms)
		ReleaseScriptingObjects (0ms)
		CreateAndSetChildDomain (1ms)
	RebuildCommonClasses (31ms)
	RebuildNativeTypeToScriptingClass (9ms)
	initialDomainReloadingComplete (42ms)
	LoadAllAssembliesAndSetupDomain (131ms)
		LoadAssemblies (135ms)
		RebuildTransferFunctionScriptingTraits (0ms)
		AnalyzeDomain (128ms)
			TypeCache.Refresh (127ms)
				TypeCache.ScanAssembly (114ms)
			BuildScriptInfoCaches (0ms)
			ResolveRequiredComponents (1ms)
	FinalizeReload (635ms)
		ReleaseScriptCaches (0ms)
		RebuildScriptCaches (0ms)
		SetupLoadedEditorAssemblies (590ms)
			LogAssemblyErrors (0ms)
			InitializePlatformSupportModulesInManaged (446ms)
			SetLoadedEditorAssemblies (2ms)
			BeforeProcessingInitializeOnLoad (5ms)
			ProcessInitializeOnLoadAttributes (103ms)
			ProcessInitializeOnLoadMethodAttributes (33ms)
			AfterProcessingInitializeOnLoad (0ms)
			EditorAssembliesLoaded (0ms)
		ExecutionOrderSort2 (0ms)
		AwakeInstancesAfterBackupRestoration (0ms)
========================================================================
Worker process is ready to serve import requests
Import Worker Mode flag is 0x00
Begin MonoManager ReloadAssembly
C:\build\output\Unity-Technologies\mono\mono\metadata\icall.c:1842:
C:\build\output\Unity-Technologies\mono\mono\metadata\icall.c:1842:
C:\build\output\Unity-Technologies\mono\mono\metadata\icall.c:1842:
C:\build\output\Unity-Technologies\mono\mono\metadata\icall.c:1842:
C:\build\output\Unity-Technologies\mono\mono\metadata\icall.c:1842:
C:\build\output\Unity-Technologies\mono\mono\metadata\icall.c:1842:
C:\build\output\Unity-Technologies\mono\mono\metadata\icall.c:1842:
C:\build\output\Unity-Technologies\mono\mono\metadata\icall.c:1842:
C:\build\output\Unity-Technologies\mono\mono\metadata\icall.c:1842:
C:\build\output\Unity-Technologies\mono\mono\metadata\icall.c:1842:
C:\build\output\Unity-Technologies\mono\mono\metadata\icall.c:1842:
C:\build\output\Unity-Technologies\mono\mono\metadata\icall.c:1842:
Symbol file LoadedFromMemory is not a mono symbol file
- Loaded All Assemblies, in  0.895 seconds
'Packages/com.unity.xr.openxr/Runtime/OpenXRLoader.cs' contains partial class of Unity.Object, exactly 1 of the partial classes needs to be in a file with the same filename. This is to know the one that can be referenced from ie. GameObjects
'Packages/com.unity.xr.openxr/Runtime/OpenXRLoaderInternal.cs' contains partial class of Unity.Object, exactly 1 of the partial classes needs to be in a file with the same filename. This is to know the one that can be referenced from ie. GameObjects
Refreshing native plugins compatible for Editor in 8.21 ms, found 14 plugins.
Native extension for iOS target not found
Native extension for Android target not found
Native extension for WindowsStandalone target not found
Package Manager log level set to [2]
[Package Manager] Failed to launch server process. Reason: Unity was launched with the -noUpm command-line argument
[Package Manager] Unable to send message (not connected to server process).
[Package Manager] Cannot connect to Unity Package Manager local server
Unable to write to 'ProjectSettings\GvhProjectSettings.xml' (System.IO.IOException: Sharing violation on path C:\Users\Jodie\Documents\project\AR\newtest\ARCloudAnchors\ARCloudAnchors\ProjectSettings\GvhProjectSettings.xml
  at System.IO.FileStream..ctor (System.String path, System.IO.FileMode mode, System.IO.FileAccess access, System.IO.FileShare share, System.Int32 bufferSize, System.Boolean anonymous, System.IO.FileOptions options) [0x0019e] in <1334a096378c46d2bd2be2db1a37116e>:0 
  at System.IO.FileStream..ctor (System.String path, System.IO.FileMode mode, System.IO.FileAccess access, System.IO.FileShare share, System.Int32 bufferSize, System.IO.FileOptions options) [0x00000] in <1334a096378c46d2bd2be2db1a37116e>:0 
  at System.IO.FileStream..ctor (System.String path, System.IO.FileMode mode, System.IO.FileAccess access, System.IO.FileShare share, System.Int32 bufferSize, System.Boolean useAsync) [0x00000] in <1334a096378c46d2bd2be2db1a37116e>:0 
  at (wrapper remoting-invoke-with-check) System.IO.FileStream..ctor(string,System.IO.FileMode,System.IO.FileAccess,System.IO.FileShare,int,bool)
  at System.Xml.XmlWriterSettings.CreateWriter (System.String outputFileName) [0x00051] in <5ecb10a9d63b457f80be184a21e69bb7>:0 
  at System.Xml.XmlWriter.Create (System.String outputFileName, System.Xml.XmlWriterSettings settings) [0x0000a] in <5ecb10a9d63b457f80be184a21e69bb7>:0 
  at Google.ProjectSettings.Save () [0x0006d] in /Users/chkuang/Workspace/git/unity-jar-resolver/source/VersionHandlerImpl/src/ProjectSettings.cs:821 , Project settings were not saved!
UnityEngine.Debug:ExtractStackTraceNoAlloc (byte*,int,string)
UnityEngine.StackTraceUtility:ExtractStackTrace ()
UnityEngine.DebugLogHandler:Internal_Log (UnityEngine.LogType,UnityEngine.LogOption,string,UnityEngine.Object)
UnityEngine.DebugLogHandler:LogFormat (UnityEngine.LogType,UnityEngine.Object,string,object[])
UnityEngine.Logger:Log (UnityEngine.LogType,object)
UnityEngine.Debug:LogError (object)
Google.Logger:Log (string,Google.LogLevel) (at /Users/chkuang/Workspace/git/unity-jar-resolver/source/VersionHandlerImpl/src/Logger.cs:136)
Google.ProjectSettings:Save () (at /Users/chkuang/Workspace/git/unity-jar-resolver/source/VersionHandlerImpl/src/ProjectSettings.cs:844)
Google.ProjectSettings:SetBool (string,bool,Google.SettingsLocation) (at /Users/chkuang/Workspace/git/unity-jar-resolver/source/VersionHandlerImpl/src/ProjectSettings.cs:485)
Google.ProjectSettings:SetBool (string,bool) (at /Users/chkuang/Workspace/git/unity-jar-resolver/source/VersionHandlerImpl/src/ProjectSettings.cs:497)
Google.IOSResolver:set_VerboseLoggingEnabled (bool) (at /Users/amaurice/Documents/GitHub/unity-jar-resolver/source/IOSResolver/src/IOSResolver.cs:1041)
Google.IOSResolver:.cctor () (at /Users/amaurice/Documents/GitHub/unity-jar-resolver/source/IOSResolver/src/IOSResolver.cs:727)
System.Runtime.CompilerServices.RuntimeHelpers:RunClassConstructor (System.RuntimeTypeHandle)
UnityEditor.EditorAssemblies:ProcessInitializeOnLoadAttributes (System.Type[])

(Filename: /Users/chkuang/Workspace/git/unity-jar-resolver/source/VersionHandlerImpl/src/ProjectSettings.cs Line: 844)

Mono: successfully reloaded assembly
[Package Manager] Failed to launch server process. Reason: Unity was launched with the -noUpm command-line argument
[Package Manager] Unable to send message (not connected to server process).
[Package Manager] Cannot connect to Unity Package Manager local server
[Package Manager] Failed to launch server process. Reason: Unity was launched with the -noUpm command-line argument
[Package Manager] Unable to send message (not connected to server process).
[Package Manager] Cannot connect to Unity Package Manager local server
- Finished resetting the current domain, in  0.959 seconds
Domain Reload Profiling: 1834ms
	BeginReloadAssembly (263ms)
		ExecutionOrderSort (0ms)
		DisableScriptedObjects (4ms)
		BackupInstance (0ms)
		ReleaseScriptingObjects (0ms)
		CreateAndSetChildDomain (24ms)
	RebuildCommonClasses (25ms)
	RebuildNativeTypeToScriptingClass (10ms)
	initialDomainReloadingComplete (30ms)
	LoadAllAssembliesAndSetupDomain (548ms)
		LoadAssemblies (414ms)
		RebuildTransferFunctionScriptingTraits (0ms)
		AnalyzeDomain (208ms)
			TypeCache.Refresh (161ms)
				TypeCache.ScanAssembly (143ms)
			BuildScriptInfoCaches (33ms)
			ResolveRequiredComponents (11ms)
	FinalizeReload (959ms)
		ReleaseScriptCaches (0ms)
		RebuildScriptCaches (0ms)
		SetupLoadedEditorAssemblies (705ms)
			LogAssemblyErrors (0ms)
			InitializePlatformSupportModulesInManaged (15ms)
			SetLoadedEditorAssemblies (4ms)
			BeforeProcessingInitializeOnLoad (53ms)
			ProcessInitializeOnLoadAttributes (362ms)
			ProcessInitializeOnLoadMethodAttributes (268ms)
			AfterProcessingInitializeOnLoad (3ms)
			EditorAssembliesLoaded (0ms)
		ExecutionOrderSort2 (0ms)
		AwakeInstancesAfterBackupRestoration (7ms)
Launched and connected shader compiler UnityShaderCompiler.exe after 0.02 seconds
Refreshing native plugins compatible for Editor in 8.65 ms, found 14 plugins.
Preloading 0 native plugins for Editor in 0.00 ms.
Unloading 279 Unused Serialized files (Serialized files now loaded: 0)
Unloading 6581 unused Assets / (15.0 MB). Loaded Objects now: 7088.
Memory consumption went from 201.9 MB to 186.9 MB.
Total: 11.891000 ms (FindLiveObjects: 1.150800 ms CreateObjectMapping: 0.339200 ms MarkObjects: 4.721200 ms  DeleteObjects: 5.678100 ms)

========================================================================
Received Prepare
'Packages/com.unity.xr.openxr/Runtime/OpenXRLoader.cs' contains partial class of Unity.Object, exactly 1 of the partial classes needs to be in a file with the same filename. This is to know the one that can be referenced from ie. GameObjects
'Packages/com.unity.xr.openxr/Runtime/OpenXRLoaderInternal.cs' contains partial class of Unity.Object, exactly 1 of the partial classes needs to be in a file with the same filename. This is to know the one that can be referenced from ie. GameObjects
Refreshing native plugins compatible for Editor in 8.45 ms, found 14 plugins.
Preloading 0 native plugins for Editor in 0.00 ms.
Unloading 82 Unused Serialized files (Serialized files now loaded: 0)
Unloading 6432 unused Assets / (14.3 MB). Loaded Objects now: 7072.
Memory consumption went from 176.3 MB to 162.0 MB.
Total: 11.437800 ms (FindLiveObjects: 0.471500 ms CreateObjectMapping: 0.300300 ms MarkObjects: 5.263900 ms  DeleteObjects: 5.398000 ms)

Prepare: number of updated asset objects reloaded= 0
========================================================================
Received Prepare
'Packages/com.unity.xr.openxr/Runtime/OpenXRLoader.cs' contains partial class of Unity.Object, exactly 1 of the partial classes needs to be in a file with the same filename. This is to know the one that can be referenced from ie. GameObjects
'Packages/com.unity.xr.openxr/Runtime/OpenXRLoaderInternal.cs' contains partial class of Unity.Object, exactly 1 of the partial classes needs to be in a file with the same filename. This is to know the one that can be referenced from ie. GameObjects
Refreshing native plugins compatible for Editor in 10.92 ms, found 14 plugins.
Preloading 0 native plugins for Editor in 0.00 ms.
Unloading 80 Unused Serialized files (Serialized files now loaded: 0)
Unloading 6432 unused Assets / (14.5 MB). Loaded Objects now: 7072.
Memory consumption went from 175.5 MB to 161.0 MB.
Total: 10.125900 ms (FindLiveObjects: 0.437700 ms CreateObjectMapping: 0.280800 ms MarkObjects: 3.399400 ms  DeleteObjects: 6.006900 ms)

Prepare: number of updated asset objects reloaded= 0
========================================================================
Received Prepare
'Packages/com.unity.xr.openxr/Runtime/OpenXRLoader.cs' contains partial class of Unity.Object, exactly 1 of the partial classes needs to be in a file with the same filename. This is to know the one that can be referenced from ie. GameObjects
'Packages/com.unity.xr.openxr/Runtime/OpenXRLoaderInternal.cs' contains partial class of Unity.Object, exactly 1 of the partial classes needs to be in a file with the same filename. This is to know the one that can be referenced from ie. GameObjects
Refreshing native plugins compatible for Editor in 9.70 ms, found 14 plugins.
Preloading 0 native plugins for Editor in 0.00 ms.
Unloading 80 Unused Serialized files (Serialized files now loaded: 0)
Unloading 6432 unused Assets / (13.7 MB). Loaded Objects now: 7072.
Memory consumption went from 175.6 MB to 161.8 MB.
Total: 111.580900 ms (FindLiveObjects: 2.179800 ms CreateObjectMapping: 0.303200 ms MarkObjects: 103.490300 ms  DeleteObjects: 5.603400 ms)

Prepare: number of updated asset objects reloaded= 0
========================================================================
Received Prepare
'Packages/com.unity.xr.openxr/Runtime/OpenXRLoader.cs' contains partial class of Unity.Object, exactly 1 of the partial classes needs to be in a file with the same filename. This is to know the one that can be referenced from ie. GameObjects
'Packages/com.unity.xr.openxr/Runtime/OpenXRLoaderInternal.cs' contains partial class of Unity.Object, exactly 1 of the partial classes needs to be in a file with the same filename. This is to know the one that can be referenced from ie. GameObjects
Refreshing native plugins compatible for Editor in 10.99 ms, found 14 plugins.
Preloading 0 native plugins for Editor in 0.00 ms.
Unloading 80 Unused Serialized files (Serialized files now loaded: 0)
Unloading 6432 unused Assets / (14.9 MB). Loaded Objects now: 7072.
Memory consumption went from 175.7 MB to 160.8 MB.
Total: 14.335200 ms (FindLiveObjects: 1.728800 ms CreateObjectMapping: 0.452300 ms MarkObjects: 6.270700 ms  DeleteObjects: 5.880700 ms)

Prepare: number of updated asset objects reloaded= 0
========================================================================
Received Prepare
'Packages/com.unity.xr.openxr/Runtime/OpenXRLoader.cs' contains partial class of Unity.Object, exactly 1 of the partial classes needs to be in a file with the same filename. This is to know the one that can be referenced from ie. GameObjects
'Packages/com.unity.xr.openxr/Runtime/OpenXRLoaderInternal.cs' contains partial class of Unity.Object, exactly 1 of the partial classes needs to be in a file with the same filename. This is to know the one that can be referenced from ie. GameObjects
Refreshing native plugins compatible for Editor in 11.81 ms, found 14 plugins.
Preloading 0 native plugins for Editor in 0.00 ms.
Unloading 80 Unused Serialized files (Serialized files now loaded: 0)
Unloading 6435 unused Assets / (14.4 MB). Loaded Objects now: 7071.
Memory consumption went from 175.7 MB to 161.2 MB.
Total: 110.044600 ms (FindLiveObjects: 1.032300 ms CreateObjectMapping: 0.297800 ms MarkObjects: 99.681400 ms  DeleteObjects: 9.030700 ms)

Prepare: number of updated asset objects reloaded= 0
========================================================================
Received Prepare
'Packages/com.unity.xr.openxr/Runtime/OpenXRLoader.cs' contains partial class of Unity.Object, exactly 1 of the partial classes needs to be in a file with the same filename. This is to know the one that can be referenced from ie. GameObjects
'Packages/com.unity.xr.openxr/Runtime/OpenXRLoaderInternal.cs' contains partial class of Unity.Object, exactly 1 of the partial classes needs to be in a file with the same filename. This is to know the one that can be referenced from ie. GameObjects
Refreshing native plugins compatible for Editor in 9.00 ms, found 14 plugins.
Preloading 0 native plugins for Editor in 0.00 ms.
Unloading 82 Unused Serialized files (Serialized files now loaded: 0)
Unloading 6436 unused Assets / (14.7 MB). Loaded Objects now: 7072.
Memory consumption went from 176.1 MB to 161.4 MB.
Total: 11.093200 ms (FindLiveObjects: 0.494300 ms CreateObjectMapping: 0.294400 ms MarkObjects: 4.730300 ms  DeleteObjects: 5.572400 ms)

Prepare: number of updated asset objects reloaded= 0
========================================================================
Received Prepare
'Packages/com.unity.xr.openxr/Runtime/OpenXRLoader.cs' contains partial class of Unity.Object, exactly 1 of the partial classes needs to be in a file with the same filename. This is to know the one that can be referenced from ie. GameObjects
'Packages/com.unity.xr.openxr/Runtime/OpenXRLoaderInternal.cs' contains partial class of Unity.Object, exactly 1 of the partial classes needs to be in a file with the same filename. This is to know the one that can be referenced from ie. GameObjects
Refreshing native plugins compatible for Editor in 14.98 ms, found 14 plugins.
Preloading 0 native plugins for Editor in 0.00 ms.
Unloading 82 Unused Serialized files (Serialized files now loaded: 0)
Unloading 6437 unused Assets / (14.6 MB). Loaded Objects now: 7073.
Memory consumption went from 176.2 MB to 161.5 MB.
Total: 15.136400 ms (FindLiveObjects: 0.610200 ms CreateObjectMapping: 0.488900 ms MarkObjects: 5.664500 ms  DeleteObjects: 8.371200 ms)

Prepare: number of updated asset objects reloaded= 0
========================================================================
Received Prepare
'Packages/com.unity.xr.openxr/Runtime/OpenXRLoader.cs' contains partial class of Unity.Object, exactly 1 of the partial classes needs to be in a file with the same filename. This is to know the one that can be referenced from ie. GameObjects
'Packages/com.unity.xr.openxr/Runtime/OpenXRLoaderInternal.cs' contains partial class of Unity.Object, exactly 1 of the partial classes needs to be in a file with the same filename. This is to know the one that can be referenced from ie. GameObjects
Refreshing native plugins compatible for Editor in 9.13 ms, found 14 plugins.
Preloading 0 native plugins for Editor in 0.00 ms.
Unloading 82 Unused Serialized files (Serialized files now loaded: 0)
Unloading 6436 unused Assets / (14.3 MB). Loaded Objects now: 7072.
Memory consumption went from 176.0 MB to 161.7 MB.
Total: 10.229800 ms (FindLiveObjects: 0.480300 ms CreateObjectMapping: 0.303300 ms MarkObjects: 3.894700 ms  DeleteObjects: 5.550500 ms)

Prepare: number of updated asset objects reloaded= 0
========================================================================
Received Prepare
'Packages/com.unity.xr.openxr/Runtime/OpenXRLoader.cs' contains partial class of Unity.Object, exactly 1 of the partial classes needs to be in a file with the same filename. This is to know the one that can be referenced from ie. GameObjects
'Packages/com.unity.xr.openxr/Runtime/OpenXRLoaderInternal.cs' contains partial class of Unity.Object, exactly 1 of the partial classes needs to be in a file with the same filename. This is to know the one that can be referenced from ie. GameObjects
Refreshing native plugins compatible for Editor in 12.74 ms, found 14 plugins.
Preloading 0 native plugins for Editor in 0.00 ms.
Unloading 82 Unused Serialized files (Serialized files now loaded: 0)
Unloading 6435 unused Assets / (14.5 MB). Loaded Objects now: 7071.
Memory consumption went from 176.1 MB to 161.6 MB.
Total: 12.936500 ms (FindLiveObjects: 0.559700 ms CreateObjectMapping: 0.404300 ms MarkObjects: 5.991600 ms  DeleteObjects: 5.978400 ms)

Prepare: number of updated asset objects reloaded= 0
========================================================================
Received Prepare
'Packages/com.unity.xr.openxr/Runtime/OpenXRLoader.cs' contains partial class of Unity.Object, exactly 1 of the partial classes needs to be in a file with the same filename. This is to know the one that can be referenced from ie. GameObjects
'Packages/com.unity.xr.openxr/Runtime/OpenXRLoaderInternal.cs' contains partial class of Unity.Object, exactly 1 of the partial classes needs to be in a file with the same filename. This is to know the one that can be referenced from ie. GameObjects
Refreshing native plugins compatible for Editor in 26.57 ms, found 14 plugins.
Preloading 0 native plugins for Editor in 0.00 ms.
Unloading 82 Unused Serialized files (Serialized files now loaded: 0)
Unloading 6434 unused Assets / (14.3 MB). Loaded Objects now: 7070.
Memory consumption went from 176.1 MB to 161.8 MB.
Total: 13.101500 ms (FindLiveObjects: 0.546600 ms CreateObjectMapping: 0.559100 ms MarkObjects: 5.865600 ms  DeleteObjects: 6.127200 ms)

Prepare: number of updated asset objects reloaded= 0
========================================================================
Received Prepare
Begin MonoManager ReloadAssembly
C:\build\output\Unity-Technologies\mono\mono\metadata\icall.c:1842:
C:\build\output\Unity-Technologies\mono\mono\metadata\icall.c:1842:
C:\build\output\Unity-Technologies\mono\mono\metadata\icall.c:1842:
C:\build\output\Unity-Technologies\mono\mono\metadata\icall.c:1842:
C:\build\output\Unity-Technologies\mono\mono\metadata\icall.c:1842:
C:\build\output\Unity-Technologies\mono\mono\metadata\icall.c:1842:
C:\build\output\Unity-Technologies\mono\mono\metadata\icall.c:1842:
C:\build\output\Unity-Technologies\mono\mono\metadata\icall.c:1842:
C:\build\output\Unity-Technologies\mono\mono\metadata\icall.c:1842:
C:\build\output\Unity-Technologies\mono\mono\metadata\icall.c:1842:
C:\build\output\Unity-Technologies\mono\mono\metadata\icall.c:1842:
C:\build\output\Unity-Technologies\mono\mono\metadata\icall.c:1842:
Symbol file LoadedFromMemory is not a mono symbol file
- Loaded All Assemblies, in  1.817 seconds
'Packages/com.unity.xr.openxr/Runtime/OpenXRLoader.cs' contains partial class of Unity.Object, exactly 1 of the partial classes needs to be in a file with the same filename. This is to know the one that can be referenced from ie. GameObjects
'Packages/com.unity.xr.openxr/Runtime/OpenXRLoaderInternal.cs' contains partial class of Unity.Object, exactly 1 of the partial classes needs to be in a file with the same filename. This is to know the one that can be referenced from ie. GameObjects
Refreshing native plugins compatible for Editor in 33.75 ms, found 14 plugins.
Native extension for iOS target not found
Native extension for Android target not found
Native extension for WindowsStandalone target not found
[Package Manager] Failed to launch server process. Reason: Unity was launched with the -noUpm command-line argument
[Package Manager] Unable to send message (not connected to server process).
[Package Manager] Cannot connect to Unity Package Manager local server
Mono: successfully reloaded assembly
[Package Manager] Failed to launch server process. Reason: Unity was launched with the -noUpm command-line argument
[Package Manager] Unable to send message (not connected to server process).
[Package Manager] Cannot connect to Unity Package Manager local server
- Finished resetting the current domain, in  2.505 seconds
Domain Reload Profiling: 4321ms
	BeginReloadAssembly (659ms)
		ExecutionOrderSort (0ms)
		DisableScriptedObjects (33ms)
		BackupInstance (0ms)
		ReleaseScriptingObjects (1ms)
		CreateAndSetChildDomain (318ms)
	RebuildCommonClasses (41ms)
	RebuildNativeTypeToScriptingClass (16ms)
	initialDomainReloadingComplete (39ms)
	LoadAllAssembliesAndSetupDomain (1059ms)
		LoadAssemblies (971ms)
		RebuildTransferFunctionScriptingTraits (0ms)
		AnalyzeDomain (237ms)
			TypeCache.Refresh (24ms)
				TypeCache.ScanAssembly (0ms)
			BuildScriptInfoCaches (187ms)
			ResolveRequiredComponents (13ms)
	FinalizeReload (2506ms)
		ReleaseScriptCaches (0ms)
		RebuildScriptCaches (0ms)
		SetupLoadedEditorAssemblies (1973ms)
			LogAssemblyErrors (0ms)
			InitializePlatformSupportModulesInManaged (31ms)
			SetLoadedEditorAssemblies (4ms)
			BeforeProcessingInitializeOnLoad (76ms)
			ProcessInitializeOnLoadAttributes (530ms)
			ProcessInitializeOnLoadMethodAttributes (1313ms)
			AfterProcessingInitializeOnLoad (4ms)
			EditorAssembliesLoaded (12ms)
		ExecutionOrderSort2 (5ms)
		AwakeInstancesAfterBackupRestoration (31ms)
Refreshing native plugins compatible for Editor in 11.20 ms, found 14 plugins.
Preloading 0 native plugins for Editor in 0.00 ms.
Unloading 156 Unused Serialized files (Serialized files now loaded: 0)
Unloading 6579 unused Assets / (13.9 MB). Loaded Objects now: 7090.
Memory consumption went from 184.0 MB to 170.1 MB.
Total: 18.142900 ms (FindLiveObjects: 4.140500 ms CreateObjectMapping: 0.314300 ms MarkObjects: 5.417400 ms  DeleteObjects: 8.268800 ms)

Prepare: number of updated asset objects reloaded= 0
========================================================================
Received Prepare
'Packages/com.unity.xr.openxr/Runtime/OpenXRLoader.cs' contains partial class of Unity.Object, exactly 1 of the partial classes needs to be in a file with the same filename. This is to know the one that can be referenced from ie. GameObjects
'Packages/com.unity.xr.openxr/Runtime/OpenXRLoaderInternal.cs' contains partial class of Unity.Object, exactly 1 of the partial classes needs to be in a file with the same filename. This is to know the one that can be referenced from ie. GameObjects
Refreshing native plugins compatible for Editor in 10.22 ms, found 14 plugins.
Preloading 0 native plugins for Editor in 0.00 ms.
Unloading 82 Unused Serialized files (Serialized files now loaded: 0)
Unloading 6432 unused Assets / (14.0 MB). Loaded Objects now: 7074.
Memory consumption went from 180.5 MB to 166.5 MB.
Total: 613.838400 ms (FindLiveObjects: 1.999500 ms CreateObjectMapping: 0.332000 ms MarkObjects: 602.585200 ms  DeleteObjects: 8.918500 ms)

Prepare: number of updated asset objects reloaded= 0
========================================================================
Received Prepare
'Packages/com.unity.xr.openxr/Runtime/OpenXRLoader.cs' contains partial class of Unity.Object, exactly 1 of the partial classes needs to be in a file with the same filename. This is to know the one that can be referenced from ie. GameObjects
'Packages/com.unity.xr.openxr/Runtime/OpenXRLoaderInternal.cs' contains partial class of Unity.Object, exactly 1 of the partial classes needs to be in a file with the same filename. This is to know the one that can be referenced from ie. GameObjects
Refreshing native plugins compatible for Editor in 10.61 ms, found 14 plugins.
Preloading 0 native plugins for Editor in 0.00 ms.
Unloading 80 Unused Serialized files (Serialized files now loaded: 0)
Unloading 6432 unused Assets / (14.4 MB). Loaded Objects now: 7074.
Memory consumption went from 179.8 MB to 165.3 MB.
Total: 10.474900 ms (FindLiveObjects: 0.539600 ms CreateObjectMapping: 0.288400 ms MarkObjects: 3.565900 ms  DeleteObjects: 6.079700 ms)

Prepare: number of updated asset objects reloaded= 0
========================================================================
Received Prepare
'Packages/com.unity.xr.openxr/Runtime/OpenXRLoader.cs' contains partial class of Unity.Object, exactly 1 of the partial classes needs to be in a file with the same filename. This is to know the one that can be referenced from ie. GameObjects
'Packages/com.unity.xr.openxr/Runtime/OpenXRLoaderInternal.cs' contains partial class of Unity.Object, exactly 1 of the partial classes needs to be in a file with the same filename. This is to know the one that can be referenced from ie. GameObjects
Refreshing native plugins compatible for Editor in 13.29 ms, found 14 plugins.
Preloading 0 native plugins for Editor in 0.00 ms.
Unloading 80 Unused Serialized files (Serialized files now loaded: 0)
Unloading 6432 unused Assets / (14.6 MB). Loaded Objects now: 7074.
Memory consumption went from 179.8 MB to 165.2 MB.
Total: 81.867800 ms (FindLiveObjects: 0.896400 ms CreateObjectMapping: 0.291900 ms MarkObjects: 73.079900 ms  DeleteObjects: 7.596500 ms)

Prepare: number of updated asset objects reloaded= 0
========================================================================
Received Prepare
'Packages/com.unity.xr.openxr/Runtime/OpenXRLoader.cs' contains partial class of Unity.Object, exactly 1 of the partial classes needs to be in a file with the same filename. This is to know the one that can be referenced from ie. GameObjects
'Packages/com.unity.xr.openxr/Runtime/OpenXRLoaderInternal.cs' contains partial class of Unity.Object, exactly 1 of the partial classes needs to be in a file with the same filename. This is to know the one that can be referenced from ie. GameObjects
Refreshing native plugins compatible for Editor in 13.04 ms, found 14 plugins.
Preloading 0 native plugins for Editor in 0.00 ms.
Unloading 80 Unused Serialized files (Serialized files now loaded: 0)
Unloading 6432 unused Assets / (14.5 MB). Loaded Objects now: 7074.
Memory consumption went from 179.9 MB to 165.4 MB.
Total: 13.719000 ms (FindLiveObjects: 0.602800 ms CreateObjectMapping: 0.557700 ms MarkObjects: 5.248900 ms  DeleteObjects: 7.308300 ms)

Prepare: number of updated asset objects reloaded= 0
========================================================================
Received Import Request.
  Time since last request: 146576.177460 seconds.
  path: Assets/MobileARTemplateAssets/UI/Sprites/Icon-Cube_Mask.png
  artifactKey: Guid(c5569763ab98341e98527947a9a50f49) Importer(815301076,1909f56bfc062723c751e8b465ee728b)
Start importing Assets/MobileARTemplateAssets/UI/Sprites/Icon-Cube_Mask.png using Guid(c5569763ab98341e98527947a9a50f49) Importer(815301076,1909f56bfc062723c751e8b465ee728b) (PreviewImporter) -> (artifact id: '9fd6c6e56d1c55e3351d8114eccb7ff2') in 1.1304813 seconds
Number of updated asset objects reloaded before import = 0Number of asset objects unloaded after import = 3

========================================================================
Received Import Request.
  Time since last request: 5.455826 seconds.
  path: Assets/MobileARTemplateAssets/UI/Prefabs/Prompt_InputHints.prefab
  artifactKey: Guid(7cb8fbdf1642648388b0fc742b553264) Importer(815301076,1909f56bfc062723c751e8b465ee728b)
Start importing Assets/MobileARTemplateAssets/UI/Prefabs/Prompt_InputHints.prefab using Guid(7cb8fbdf1642648388b0fc742b553264) Importer(815301076,1909f56bfc062723c751e8b465ee728b) (PreviewImporter) -> (artifact id: '53b006920962505696157a5bd23f2ba6') in 0.1052187 seconds
Number of updated asset objects reloaded before import = 0Number of asset objects unloaded after import = 128

========================================================================
Received Import Request.
  Time since last request: 0.000063 seconds.
  path: Assets/MobileARTemplateAssets/UI/Prefabs/Prompt_ScaleObject.prefab
  artifactKey: Guid(02644bbd28622410a84cf154fc436b8a) Importer(815301076,1909f56bfc062723c751e8b465ee728b)
Start importing Assets/MobileARTemplateAssets/UI/Prefabs/Prompt_ScaleObject.prefab using Guid(02644bbd28622410a84cf154fc436b8a) Importer(815301076,1909f56bfc062723c751e8b465ee728b) (PreviewImporter) -> (artifact id: '470ebd1909b38fb3edcfbfa336c4302e') in 0.0132255 seconds
Number of updated asset objects reloaded before import = 0Number of asset objects unloaded after import = 52

========================================================================
Received Import Request.
  Time since last request: 0.000030 seconds.
  path: Assets/MobileARTemplateAssets/UI/Prefabs/Prompt_RotateObject.prefab
  artifactKey: Guid(d6df0df54b7dd4cd9ae7fa880a63e827) Importer(815301076,1909f56bfc062723c751e8b465ee728b)
Start importing Assets/MobileARTemplateAssets/UI/Prefabs/Prompt_RotateObject.prefab using Guid(d6df0df54b7dd4cd9ae7fa880a63e827) Importer(815301076,1909f56bfc062723c751e8b465ee728b) (PreviewImporter) -> (artifact id: '504d956552b8630402bf5a50edefa44e') in 0.0140055 seconds
Number of updated asset objects reloaded before import = 0Number of asset objects unloaded after import = 57

========================================================================
Received Import Request.
  Time since last request: 0.000019 seconds.
  path: Assets/MobileARTemplateAssets/UI/Prefabs/Prompt_MoveObject.prefab
  artifactKey: Guid(dae86721c71ee42018bbec0181a4e52e) Importer(815301076,1909f56bfc062723c751e8b465ee728b)
Start importing Assets/MobileARTemplateAssets/UI/Prefabs/Prompt_MoveObject.prefab using Guid(dae86721c71ee42018bbec0181a4e52e) Importer(815301076,1909f56bfc062723c751e8b465ee728b) (PreviewImporter) -> (artifact id: '36c2d53cf0b2c9367d726c7702b2df97') in 0.0126774 seconds
Number of updated asset objects reloaded before import = 0Number of asset objects unloaded after import = 47

========================================================================
Received Prepare
'Packages/com.unity.xr.openxr/Runtime/OpenXRLoader.cs' contains partial class of Unity.Object, exactly 1 of the partial classes needs to be in a file with the same filename. This is to know the one that can be referenced from ie. GameObjects
'Packages/com.unity.xr.openxr/Runtime/OpenXRLoaderInternal.cs' contains partial class of Unity.Object, exactly 1 of the partial classes needs to be in a file with the same filename. This is to know the one that can be referenced from ie. GameObjects
Refreshing native plugins compatible for Editor in 31.11 ms, found 14 plugins.
Preloading 0 native plugins for Editor in 0.00 ms.
Unloading 80 Unused Serialized files (Serialized files now loaded: 0)
Unloading 6435 unused Assets / (12.4 MB). Loaded Objects now: 7081.
Memory consumption went from 180.6 MB to 168.2 MB.
Total: 67.451100 ms (FindLiveObjects: 1.081700 ms CreateObjectMapping: 0.300100 ms MarkObjects: 60.996400 ms  DeleteObjects: 5.071300 ms)

Prepare: number of updated asset objects reloaded= 0
========================================================================
Received Prepare
'Packages/com.unity.xr.openxr/Runtime/OpenXRLoader.cs' contains partial class of Unity.Object, exactly 1 of the partial classes needs to be in a file with the same filename. This is to know the one that can be referenced from ie. GameObjects
'Packages/com.unity.xr.openxr/Runtime/OpenXRLoaderInternal.cs' contains partial class of Unity.Object, exactly 1 of the partial classes needs to be in a file with the same filename. This is to know the one that can be referenced from ie. GameObjects
Refreshing native plugins compatible for Editor in 35.69 ms, found 14 plugins.
Preloading 0 native plugins for Editor in 0.00 ms.
Unloading 82 Unused Serialized files (Serialized files now loaded: 0)
Unloading 6435 unused Assets / (15.0 MB). Loaded Objects now: 7081.
Memory consumption went from 181.1 MB to 166.1 MB.
Total: 15.781700 ms (FindLiveObjects: 0.466000 ms CreateObjectMapping: 0.291000 ms MarkObjects: 8.515500 ms  DeleteObjects: 6.507800 ms)

Prepare: number of updated asset objects reloaded= 0
========================================================================
Received Prepare
Begin MonoManager ReloadAssembly
C:\build\output\Unity-Technologies\mono\mono\metadata\icall.c:1842:
C:\build\output\Unity-Technologies\mono\mono\metadata\icall.c:1842:
C:\build\output\Unity-Technologies\mono\mono\metadata\icall.c:1842:
C:\build\output\Unity-Technologies\mono\mono\metadata\icall.c:1842:
C:\build\output\Unity-Technologies\mono\mono\metadata\icall.c:1842:
C:\build\output\Unity-Technologies\mono\mono\metadata\icall.c:1842:
C:\build\output\Unity-Technologies\mono\mono\metadata\icall.c:1842:
C:\build\output\Unity-Technologies\mono\mono\metadata\icall.c:1842:
C:\build\output\Unity-Technologies\mono\mono\metadata\icall.c:1842:
C:\build\output\Unity-Technologies\mono\mono\metadata\icall.c:1842:
C:\build\output\Unity-Technologies\mono\mono\metadata\icall.c:1842:
C:\build\output\Unity-Technologies\mono\mono\metadata\icall.c:1842:
Symbol file LoadedFromMemory is not a mono symbol file
- Loaded All Assemblies, in  2.545 seconds
'Packages/com.unity.xr.openxr/Runtime/OpenXRLoader.cs' contains partial class of Unity.Object, exactly 1 of the partial classes needs to be in a file with the same filename. This is to know the one that can be referenced from ie. GameObjects
'Packages/com.unity.xr.openxr/Runtime/OpenXRLoaderInternal.cs' contains partial class of Unity.Object, exactly 1 of the partial classes needs to be in a file with the same filename. This is to know the one that can be referenced from ie. GameObjects
Refreshing native plugins compatible for Editor in 12.05 ms, found 14 plugins.
Native extension for iOS target not found
Native extension for Android target not found
Native extension for WindowsStandalone target not found
[Package Manager] Failed to launch server process. Reason: Unity was launched with the -noUpm command-line argument
[Package Manager] Unable to send message (not connected to server process).
[Package Manager] Cannot connect to Unity Package Manager local server
Mono: successfully reloaded assembly
[Package Manager] Failed to launch server process. Reason: Unity was launched with the -noUpm command-line argument
[Package Manager] Unable to send message (not connected to server process).
[Package Manager] Cannot connect to Unity Package Manager local server
- Finished resetting the current domain, in  1.917 seconds
Domain Reload Profiling: 4460ms
	BeginReloadAssembly (605ms)
		ExecutionOrderSort (0ms)
		DisableScriptedObjects (75ms)
		BackupInstance (0ms)
		ReleaseScriptingObjects (0ms)
		CreateAndSetChildDomain (208ms)
	RebuildCommonClasses (29ms)
	RebuildNativeTypeToScriptingClass (13ms)
	initialDomainReloadingComplete (29ms)
	LoadAllAssembliesAndSetupDomain (1866ms)
		LoadAssemblies (1401ms)
		RebuildTransferFunctionScriptingTraits (0ms)
		AnalyzeDomain (598ms)
			TypeCache.Refresh (85ms)
				TypeCache.ScanAssembly (5ms)
			BuildScriptInfoCaches (372ms)
			ResolveRequiredComponents (25ms)
	FinalizeReload (1917ms)
		ReleaseScriptCaches (0ms)
		RebuildScriptCaches (0ms)
		SetupLoadedEditorAssemblies (1491ms)
			LogAssemblyErrors (0ms)
			InitializePlatformSupportModulesInManaged (21ms)
			SetLoadedEditorAssemblies (5ms)
			BeforeProcessingInitializeOnLoad (62ms)
			ProcessInitializeOnLoadAttributes (381ms)
			ProcessInitializeOnLoadMethodAttributes (1015ms)
			AfterProcessingInitializeOnLoad (4ms)
			EditorAssembliesLoaded (4ms)
		ExecutionOrderSort2 (0ms)
		AwakeInstancesAfterBackupRestoration (31ms)
Refreshing native plugins compatible for Editor in 21.68 ms, found 14 plugins.
Preloading 0 native plugins for Editor in 0.00 ms.
Unloading 155 Unused Serialized files (Serialized files now loaded: 0)
Unloading 6580 unused Assets / (14.8 MB). Loaded Objects now: 7099.
Memory consumption went from 0.87 GB to 0.86 GB.
Total: 21.693500 ms (FindLiveObjects: 2.788300 ms CreateObjectMapping: 0.465800 ms MarkObjects: 6.945200 ms  DeleteObjects: 11.492500 ms)

Prepare: number of updated asset objects reloaded= 0
========================================================================
Received Prepare
'Packages/com.unity.xr.openxr/Runtime/OpenXRLoader.cs' contains partial class of Unity.Object, exactly 1 of the partial classes needs to be in a file with the same filename. This is to know the one that can be referenced from ie. GameObjects
'Packages/com.unity.xr.openxr/Runtime/OpenXRLoaderInternal.cs' contains partial class of Unity.Object, exactly 1 of the partial classes needs to be in a file with the same filename. This is to know the one that can be referenced from ie. GameObjects
Refreshing native plugins compatible for Editor in 9.80 ms, found 14 plugins.
Preloading 0 native plugins for Editor in 0.00 ms.
Unloading 82 Unused Serialized files (Serialized files now loaded: 0)
Unloading 6433 unused Assets / (14.6 MB). Loaded Objects now: 7083.
Memory consumption went from 0.87 GB to 0.85 GB.
Total: 46.748500 ms (FindLiveObjects: 0.755700 ms CreateObjectMapping: 0.308200 ms MarkObjects: 39.867000 ms  DeleteObjects: 5.815500 ms)

Prepare: number of updated asset objects reloaded= 0
========================================================================
Received Prepare
'Packages/com.unity.xr.openxr/Runtime/OpenXRLoader.cs' contains partial class of Unity.Object, exactly 1 of the partial classes needs to be in a file with the same filename. This is to know the one that can be referenced from ie. GameObjects
'Packages/com.unity.xr.openxr/Runtime/OpenXRLoaderInternal.cs' contains partial class of Unity.Object, exactly 1 of the partial classes needs to be in a file with the same filename. This is to know the one that can be referenced from ie. GameObjects
Refreshing native plugins compatible for Editor in 9.77 ms, found 14 plugins.
Preloading 0 native plugins for Editor in 0.00 ms.
Unloading 80 Unused Serialized files (Serialized files now loaded: 0)
Unloading 6433 unused Assets / (14.5 MB). Loaded Objects now: 7083.
Memory consumption went from 0.87 GB to 0.85 GB.
Total: 10.111400 ms (FindLiveObjects: 0.445300 ms CreateObjectMapping: 0.285500 ms MarkObjects: 3.532900 ms  DeleteObjects: 5.846500 ms)

Prepare: number of updated asset objects reloaded= 0
========================================================================
Received Prepare
'Packages/com.unity.xr.openxr/Runtime/OpenXRLoader.cs' contains partial class of Unity.Object, exactly 1 of the partial classes needs to be in a file with the same filename. This is to know the one that can be referenced from ie. GameObjects
'Packages/com.unity.xr.openxr/Runtime/OpenXRLoaderInternal.cs' contains partial class of Unity.Object, exactly 1 of the partial classes needs to be in a file with the same filename. This is to know the one that can be referenced from ie. GameObjects
Refreshing native plugins compatible for Editor in 10.61 ms, found 14 plugins.
Preloading 0 native plugins for Editor in 0.00 ms.
Unloading 80 Unused Serialized files (Serialized files now loaded: 0)
Unloading 6433 unused Assets / (14.5 MB). Loaded Objects now: 7083.
Memory consumption went from 0.87 GB to 0.85 GB.
Total: 38.186400 ms (FindLiveObjects: 0.715200 ms CreateObjectMapping: 0.305800 ms MarkObjects: 30.609400 ms  DeleteObjects: 6.553300 ms)

Prepare: number of updated asset objects reloaded= 0
========================================================================
Received Prepare
'Packages/com.unity.xr.openxr/Runtime/OpenXRLoader.cs' contains partial class of Unity.Object, exactly 1 of the partial classes needs to be in a file with the same filename. This is to know the one that can be referenced from ie. GameObjects
'Packages/com.unity.xr.openxr/Runtime/OpenXRLoaderInternal.cs' contains partial class of Unity.Object, exactly 1 of the partial classes needs to be in a file with the same filename. This is to know the one that can be referenced from ie. GameObjects
Refreshing native plugins compatible for Editor in 10.42 ms, found 14 plugins.
Preloading 0 native plugins for Editor in 0.00 ms.
Unloading 80 Unused Serialized files (Serialized files now loaded: 0)
Unloading 6433 unused Assets / (14.4 MB). Loaded Objects now: 7083.
Memory consumption went from 0.87 GB to 0.85 GB.
Total: 10.839900 ms (FindLiveObjects: 0.489200 ms CreateObjectMapping: 0.300500 ms MarkObjects: 3.965100 ms  DeleteObjects: 6.084000 ms)

Prepare: number of updated asset objects reloaded= 0
========================================================================
Received Prepare
'Packages/com.unity.xr.openxr/Runtime/OpenXRLoader.cs' contains partial class of Unity.Object, exactly 1 of the partial classes needs to be in a file with the same filename. This is to know the one that can be referenced from ie. GameObjects
'Packages/com.unity.xr.openxr/Runtime/OpenXRLoaderInternal.cs' contains partial class of Unity.Object, exactly 1 of the partial classes needs to be in a file with the same filename. This is to know the one that can be referenced from ie. GameObjects
Refreshing native plugins compatible for Editor in 10.58 ms, found 14 plugins.
Preloading 0 native plugins for Editor in 0.00 ms.
Unloading 80 Unused Serialized files (Serialized files now loaded: 0)
Unloading 6433 unused Assets / (14.5 MB). Loaded Objects now: 7083.
Memory consumption went from 0.87 GB to 0.85 GB.
Total: 13.780900 ms (FindLiveObjects: 0.460100 ms CreateObjectMapping: 0.302200 ms MarkObjects: 5.897200 ms  DeleteObjects: 7.119200 ms)

Prepare: number of updated asset objects reloaded= 0
========================================================================
Received Prepare
'Packages/com.unity.xr.openxr/Runtime/OpenXRLoader.cs' contains partial class of Unity.Object, exactly 1 of the partial classes needs to be in a file with the same filename. This is to know the one that can be referenced from ie. GameObjects
'Packages/com.unity.xr.openxr/Runtime/OpenXRLoaderInternal.cs' contains partial class of Unity.Object, exactly 1 of the partial classes needs to be in a file with the same filename. This is to know the one that can be referenced from ie. GameObjects
Refreshing native plugins compatible for Editor in 10.00 ms, found 14 plugins.
Preloading 0 native plugins for Editor in 0.00 ms.
Unloading 80 Unused Serialized files (Serialized files now loaded: 0)
Unloading 6433 unused Assets / (14.4 MB). Loaded Objects now: 7083.
Memory consumption went from 0.87 GB to 0.85 GB.
Total: 11.244400 ms (FindLiveObjects: 0.501000 ms CreateObjectMapping: 0.315100 ms MarkObjects: 4.177600 ms  DeleteObjects: 6.249300 ms)

Prepare: number of updated asset objects reloaded= 0
========================================================================
Received Prepare
'Packages/com.unity.xr.openxr/Runtime/OpenXRLoader.cs' contains partial class of Unity.Object, exactly 1 of the partial classes needs to be in a file with the same filename. This is to know the one that can be referenced from ie. GameObjects
'Packages/com.unity.xr.openxr/Runtime/OpenXRLoaderInternal.cs' contains partial class of Unity.Object, exactly 1 of the partial classes needs to be in a file with the same filename. This is to know the one that can be referenced from ie. GameObjects
Refreshing native plugins compatible for Editor in 9.71 ms, found 14 plugins.
Preloading 0 native plugins for Editor in 0.00 ms.
Unloading 80 Unused Serialized files (Serialized files now loaded: 0)
Unloading 6433 unused Assets / (14.6 MB). Loaded Objects now: 7083.
Memory consumption went from 0.87 GB to 0.85 GB.
Total: 13.231500 ms (FindLiveObjects: 0.629600 ms CreateObjectMapping: 0.514800 ms MarkObjects: 5.677000 ms  DeleteObjects: 6.407700 ms)

Prepare: number of updated asset objects reloaded= 0
========================================================================
Received Prepare
'Packages/com.unity.xr.openxr/Runtime/OpenXRLoader.cs' contains partial class of Unity.Object, exactly 1 of the partial classes needs to be in a file with the same filename. This is to know the one that can be referenced from ie. GameObjects
'Packages/com.unity.xr.openxr/Runtime/OpenXRLoaderInternal.cs' contains partial class of Unity.Object, exactly 1 of the partial classes needs to be in a file with the same filename. This is to know the one that can be referenced from ie. GameObjects
Refreshing native plugins compatible for Editor in 9.73 ms, found 14 plugins.
Preloading 0 native plugins for Editor in 0.00 ms.
Unloading 80 Unused Serialized files (Serialized files now loaded: 0)
Unloading 6433 unused Assets / (14.7 MB). Loaded Objects now: 7083.
Memory consumption went from 0.87 GB to 0.85 GB.
Total: 9.400400 ms (FindLiveObjects: 0.424400 ms CreateObjectMapping: 0.304600 ms MarkObjects: 3.511200 ms  DeleteObjects: 5.159100 ms)

Prepare: number of updated asset objects reloaded= 0
========================================================================
Received Import Request.
  Time since last request: 2264.481338 seconds.
  path: Assets/TextMesh Pro/Examples & Extras/Resources/Fonts & Materials/Bangers SDF.asset
  artifactKey: Guid(125cb55b44b24c4393181402bc6200e6) Importer(815301076,1909f56bfc062723c751e8b465ee728b)
Start importing Assets/TextMesh Pro/Examples & Extras/Resources/Fonts & Materials/Bangers SDF.asset using Guid(125cb55b44b24c4393181402bc6200e6) Importer(815301076,1909f56bfc062723c751e8b465ee728b) (PreviewImporter) -> (artifact id: '4e467affb0293a4e69a539e04240acf6') in 1.0176598 seconds
Number of updated asset objects reloaded before import = 0Number of asset objects unloaded after import = 46

========================================================================
Received Import Request.
  Time since last request: 27.616665 seconds.
  path: Assets/TextMesh Pro/Examples & Extras/Resources/Fonts & Materials/Bangers SDF.asset
  artifactKey: Guid(125cb55b44b24c4393181402bc6200e6) Importer(815301076,1909f56bfc062723c751e8b465ee728b)
Start importing Assets/TextMesh Pro/Examples & Extras/Resources/Fonts & Materials/Bangers SDF.asset using Guid(125cb55b44b24c4393181402bc6200e6) Importer(815301076,1909f56bfc062723c751e8b465ee728b) (PreviewImporter) -> (artifact id: '3d6257095efcd7a256724913dcc81f2b') in 0.0444095 seconds
Number of updated asset objects reloaded before import = 0Number of asset objects unloaded after import = 27

========================================================================
Received Prepare
'Packages/com.unity.xr.openxr/Runtime/OpenXRLoader.cs' contains partial class of Unity.Object, exactly 1 of the partial classes needs to be in a file with the same filename. This is to know the one that can be referenced from ie. GameObjects
'Packages/com.unity.xr.openxr/Runtime/OpenXRLoaderInternal.cs' contains partial class of Unity.Object, exactly 1 of the partial classes needs to be in a file with the same filename. This is to know the one that can be referenced from ie. GameObjects
Refreshing native plugins compatible for Editor in 11.61 ms, found 14 plugins.
Preloading 0 native plugins for Editor in 0.00 ms.
Unloading 80 Unused Serialized files (Serialized files now loaded: 0)
Unloading 6428 unused Assets / (12.9 MB). Loaded Objects now: 7219.
Memory consumption went from 0.87 GB to 0.85 GB.
Total: 14.085200 ms (FindLiveObjects: 0.531200 ms CreateObjectMapping: 0.313700 ms MarkObjects: 6.777400 ms  DeleteObjects: 6.459700 ms)

Prepare: number of updated asset objects reloaded= 0
========================================================================
Received Prepare
'Packages/com.unity.xr.openxr/Runtime/OpenXRLoader.cs' contains partial class of Unity.Object, exactly 1 of the partial classes needs to be in a file with the same filename. This is to know the one that can be referenced from ie. GameObjects
'Packages/com.unity.xr.openxr/Runtime/OpenXRLoaderInternal.cs' contains partial class of Unity.Object, exactly 1 of the partial classes needs to be in a file with the same filename. This is to know the one that can be referenced from ie. GameObjects
Refreshing native plugins compatible for Editor in 8.86 ms, found 14 plugins.
Preloading 0 native plugins for Editor in 0.00 ms.
Unloading 75 Unused Serialized files (Serialized files now loaded: 0)
Unloading 6428 unused Assets / (13.9 MB). Loaded Objects now: 7219.
Memory consumption went from 0.87 GB to 0.85 GB.
Total: 11.717200 ms (FindLiveObjects: 0.449700 ms CreateObjectMapping: 0.299100 ms MarkObjects: 4.845600 ms  DeleteObjects: 6.121200 ms)

Prepare: number of updated asset objects reloaded= 0
========================================================================
Received Import Request.
  Time since last request: 136.516235 seconds.
  path: Assets/TextMesh Pro/Examples & Extras/Resources/Fonts & Materials/Anton SDF - Drop Shadow.mat
  artifactKey: Guid(749b9069dc4742c5bfa5c74644049926) Importer(815301076,1909f56bfc062723c751e8b465ee728b)
Start importing Assets/TextMesh Pro/Examples & Extras/Resources/Fonts & Materials/Anton SDF - Drop Shadow.mat using Guid(749b9069dc4742c5bfa5c74644049926) Importer(815301076,1909f56bfc062723c751e8b465ee728b) (PreviewImporter) -> (artifact id: 'cf931cddbb501d92957b02fa69786043') in 0.1711166 seconds
Number of updated asset objects reloaded before import = 0Number of asset objects unloaded after import = 23

========================================================================
Received Import Request.
  Time since last request: 0.000083 seconds.
  path: Assets/XR/Settings/OpenXR Package Settings.asset
  artifactKey: Guid(4b145ba9d62ae8f4f8faa6b58e20ab2f) Importer(815301076,1909f56bfc062723c751e8b465ee728b)
Start importing Assets/XR/Settings/OpenXR Package Settings.asset using Guid(4b145ba9d62ae8f4f8faa6b58e20ab2f) Importer(815301076,1909f56bfc062723c751e8b465ee728b) (PreviewImporter) -> (artifact id: '8f43220e45b3e49dc51a2ae5b388027b') in 0.0142296 seconds
Number of updated asset objects reloaded before import = 0Number of asset objects unloaded after import = 0

========================================================================
Received Import Request.
  Time since last request: 0.000097 seconds.
  path: Assets/TextMesh Pro/Shaders/TMPro_Properties.cginc
  artifactKey: Guid(3997e2241185407d80309a82f9148466) Importer(815301076,1909f56bfc062723c751e8b465ee728b)
Start importing Assets/TextMesh Pro/Shaders/TMPro_Properties.cginc using Guid(3997e2241185407d80309a82f9148466) Importer(815301076,1909f56bfc062723c751e8b465ee728b) (PreviewImporter) -> (artifact id: 'a94e698fc066b36671bb9a78c2a6f7de') in 0.0039298 seconds
Number of updated asset objects reloaded before import = 0Number of asset objects unloaded after import = 1

========================================================================
Received Import Request.
  Time since last request: 0.000056 seconds.
  path: Assets/Samples/XR Interaction Toolkit/2.5.4/XR Device Simulator/UI/General/OpenWindow.png
  artifactKey: Guid(633d1ace045fe402a9b307cb58251aa4) Importer(815301076,1909f56bfc062723c751e8b465ee728b)
Start importing Assets/Samples/XR Interaction Toolkit/2.5.4/XR Device Simulator/UI/General/OpenWindow.png using Guid(633d1ace045fe402a9b307cb58251aa4) Importer(815301076,1909f56bfc062723c751e8b465ee728b) (PreviewImporter) -> (artifact id: 'd6b6d4e74d097f589668dfc0be651710') in 0.1524083 seconds
Number of updated asset objects reloaded before import = 0Number of asset objects unloaded after import = 3

========================================================================
Received Prepare
Begin MonoManager ReloadAssembly
C:\build\output\Unity-Technologies\mono\mono\metadata\icall.c:1842:
C:\build\output\Unity-Technologies\mono\mono\metadata\icall.c:1842:
C:\build\output\Unity-Technologies\mono\mono\metadata\icall.c:1842:
C:\build\output\Unity-Technologies\mono\mono\metadata\icall.c:1842:
C:\build\output\Unity-Technologies\mono\mono\metadata\icall.c:1842:
C:\build\output\Unity-Technologies\mono\mono\metadata\icall.c:1842:
C:\build\output\Unity-Technologies\mono\mono\metadata\icall.c:1842:
C:\build\output\Unity-Technologies\mono\mono\metadata\icall.c:1842:
C:\build\output\Unity-Technologies\mono\mono\metadata\icall.c:1842:
C:\build\output\Unity-Technologies\mono\mono\metadata\icall.c:1842:
C:\build\output\Unity-Technologies\mono\mono\metadata\icall.c:1842:
C:\build\output\Unity-Technologies\mono\mono\metadata\icall.c:1842:
Symbol file LoadedFromMemory is not a mono symbol file
- Loaded All Assemblies, in  4.090 seconds
'Packages/com.unity.xr.openxr/Runtime/OpenXRLoader.cs' contains partial class of Unity.Object, exactly 1 of the partial classes needs to be in a file with the same filename. This is to know the one that can be referenced from ie. GameObjects
'Packages/com.unity.xr.openxr/Runtime/OpenXRLoaderInternal.cs' contains partial class of Unity.Object, exactly 1 of the partial classes needs to be in a file with the same filename. This is to know the one that can be referenced from ie. GameObjects
Refreshing native plugins compatible for Editor in 33.83 ms, found 14 plugins.
Native extension for iOS target not found
Native extension for Android target not found
Native extension for WindowsStandalone target not found
[Package Manager] Failed to launch server process. Reason: Unity was launched with the -noUpm command-line argument
[Package Manager] Unable to send message (not connected to server process).
[Package Manager] Cannot connect to Unity Package Manager local server
Mono: successfully reloaded assembly
[Package Manager] Failed to launch server process. Reason: Unity was launched with the -noUpm command-line argument
[Package Manager] Unable to send message (not connected to server process).
[Package Manager] Cannot connect to Unity Package Manager local server
- Finished resetting the current domain, in  1.828 seconds
Domain Reload Profiling: 5939ms
	BeginReloadAssembly (1351ms)
		ExecutionOrderSort (0ms)
		DisableScriptedObjects (505ms)
		BackupInstance (0ms)
		ReleaseScriptingObjects (1ms)
		CreateAndSetChildDomain (279ms)
	RebuildCommonClasses (35ms)
	RebuildNativeTypeToScriptingClass (11ms)
	initialDomainReloadingComplete (42ms)
	LoadAllAssembliesAndSetupDomain (2671ms)
		LoadAssemblies (1474ms)
		RebuildTransferFunctionScriptingTraits (0ms)
		AnalyzeDomain (1323ms)
			TypeCache.Refresh (564ms)
				TypeCache.ScanAssembly (99ms)
			BuildScriptInfoCaches (689ms)
			ResolveRequiredComponents (35ms)
	FinalizeReload (1829ms)
		ReleaseScriptCaches (0ms)
		RebuildScriptCaches (0ms)
		SetupLoadedEditorAssemblies (1341ms)
			LogAssemblyErrors (0ms)
			InitializePlatformSupportModulesInManaged (23ms)
			SetLoadedEditorAssemblies (6ms)
			BeforeProcessingInitializeOnLoad (62ms)
			ProcessInitializeOnLoadAttributes (409ms)
			ProcessInitializeOnLoadMethodAttributes (832ms)
			AfterProcessingInitializeOnLoad (4ms)
			EditorAssembliesLoaded (5ms)
		ExecutionOrderSort2 (0ms)
		AwakeInstancesAfterBackupRestoration (16ms)
Refreshing native plugins compatible for Editor in 30.39 ms, found 14 plugins.
Preloading 0 native plugins for Editor in 0.00 ms.
Unloading 157 Unused Serialized files (Serialized files now loaded: 0)
Unloading 6569 unused Assets / (13.9 MB). Loaded Objects now: 7182.
Memory consumption went from 0.88 GB to 0.87 GB.
Total: 22.655800 ms (FindLiveObjects: 3.907800 ms CreateObjectMapping: 0.545100 ms MarkObjects: 8.026300 ms  DeleteObjects: 10.174300 ms)

Prepare: number of updated asset objects reloaded= 0
========================================================================
Received Prepare
Begin MonoManager ReloadAssembly
C:\build\output\Unity-Technologies\mono\mono\metadata\icall.c:1842:
C:\build\output\Unity-Technologies\mono\mono\metadata\icall.c:1842:
C:\build\output\Unity-Technologies\mono\mono\metadata\icall.c:1842:
C:\build\output\Unity-Technologies\mono\mono\metadata\icall.c:1842:
C:\build\output\Unity-Technologies\mono\mono\metadata\icall.c:1842:
C:\build\output\Unity-Technologies\mono\mono\metadata\icall.c:1842:
C:\build\output\Unity-Technologies\mono\mono\metadata\icall.c:1842:
C:\build\output\Unity-Technologies\mono\mono\metadata\icall.c:1842:
C:\build\output\Unity-Technologies\mono\mono\metadata\icall.c:1842:
C:\build\output\Unity-Technologies\mono\mono\metadata\icall.c:1842:
C:\build\output\Unity-Technologies\mono\mono\metadata\icall.c:1842:
C:\build\output\Unity-Technologies\mono\mono\metadata\icall.c:1842:
Symbol file LoadedFromMemory is not a mono symbol file
- Loaded All Assemblies, in  4.849 seconds
'Packages/com.unity.xr.openxr/Runtime/OpenXRLoader.cs' contains partial class of Unity.Object, exactly 1 of the partial classes needs to be in a file with the same filename. This is to know the one that can be referenced from ie. GameObjects
'Packages/com.unity.xr.openxr/Runtime/OpenXRLoaderInternal.cs' contains partial class of Unity.Object, exactly 1 of the partial classes needs to be in a file with the same filename. This is to know the one that can be referenced from ie. GameObjects
Refreshing native plugins compatible for Editor in 31.69 ms, found 14 plugins.
Native extension for iOS target not found
Native extension for Android target not found
Native extension for WindowsStandalone target not found
[Package Manager] Failed to launch server process. Reason: Unity was launched with the -noUpm command-line argument
[Package Manager] Unable to send message (not connected to server process).
[Package Manager] Cannot connect to Unity Package Manager local server
Mono: successfully reloaded assembly
[Package Manager] Failed to launch server process. Reason: Unity was launched with the -noUpm command-line argument
[Package Manager] Unable to send message (not connected to server process).
[Package Manager] Cannot connect to Unity Package Manager local server
- Finished resetting the current domain, in  3.355 seconds
Domain Reload Profiling: 8217ms
	BeginReloadAssembly (1527ms)
		ExecutionOrderSort (1ms)
		DisableScriptedObjects (292ms)
		BackupInstance (0ms)
		ReleaseScriptingObjects (2ms)
		CreateAndSetChildDomain (427ms)
	RebuildCommonClasses (63ms)
	RebuildNativeTypeToScriptingClass (14ms)
	initialDomainReloadingComplete (54ms)
	LoadAllAssembliesAndSetupDomain (3203ms)
		LoadAssemblies (2122ms)
		RebuildTransferFunctionScriptingTraits (0ms)
		AnalyzeDomain (1358ms)
			TypeCache.Refresh (462ms)
				TypeCache.ScanAssembly (59ms)
			BuildScriptInfoCaches (804ms)
			ResolveRequiredComponents (23ms)
	FinalizeReload (3356ms)
		ReleaseScriptCaches (0ms)
		RebuildScriptCaches (0ms)
		SetupLoadedEditorAssemblies (2903ms)
			LogAssemblyErrors (0ms)
			InitializePlatformSupportModulesInManaged (29ms)
			SetLoadedEditorAssemblies (7ms)
			BeforeProcessingInitializeOnLoad (66ms)
			ProcessInitializeOnLoadAttributes (708ms)
			ProcessInitializeOnLoadMethodAttributes (2054ms)
			AfterProcessingInitializeOnLoad (24ms)
			EditorAssembliesLoaded (15ms)
		ExecutionOrderSort2 (2ms)
		AwakeInstancesAfterBackupRestoration (21ms)
Refreshing native plugins compatible for Editor in 10.02 ms, found 14 plugins.
Preloading 0 native plugins for Editor in 0.00 ms.
Unloading 145 Unused Serialized files (Serialized files now loaded: 0)
Unloading 6569 unused Assets / (12.3 MB). Loaded Objects now: 7183.
Memory consumption went from 0.88 GB to 0.87 GB.
Total: 20.727900 ms (FindLiveObjects: 4.454200 ms CreateObjectMapping: 0.402200 ms MarkObjects: 6.485900 ms  DeleteObjects: 9.383600 ms)

Prepare: number of updated asset objects reloaded= 0
========================================================================
Received Prepare
'Packages/com.unity.xr.openxr/Runtime/OpenXRLoader.cs' contains partial class of Unity.Object, exactly 1 of the partial classes needs to be in a file with the same filename. This is to know the one that can be referenced from ie. GameObjects
'Packages/com.unity.xr.openxr/Runtime/OpenXRLoaderInternal.cs' contains partial class of Unity.Object, exactly 1 of the partial classes needs to be in a file with the same filename. This is to know the one that can be referenced from ie. GameObjects
Refreshing native plugins compatible for Editor in 10.61 ms, found 14 plugins.
Preloading 0 native plugins for Editor in 0.00 ms.
Unloading 72 Unused Serialized files (Serialized files now loaded: 0)
Unloading 6422 unused Assets / (12.9 MB). Loaded Objects now: 7167.
Memory consumption went from 0.88 GB to 0.86 GB.
Total: 13.894400 ms (FindLiveObjects: 0.540300 ms CreateObjectMapping: 0.346700 ms MarkObjects: 6.149000 ms  DeleteObjects: 6.855400 ms)

Prepare: number of updated asset objects reloaded= 0
========================================================================
Received Prepare
'Packages/com.unity.xr.openxr/Runtime/OpenXRLoader.cs' contains partial class of Unity.Object, exactly 1 of the partial classes needs to be in a file with the same filename. This is to know the one that can be referenced from ie. GameObjects
'Packages/com.unity.xr.openxr/Runtime/OpenXRLoaderInternal.cs' contains partial class of Unity.Object, exactly 1 of the partial classes needs to be in a file with the same filename. This is to know the one that can be referenced from ie. GameObjects
Refreshing native plugins compatible for Editor in 9.99 ms, found 14 plugins.
Preloading 0 native plugins for Editor in 0.00 ms.
Unloading 70 Unused Serialized files (Serialized files now loaded: 0)
Unloading 6422 unused Assets / (13.2 MB). Loaded Objects now: 7167.
Memory consumption went from 0.87 GB to 0.86 GB.
Total: 13.972800 ms (FindLiveObjects: 0.766900 ms CreateObjectMapping: 0.911500 ms MarkObjects: 5.351900 ms  DeleteObjects: 6.941000 ms)

Prepare: number of updated asset objects reloaded= 0
========================================================================
Received Import Request.
  Time since last request: 47155.911138 seconds.
  path: Assets/TextMesh Pro/Examples & Extras/Resources/Fonts & Materials/LiberationSans SDF - Metalic Green.mat
  artifactKey: Guid(8b29aaa3eec7468097ff07adfcf29ac9) Importer(815301076,1909f56bfc062723c751e8b465ee728b)
Start importing Assets/TextMesh Pro/Examples & Extras/Resources/Fonts & Materials/LiberationSans SDF - Metalic Green.mat using Guid(8b29aaa3eec7468097ff07adfcf29ac9) Importer(815301076,1909f56bfc062723c751e8b465ee728b) (PreviewImporter) -> (artifact id: '94659ab24551588d3ba5cfdefeb31062') in 1.9536529 seconds
Number of updated asset objects reloaded before import = 0Number of asset objects unloaded after import = 25

========================================================================
Received Import Request.
  Time since last request: 525.403123 seconds.
  path: Assets/Images/MainMenu/wp7392394-1813330240.jpg
  artifactKey: Guid(956a7fc23d116204d8b22507c29d8513) Importer(815301076,1909f56bfc062723c751e8b465ee728b)
Start importing Assets/Images/MainMenu/wp7392394-1813330240.jpg using Guid(956a7fc23d116204d8b22507c29d8513) Importer(815301076,1909f56bfc062723c751e8b465ee728b) (PreviewImporter) -> (artifact id: 'ae62fd673b37598564f0b3f923ad14b7') in 0.1256148 seconds
Number of updated asset objects reloaded before import = 0Number of asset objects unloaded after import = 2

========================================================================
Received Import Request.
  Time since last request: 0.000227 seconds.
  path: Assets/Images/MainMenu/wp7392394-1813330240 1.jpg
  artifactKey: Guid(bb08a8331aec6104ebf86ebe9d7b8a84) Importer(815301076,1909f56bfc062723c751e8b465ee728b)
Start importing Assets/Images/MainMenu/wp7392394-1813330240 1.jpg using Guid(bb08a8331aec6104ebf86ebe9d7b8a84) Importer(815301076,1909f56bfc062723c751e8b465ee728b) (PreviewImporter) -> (artifact id: 'fa09d093dd824ebf5cd632b342424809') in 0.0540615 seconds
Number of updated asset objects reloaded before import = 0Number of asset objects unloaded after import = 3

========================================================================
Received Import Request.
  Time since last request: 6.923714 seconds.
  path: Assets/MobileARTemplateAssets/Materials/ShadowReceiver.mat
  artifactKey: Guid(e7ccb5d1ec226ea42b48985eb9615de6) Importer(815301076,1909f56bfc062723c751e8b465ee728b)
Start importing Assets/MobileARTemplateAssets/Materials/ShadowReceiver.mat using Guid(e7ccb5d1ec226ea42b48985eb9615de6) Importer(815301076,1909f56bfc062723c751e8b465ee728b) (PreviewImporter) -> (artifact id: 'c703c95e6806a9b5f64f1ef58f1fa21a') in 0.4350773 seconds
Number of updated asset objects reloaded before import = 0Number of asset objects unloaded after import = 29

========================================================================
Received Import Request.
  Time since last request: 63.395788 seconds.
  path: Assets/Samples/XR Interaction Toolkit/2.5.4/AR Starter Assets/ARDemoSceneAssets/Sprites/Button - Rounded Highlight.png
  artifactKey: Guid(c5adfe294554543868fc7cf60dded650) Importer(815301076,1909f56bfc062723c751e8b465ee728b)
Start importing Assets/Samples/XR Interaction Toolkit/2.5.4/AR Starter Assets/ARDemoSceneAssets/Sprites/Button - Rounded Highlight.png using Guid(c5adfe294554543868fc7cf60dded650) Importer(815301076,1909f56bfc062723c751e8b465ee728b) (PreviewImporter) -> (artifact id: '14023c1cb41c2b5d5ae77d9a568d5425') in 0.0144623 seconds
Number of updated asset objects reloaded before import = 0Number of asset objects unloaded after import = 3

========================================================================
Received Import Request.
  Time since last request: 0.021303 seconds.
  path: Assets/Samples/XR Interaction Toolkit/2.5.4/AR Starter Assets/ARDemoSceneAssets/Sprites/Icon - Delete.png
  artifactKey: Guid(85f8bee1bf27748239fb5488c40a5e4c) Importer(815301076,1909f56bfc062723c751e8b465ee728b)
Start importing Assets/Samples/XR Interaction Toolkit/2.5.4/AR Starter Assets/ARDemoSceneAssets/Sprites/Icon - Delete.png using Guid(85f8bee1bf27748239fb5488c40a5e4c) Importer(815301076,1909f56bfc062723c751e8b465ee728b) (PreviewImporter) -> (artifact id: 'b7f6f82c4fe1cbeeb57a54abef5cc541') in 0.0105619 seconds
Number of updated asset objects reloaded before import = 0Number of asset objects unloaded after import = 3

========================================================================
Received Import Request.
  Time since last request: 0.000129 seconds.
  path: Assets/Samples/XR Interaction Toolkit/2.5.4/AR Starter Assets/ARDemoSceneAssets/Sprites/Icon - Create.png
  artifactKey: Guid(7ec65d81ee53b4a76babde6fa254b6e1) Importer(815301076,1909f56bfc062723c751e8b465ee728b)
Start importing Assets/Samples/XR Interaction Toolkit/2.5.4/AR Starter Assets/ARDemoSceneAssets/Sprites/Icon - Create.png using Guid(7ec65d81ee53b4a76babde6fa254b6e1) Importer(815301076,1909f56bfc062723c751e8b465ee728b) (PreviewImporter) -> (artifact id: '825cbdde900a47eaa7b2b7d02d1e7b98') in 0.0085876 seconds
Number of updated asset objects reloaded before import = 0Number of asset objects unloaded after import = 3

========================================================================
Received Prepare
'Packages/com.unity.xr.openxr/Runtime/OpenXRLoader.cs' contains partial class of Unity.Object, exactly 1 of the partial classes needs to be in a file with the same filename. This is to know the one that can be referenced from ie. GameObjects
'Packages/com.unity.xr.openxr/Runtime/OpenXRLoaderInternal.cs' contains partial class of Unity.Object, exactly 1 of the partial classes needs to be in a file with the same filename. This is to know the one that can be referenced from ie. GameObjects
Refreshing native plugins compatible for Editor in 9.20 ms, found 14 plugins.
Preloading 0 native plugins for Editor in 0.00 ms.
Unloading 71 Unused Serialized files (Serialized files now loaded: 0)
Unloading 6422 unused Assets / (12.9 MB). Loaded Objects now: 7262.
Memory consumption went from 0.88 GB to 0.86 GB.
Total: 72.506100 ms (FindLiveObjects: 1.226500 ms CreateObjectMapping: 0.335300 ms MarkObjects: 65.206200 ms  DeleteObjects: 5.734800 ms)

Prepare: number of updated asset objects reloaded= 0
========================================================================
Received Prepare
'Packages/com.unity.xr.openxr/Runtime/OpenXRLoader.cs' contains partial class of Unity.Object, exactly 1 of the partial classes needs to be in a file with the same filename. This is to know the one that can be referenced from ie. GameObjects
'Packages/com.unity.xr.openxr/Runtime/OpenXRLoaderInternal.cs' contains partial class of Unity.Object, exactly 1 of the partial classes needs to be in a file with the same filename. This is to know the one that can be referenced from ie. GameObjects
Refreshing native plugins compatible for Editor in 9.38 ms, found 14 plugins.
Preloading 0 native plugins for Editor in 0.00 ms.
Unloading 70 Unused Serialized files (Serialized files now loaded: 0)
Unloading 6422 unused Assets / (13.3 MB). Loaded Objects now: 7262.
Memory consumption went from 0.88 GB to 0.86 GB.
Total: 12.271400 ms (FindLiveObjects: 0.463500 ms CreateObjectMapping: 0.282200 ms MarkObjects: 5.103800 ms  DeleteObjects: 6.419300 ms)

Prepare: number of updated asset objects reloaded= 0
========================================================================
Received Import Request.
  Time since last request: 484.654902 seconds.
  path: Assets/MobileARTemplateAssets/Prefabs/Park/1_Bench.png
  artifactKey: Guid(3b583518864b19446b2eac54b513f998) Importer(815301076,1909f56bfc062723c751e8b465ee728b)
Start importing Assets/MobileARTemplateAssets/Prefabs/Park/1_Bench.png using Guid(3b583518864b19446b2eac54b513f998) Importer(815301076,1909f56bfc062723c751e8b465ee728b) (PreviewImporter) -> (artifact id: '78d80102cb73adb55ce44e6583c63852') in 0.2263636 seconds
Number of updated asset objects reloaded before import = 0Number of asset objects unloaded after import = 2

========================================================================
Received Import Request.
  Time since last request: 24.292442 seconds.
  path: Assets/MobileARTemplateAssets/Prefabs/Park/1_Bench 1.png
  artifactKey: Guid(ae319fe84f0f992429efcc3ddda14c49) Importer(815301076,1909f56bfc062723c751e8b465ee728b)
Start importing Assets/MobileARTemplateAssets/Prefabs/Park/1_Bench 1.png using Guid(ae319fe84f0f992429efcc3ddda14c49) Importer(815301076,1909f56bfc062723c751e8b465ee728b) (PreviewImporter) -> (artifact id: '3ce47bcac4feea35b2780b6e1a264d08') in 0.0210593 seconds
Number of updated asset objects reloaded before import = 0Number of asset objects unloaded after import = 2

========================================================================
Received Import Request.
  Time since last request: 44.110160 seconds.
  path: Assets/TextMesh Pro/Resources/Fonts & Materials/LiberationSans SDF - Outline.mat
  artifactKey: Guid(79459efec17a4d00a321bdcc27bbc385) Importer(815301076,1909f56bfc062723c751e8b465ee728b)
Start importing Assets/TextMesh Pro/Resources/Fonts & Materials/LiberationSans SDF - Outline.mat using Guid(79459efec17a4d00a321bdcc27bbc385) Importer(815301076,1909f56bfc062723c751e8b465ee728b) (PreviewImporter) -> (artifact id: '34fe66e4640d6a8fb25ff8913b8d9db5') in 0.143655 seconds
Number of updated asset objects reloaded before import = 0Number of asset objects unloaded after import = 23

========================================================================
Received Import Request.
  Time since last request: 0.000029 seconds.
  path: Assets/TextMesh Pro/Examples & Extras/Resources/Fonts & Materials/LiberationSans SDF - Soft Mask.mat
  artifactKey: Guid(42df1c7856584b6b8db9a509b6b10074) Importer(815301076,1909f56bfc062723c751e8b465ee728b)
Start importing Assets/TextMesh Pro/Examples & Extras/Resources/Fonts & Materials/LiberationSans SDF - Soft Mask.mat using Guid(42df1c7856584b6b8db9a509b6b10074) Importer(815301076,1909f56bfc062723c751e8b465ee728b) (PreviewImporter) -> (artifact id: '6abe782182253256db09de2e343b2204') in 0.0331116 seconds
Number of updated asset objects reloaded before import = 0Number of asset objects unloaded after import = 24

========================================================================
Received Prepare
'Packages/com.unity.xr.openxr/Runtime/OpenXRLoader.cs' contains partial class of Unity.Object, exactly 1 of the partial classes needs to be in a file with the same filename. This is to know the one that can be referenced from ie. GameObjects
'Packages/com.unity.xr.openxr/Runtime/OpenXRLoaderInternal.cs' contains partial class of Unity.Object, exactly 1 of the partial classes needs to be in a file with the same filename. This is to know the one that can be referenced from ie. GameObjects
Refreshing native plugins compatible for Editor in 8.67 ms, found 14 plugins.
Preloading 0 native plugins for Editor in 0.00 ms.
Unloading 70 Unused Serialized files (Serialized files now loaded: 0)
Unloading 6422 unused Assets / (13.2 MB). Loaded Objects now: 7263.
Memory consumption went from 0.88 GB to 0.86 GB.
Total: 100.148600 ms (FindLiveObjects: 1.094500 ms CreateObjectMapping: 0.285300 ms MarkObjects: 93.141600 ms  DeleteObjects: 5.624200 ms)

Prepare: number of updated asset objects reloaded= 0
========================================================================
Received Prepare
'Packages/com.unity.xr.openxr/Runtime/OpenXRLoader.cs' contains partial class of Unity.Object, exactly 1 of the partial classes needs to be in a file with the same filename. This is to know the one that can be referenced from ie. GameObjects
'Packages/com.unity.xr.openxr/Runtime/OpenXRLoaderInternal.cs' contains partial class of Unity.Object, exactly 1 of the partial classes needs to be in a file with the same filename. This is to know the one that can be referenced from ie. GameObjects
Refreshing native plugins compatible for Editor in 11.25 ms, found 14 plugins.
Preloading 0 native plugins for Editor in 0.00 ms.
Unloading 70 Unused Serialized files (Serialized files now loaded: 0)
Unloading 6422 unused Assets / (13.2 MB). Loaded Objects now: 7263.
Memory consumption went from 0.88 GB to 0.86 GB.
Total: 10.075600 ms (FindLiveObjects: 0.467200 ms CreateObjectMapping: 0.297100 ms MarkObjects: 4.238900 ms  DeleteObjects: 5.070400 ms)

Prepare: number of updated asset objects reloaded= 0
========================================================================
Received Prepare
Begin MonoManager ReloadAssembly
C:\build\output\Unity-Technologies\mono\mono\metadata\icall.c:1842:
C:\build\output\Unity-Technologies\mono\mono\metadata\icall.c:1842:
C:\build\output\Unity-Technologies\mono\mono\metadata\icall.c:1842:
C:\build\output\Unity-Technologies\mono\mono\metadata\icall.c:1842:
C:\build\output\Unity-Technologies\mono\mono\metadata\icall.c:1842:
C:\build\output\Unity-Technologies\mono\mono\metadata\icall.c:1842:
C:\build\output\Unity-Technologies\mono\mono\metadata\icall.c:1842:
C:\build\output\Unity-Technologies\mono\mono\metadata\icall.c:1842:
C:\build\output\Unity-Technologies\mono\mono\metadata\icall.c:1842:
C:\build\output\Unity-Technologies\mono\mono\metadata\icall.c:1842:
C:\build\output\Unity-Technologies\mono\mono\metadata\icall.c:1842:
C:\build\output\Unity-Technologies\mono\mono\metadata\icall.c:1842:
Symbol file LoadedFromMemory is not a mono symbol file
- Loaded All Assemblies, in  5.387 seconds
'Packages/com.unity.xr.openxr/Runtime/OpenXRLoader.cs' contains partial class of Unity.Object, exactly 1 of the partial classes needs to be in a file with the same filename. This is to know the one that can be referenced from ie. GameObjects
'Packages/com.unity.xr.openxr/Runtime/OpenXRLoaderInternal.cs' contains partial class of Unity.Object, exactly 1 of the partial classes needs to be in a file with the same filename. This is to know the one that can be referenced from ie. GameObjects
Refreshing native plugins compatible for Editor in 9.89 ms, found 14 plugins.
Native extension for iOS target not found
Native extension for Android target not found
Native extension for WindowsStandalone target not found
[Package Manager] Failed to launch server process. Reason: Unity was launched with the -noUpm command-line argument
[Package Manager] Unable to send message (not connected to server process).
[Package Manager] Cannot connect to Unity Package Manager local server
Mono: successfully reloaded assembly
[Package Manager] Failed to launch server process. Reason: Unity was launched with the -noUpm command-line argument
[Package Manager] Unable to send message (not connected to server process).
[Package Manager] Cannot connect to Unity Package Manager local server
- Finished resetting the current domain, in  4.186 seconds
Domain Reload Profiling: 9575ms
	BeginReloadAssembly (2741ms)
		ExecutionOrderSort (0ms)
		DisableScriptedObjects (1002ms)
		BackupInstance (0ms)
		ReleaseScriptingObjects (7ms)
		CreateAndSetChildDomain (856ms)
	RebuildCommonClasses (33ms)
	RebuildNativeTypeToScriptingClass (11ms)
	initialDomainReloadingComplete (33ms)
	LoadAllAssembliesAndSetupDomain (2568ms)
		LoadAssemblies (2414ms)
		RebuildTransferFunctionScriptingTraits (0ms)
		AnalyzeDomain (312ms)
			TypeCache.Refresh (73ms)
				TypeCache.ScanAssembly (10ms)
			BuildScriptInfoCaches (208ms)
			ResolveRequiredComponents (17ms)
	FinalizeReload (4188ms)
		ReleaseScriptCaches (0ms)
		RebuildScriptCaches (0ms)
		SetupLoadedEditorAssemblies (3767ms)
			LogAssemblyErrors (0ms)
			InitializePlatformSupportModulesInManaged (27ms)
			SetLoadedEditorAssemblies (6ms)
			BeforeProcessingInitializeOnLoad (57ms)
			ProcessInitializeOnLoadAttributes (415ms)
			ProcessInitializeOnLoadMethodAttributes (3249ms)
			AfterProcessingInitializeOnLoad (4ms)
			EditorAssembliesLoaded (9ms)
		ExecutionOrderSort2 (0ms)
		AwakeInstancesAfterBackupRestoration (18ms)
Refreshing native plugins compatible for Editor in 12.07 ms, found 14 plugins.
Preloading 0 native plugins for Editor in 0.00 ms.
Unloading 143 Unused Serialized files (Serialized files now loaded: 0)
Unloading 6569 unused Assets / (12.9 MB). Loaded Objects now: 7211.
Memory consumption went from 0.88 GB to 0.87 GB.
Total: 74.615000 ms (FindLiveObjects: 0.651600 ms CreateObjectMapping: 0.335300 ms MarkObjects: 59.077800 ms  DeleteObjects: 14.547800 ms)

Prepare: number of updated asset objects reloaded= 0
========================================================================
Received Prepare
'Packages/com.unity.xr.openxr/Runtime/OpenXRLoader.cs' contains partial class of Unity.Object, exactly 1 of the partial classes needs to be in a file with the same filename. This is to know the one that can be referenced from ie. GameObjects
'Packages/com.unity.xr.openxr/Runtime/OpenXRLoaderInternal.cs' contains partial class of Unity.Object, exactly 1 of the partial classes needs to be in a file with the same filename. This is to know the one that can be referenced from ie. GameObjects
Refreshing native plugins compatible for Editor in 14.13 ms, found 14 plugins.
Preloading 0 native plugins for Editor in 0.00 ms.
Unloading 72 Unused Serialized files (Serialized files now loaded: 0)
Unloading 6422 unused Assets / (13.3 MB). Loaded Objects now: 7195.
Memory consumption went from 0.88 GB to 0.86 GB.
Total: 46.980500 ms (FindLiveObjects: 1.571600 ms CreateObjectMapping: 0.481900 ms MarkObjects: 39.144000 ms  DeleteObjects: 5.779400 ms)

Prepare: number of updated asset objects reloaded= 0
========================================================================
Received Prepare
'Packages/com.unity.xr.openxr/Runtime/OpenXRLoader.cs' contains partial class of Unity.Object, exactly 1 of the partial classes needs to be in a file with the same filename. This is to know the one that can be referenced from ie. GameObjects
'Packages/com.unity.xr.openxr/Runtime/OpenXRLoaderInternal.cs' contains partial class of Unity.Object, exactly 1 of the partial classes needs to be in a file with the same filename. This is to know the one that can be referenced from ie. GameObjects
Refreshing native plugins compatible for Editor in 10.38 ms, found 14 plugins.
Preloading 0 native plugins for Editor in 0.00 ms.
Unloading 70 Unused Serialized files (Serialized files now loaded: 0)
Unloading 6422 unused Assets / (12.6 MB). Loaded Objects now: 7195.
Memory consumption went from 0.88 GB to 0.86 GB.
Total: 10.095700 ms (FindLiveObjects: 0.461200 ms CreateObjectMapping: 0.285100 ms MarkObjects: 3.928000 ms  DeleteObjects: 5.419700 ms)

Prepare: number of updated asset objects reloaded= 0
========================================================================
Received Prepare
'Packages/com.unity.xr.openxr/Runtime/OpenXRLoader.cs' contains partial class of Unity.Object, exactly 1 of the partial classes needs to be in a file with the same filename. This is to know the one that can be referenced from ie. GameObjects
'Packages/com.unity.xr.openxr/Runtime/OpenXRLoaderInternal.cs' contains partial class of Unity.Object, exactly 1 of the partial classes needs to be in a file with the same filename. This is to know the one that can be referenced from ie. GameObjects
Refreshing native plugins compatible for Editor in 9.02 ms, found 14 plugins.
Preloading 0 native plugins for Editor in 0.00 ms.
Unloading 70 Unused Serialized files (Serialized files now loaded: 0)
Unloading 6422 unused Assets / (13.0 MB). Loaded Objects now: 7195.
Memory consumption went from 0.88 GB to 0.86 GB.
Total: 37.577000 ms (FindLiveObjects: 1.891700 ms CreateObjectMapping: 0.349400 ms MarkObjects: 29.657800 ms  DeleteObjects: 5.675100 ms)

Prepare: number of updated asset objects reloaded= 0
========================================================================
Received Prepare
'Packages/com.unity.xr.openxr/Runtime/OpenXRLoader.cs' contains partial class of Unity.Object, exactly 1 of the partial classes needs to be in a file with the same filename. This is to know the one that can be referenced from ie. GameObjects
'Packages/com.unity.xr.openxr/Runtime/OpenXRLoaderInternal.cs' contains partial class of Unity.Object, exactly 1 of the partial classes needs to be in a file with the same filename. This is to know the one that can be referenced from ie. GameObjects
Refreshing native plugins compatible for Editor in 9.33 ms, found 14 plugins.
Preloading 0 native plugins for Editor in 0.00 ms.
Unloading 70 Unused Serialized files (Serialized files now loaded: 0)
Unloading 6422 unused Assets / (14.0 MB). Loaded Objects now: 7195.
Memory consumption went from 0.88 GB to 0.86 GB.
Total: 9.858100 ms (FindLiveObjects: 0.457200 ms CreateObjectMapping: 0.303400 ms MarkObjects: 3.521400 ms  DeleteObjects: 5.574400 ms)

Prepare: number of updated asset objects reloaded= 0
========================================================================
Received Import Request.
  Time since last request: 1468.570478 seconds.
  path: Assets/Prefabs/CharacterPlacement.prefab
  artifactKey: Guid(23cfcc059ac2646eeaa6bf6b81088206) Importer(815301076,1909f56bfc062723c751e8b465ee728b)
Start importing Assets/Prefabs/CharacterPlacement.prefab using Guid(23cfcc059ac2646eeaa6bf6b81088206) Importer(815301076,1909f56bfc062723c751e8b465ee728b) (PreviewImporter) -> (artifact id: '8267d35153b47aafae989970357ecb2c') in 1.45995 seconds
Internal: There are remaining Allocations on the JobTempAlloc. This is a leak, and will impact performance
To Debug, run app with -diag-job-temp-memory-leak-validation cmd line argument. This will output the callstacks of the leaked allocations.
Number of updated asset objects reloaded before import = 0Number of asset objects unloaded after import = 530

========================================================================
Received Import Request.
  Time since last request: 31.802440 seconds.
  path: Packages/com.unity.inputsystem/InputSystem/Editor/UITKAssetEditor/Resources/NameAndParameterListViewItemTemplate.uxml
  artifactKey: Guid(9cbd73d51dc491b4888055ae65cd9545) Importer(815301076,1909f56bfc062723c751e8b465ee728b)
Start importing Packages/com.unity.inputsystem/InputSystem/Editor/UITKAssetEditor/Resources/NameAndParameterListViewItemTemplate.uxml using Guid(9cbd73d51dc491b4888055ae65cd9545) Importer(815301076,1909f56bfc062723c751e8b465ee728b) (PreviewImporter) -> (artifact id: 'e4e60bb58d8dfc108e35a3b76689908c') in 0.3907596 seconds
Internal: There are remaining Allocations on the JobTempAlloc. This is a leak, and will impact performance
To Debug, run app with -diag-job-temp-memory-leak-validation cmd line argument. This will output the callstacks of the leaked allocations.
Number of updated asset objects reloaded before import = 0Number of asset objects unloaded after import = 3

========================================================================
Received Import Request.
  Time since last request: 0.000047 seconds.
  path: Packages/com.unity.shadergraph/Editor/Generation/Targets/Fullscreen/Templates/SharedCode.template.hlsl
  artifactKey: Guid(16201fed0715efa48a8908fedb361bf0) Importer(815301076,1909f56bfc062723c751e8b465ee728b)
Start importing Packages/com.unity.shadergraph/Editor/Generation/Targets/Fullscreen/Templates/SharedCode.template.hlsl using Guid(16201fed0715efa48a8908fedb361bf0) Importer(815301076,1909f56bfc062723c751e8b465ee728b) (PreviewImporter) -> (artifact id: '63ae28b2f4f5e8d4afdb8556483f082c') in 0.0080231 seconds
Internal: There are remaining Allocations on the JobTempAlloc. This is a leak, and will impact performance
To Debug, run app with -diag-job-temp-memory-leak-validation cmd line argument. This will output the callstacks of the leaked allocations.
Number of updated asset objects reloaded before import = 0Number of asset objects unloaded after import = 1

========================================================================
Received Import Request.
  Time since last request: 0.000420 seconds.
  path: Packages/com.unity.render-pipelines.universal/Editor/ShaderGraph/Templates/SharedCode.template.hlsl
  artifactKey: Guid(ed33028ae86f863468162a7c6b0ae962) Importer(815301076,1909f56bfc062723c751e8b465ee728b)
Start importing Packages/com.unity.render-pipelines.universal/Editor/ShaderGraph/Templates/SharedCode.template.hlsl using Guid(ed33028ae86f863468162a7c6b0ae962) Importer(815301076,1909f56bfc062723c751e8b465ee728b) (PreviewImporter) -> (artifact id: '04f4d7d1e070a2c27e5c4db36ec346f5') in 0.0084792 seconds
Internal: JobTempAlloc has allocations that are more than the maximum lifespan of 4 frames old - this is not allowed and likely a leak
To Debug, run app with -diag-job-temp-memory-leak-validation cmd line argument. This will output the callstacks of the leaked allocations.
Internal: There are remaining Allocations on the JobTempAlloc. This is a leak, and will impact performance
To Debug, run app with -diag-job-temp-memory-leak-validation cmd line argument. This will output the callstacks of the leaked allocations.
Number of updated asset objects reloaded before import = 0Number of asset objects unloaded after import = 1

========================================================================
Received Import Request.
  Time since last request: 0.000039 seconds.
  path: Packages/com.unity.timeline/Editor/StyleSheets/Images/DarkSkin/TimelineStartPlayback.png
  artifactKey: Guid(5060c9f9eb2f7ee4695b638a21d8fe01) Importer(815301076,1909f56bfc062723c751e8b465ee728b)
Start importing Packages/com.unity.timeline/Editor/StyleSheets/Images/DarkSkin/TimelineStartPlayback.png using Guid(5060c9f9eb2f7ee4695b638a21d8fe01) Importer(815301076,1909f56bfc062723c751e8b465ee728b) (PreviewImporter) -> (artifact id: '8cded87363ce8e20921e77f33e35a06e') in 0.0416605 seconds
Internal: There are remaining Allocations on the JobTempAlloc. This is a leak, and will impact performance
To Debug, run app with -diag-job-temp-memory-leak-validation cmd line argument. This will output the callstacks of the leaked allocations.
Number of updated asset objects reloaded before import = 0Number of asset objects unloaded after import = 2

========================================================================
Received Import Request.
  Time since last request: 0.000018 seconds.
  path: Packages/com.unity.timeline/Editor/StyleSheets/Images/LightSkin/TimelineStartPlayback.png
  artifactKey: Guid(824c4beb0ca6c934bbc7a26919302236) Importer(815301076,1909f56bfc062723c751e8b465ee728b)
Start importing Packages/com.unity.timeline/Editor/StyleSheets/Images/LightSkin/TimelineStartPlayback.png using Guid(824c4beb0ca6c934bbc7a26919302236) Importer(815301076,1909f56bfc062723c751e8b465ee728b) (PreviewImporter) -> (artifact id: 'a97408520f02e3042603390de64a3fa6') in 0.0066882 seconds
Internal: There are remaining Allocations on the JobTempAlloc. This is a leak, and will impact performance
To Debug, run app with -diag-job-temp-memory-leak-validation cmd line argument. This will output the callstacks of the leaked allocations.
Number of updated asset objects reloaded before import = 0Number of asset objects unloaded after import = 2

========================================================================
Received Import Request.
  Time since last request: 0.000036 seconds.
  path: Packages/com.unity.shadergraph/Editor/Generation/Targets/BuiltIn/Editor/ShaderGraph/Templates/SharedCode.template.hlsl
  artifactKey: Guid(d1c01b917a304614daf4994f4ca27e6d) Importer(815301076,1909f56bfc062723c751e8b465ee728b)
Start importing Packages/com.unity.shadergraph/Editor/Generation/Targets/BuiltIn/Editor/ShaderGraph/Templates/SharedCode.template.hlsl using Guid(d1c01b917a304614daf4994f4ca27e6d) Importer(815301076,1909f56bfc062723c751e8b465ee728b) (PreviewImporter) -> (artifact id: 'e2eea28a6ffb33cc553aeff4a5346ca9') in 0.0016649 seconds
Internal: There are remaining Allocations on the JobTempAlloc. This is a leak, and will impact performance
To Debug, run app with -diag-job-temp-memory-leak-validation cmd line argument. This will output the callstacks of the leaked allocations.
Number of updated asset objects reloaded before import = 0Number of asset objects unloaded after import = 1

========================================================================
Received Import Request.
  Time since last request: 6.005173 seconds.
  path: Packages/com.unity.xr.interaction.toolkit/Runtime/AR/Interactables/ARPlacementInteractable.cs
  artifactKey: Guid(dc3d7be0a1b704dc7a751d5e2d0edd53) Importer(815301076,1909f56bfc062723c751e8b465ee728b)
Start importing Packages/com.unity.xr.interaction.toolkit/Runtime/AR/Interactables/ARPlacementInteractable.cs using Guid(dc3d7be0a1b704dc7a751d5e2d0edd53) Importer(815301076,1909f56bfc062723c751e8b465ee728b) (PreviewImporter) -> (artifact id: '403cc6d8a9dbdde2013c5ff536b75da1') in 0.0038493 seconds
Internal: There are remaining Allocations on the JobTempAlloc. This is a leak, and will impact performance
To Debug, run app with -diag-job-temp-memory-leak-validation cmd line argument. This will output the callstacks of the leaked allocations.
Number of updated asset objects reloaded before import = 0Number of asset objects unloaded after import = 0

========================================================================
Received Import Request.
  Time since last request: 682.571974 seconds.
  path: Assets/LineSettings/LineSettings.cs
  artifactKey: Guid(29ed07149ccff3846a7d792f2a80bfa2) Importer(815301076,1909f56bfc062723c751e8b465ee728b)
Start importing Assets/LineSettings/LineSettings.cs using Guid(29ed07149ccff3846a7d792f2a80bfa2) Importer(815301076,1909f56bfc062723c751e8b465ee728b) (PreviewImporter) -> (artifact id: 'cc4525a2f3679c12a9f0ba652911961f') in 0.0143837 seconds
Internal: There are remaining Allocations on the JobTempAlloc. This is a leak, and will impact performance
To Debug, run app with -diag-job-temp-memory-leak-validation cmd line argument. This will output the callstacks of the leaked allocations.
Number of updated asset objects reloaded before import = 0Number of asset objects unloaded after import = 0

========================================================================
Received Prepare
Begin MonoManager ReloadAssembly
Internal: deleting an allocation that is older than its permitted lifetime of 4 frames (age = 9)
Internal: deleting an allocation that is older than its permitted lifetime of 4 frames (age = 9)
C:\build\output\Unity-Technologies\mono\mono\metadata\icall.c:1842:
C:\build\output\Unity-Technologies\mono\mono\metadata\icall.c:1842:
C:\build\output\Unity-Technologies\mono\mono\metadata\icall.c:1842:
C:\build\output\Unity-Technologies\mono\mono\metadata\icall.c:1842:
C:\build\output\Unity-Technologies\mono\mono\metadata\icall.c:1842:
C:\build\output\Unity-Technologies\mono\mono\metadata\icall.c:1842:
C:\build\output\Unity-Technologies\mono\mono\metadata\icall.c:1842:
C:\build\output\Unity-Technologies\mono\mono\metadata\icall.c:1842:
C:\build\output\Unity-Technologies\mono\mono\metadata\icall.c:1842:
C:\build\output\Unity-Technologies\mono\mono\metadata\icall.c:1842:
C:\build\output\Unity-Technologies\mono\mono\metadata\icall.c:1842:
C:\build\output\Unity-Technologies\mono\mono\metadata\icall.c:1842:
Symbol file LoadedFromMemory is not a mono symbol file
- Loaded All Assemblies, in  3.557 seconds
'Packages/com.unity.xr.openxr/Runtime/OpenXRLoader.cs' contains partial class of Unity.Object, exactly 1 of the partial classes needs to be in a file with the same filename. This is to know the one that can be referenced from ie. GameObjects
'Packages/com.unity.xr.openxr/Runtime/OpenXRLoaderInternal.cs' contains partial class of Unity.Object, exactly 1 of the partial classes needs to be in a file with the same filename. This is to know the one that can be referenced from ie. GameObjects
Refreshing native plugins compatible for Editor in 27.15 ms, found 14 plugins.
Native extension for iOS target not found
Native extension for Android target not found
Native extension for WindowsStandalone target not found
[Package Manager] Failed to launch server process. Reason: Unity was launched with the -noUpm command-line argument
[Package Manager] Unable to send message (not connected to server process).
[Package Manager] Cannot connect to Unity Package Manager local server
Mono: successfully reloaded assembly
[Package Manager] Failed to launch server process. Reason: Unity was launched with the -noUpm command-line argument
[Package Manager] Unable to send message (not connected to server process).
[Package Manager] Cannot connect to Unity Package Manager local server
- Finished resetting the current domain, in  4.154 seconds
Domain Reload Profiling: 7712ms
	BeginReloadAssembly (1691ms)
		ExecutionOrderSort (0ms)
		DisableScriptedObjects (135ms)
		BackupInstance (0ms)
		ReleaseScriptingObjects (1ms)
		CreateAndSetChildDomain (406ms)
	RebuildCommonClasses (178ms)
	RebuildNativeTypeToScriptingClass (12ms)
	initialDomainReloadingComplete (103ms)
	LoadAllAssembliesAndSetupDomain (1573ms)
		LoadAssemblies (2291ms)
		RebuildTransferFunctionScriptingTraits (0ms)
		AnalyzeDomain (239ms)
			TypeCache.Refresh (31ms)
				TypeCache.ScanAssembly (3ms)
			BuildScriptInfoCaches (187ms)
			ResolveRequiredComponents (13ms)
	FinalizeReload (4155ms)
		ReleaseScriptCaches (0ms)
		RebuildScriptCaches (0ms)
		SetupLoadedEditorAssemblies (3650ms)
			LogAssemblyErrors (0ms)
			InitializePlatformSupportModulesInManaged (66ms)
			SetLoadedEditorAssemblies (8ms)
			BeforeProcessingInitializeOnLoad (84ms)
			ProcessInitializeOnLoadAttributes (807ms)
			ProcessInitializeOnLoadMethodAttributes (2677ms)
			AfterProcessingInitializeOnLoad (6ms)
			EditorAssembliesLoaded (2ms)
		ExecutionOrderSort2 (0ms)
		AwakeInstancesAfterBackupRestoration (21ms)
Refreshing native plugins compatible for Editor in 29.08 ms, found 14 plugins.
Preloading 0 native plugins for Editor in 0.00 ms.
Unloading 143 Unused Serialized files (Serialized files now loaded: 0)
Unloading 6569 unused Assets / (14.3 MB). Loaded Objects now: 7238.
Memory consumption went from 0.89 GB to 0.88 GB.
Total: 22.312300 ms (FindLiveObjects: 1.940500 ms CreateObjectMapping: 0.361000 ms MarkObjects: 9.281000 ms  DeleteObjects: 10.727000 ms)

Prepare: number of updated asset objects reloaded= 0
========================================================================
Received Prepare
'Packages/com.unity.xr.openxr/Runtime/OpenXRLoader.cs' contains partial class of Unity.Object, exactly 1 of the partial classes needs to be in a file with the same filename. This is to know the one that can be referenced from ie. GameObjects
'Packages/com.unity.xr.openxr/Runtime/OpenXRLoaderInternal.cs' contains partial class of Unity.Object, exactly 1 of the partial classes needs to be in a file with the same filename. This is to know the one that can be referenced from ie. GameObjects
Refreshing native plugins compatible for Editor in 9.63 ms, found 14 plugins.
Preloading 0 native plugins for Editor in 0.00 ms.
Unloading 72 Unused Serialized files (Serialized files now loaded: 0)
Unloading 6422 unused Assets / (13.0 MB). Loaded Objects now: 7222.
Memory consumption went from 0.89 GB to 0.88 GB.
Total: 15.084100 ms (FindLiveObjects: 0.552300 ms CreateObjectMapping: 0.338100 ms MarkObjects: 8.695700 ms  DeleteObjects: 5.495700 ms)

Prepare: number of updated asset objects reloaded= 0
========================================================================
Received Prepare
'Packages/com.unity.xr.openxr/Runtime/OpenXRLoader.cs' contains partial class of Unity.Object, exactly 1 of the partial classes needs to be in a file with the same filename. This is to know the one that can be referenced from ie. GameObjects
'Packages/com.unity.xr.openxr/Runtime/OpenXRLoaderInternal.cs' contains partial class of Unity.Object, exactly 1 of the partial classes needs to be in a file with the same filename. This is to know the one that can be referenced from ie. GameObjects
Refreshing native plugins compatible for Editor in 9.30 ms, found 14 plugins.
Preloading 0 native plugins for Editor in 0.00 ms.
Unloading 70 Unused Serialized files (Serialized files now loaded: 0)
Unloading 6422 unused Assets / (12.8 MB). Loaded Objects now: 7222.
Memory consumption went from 0.89 GB to 0.88 GB.
Total: 10.285800 ms (FindLiveObjects: 0.461400 ms CreateObjectMapping: 0.296400 ms MarkObjects: 3.795900 ms  DeleteObjects: 5.731100 ms)

Prepare: number of updated asset objects reloaded= 0
========================================================================
Received Import Request.
  Time since last request: 2840.066861 seconds.
  path: Assets/Samples/XR Interaction Toolkit/2.5.4/XR Device Simulator/UI/Mouse/Mouse.png
  artifactKey: Guid(f997d60d79a4e45cab6b1814e377a1b3) Importer(815301076,1909f56bfc062723c751e8b465ee728b)
Start importing Assets/Samples/XR Interaction Toolkit/2.5.4/XR Device Simulator/UI/Mouse/Mouse.png using Guid(f997d60d79a4e45cab6b1814e377a1b3) Importer(815301076,1909f56bfc062723c751e8b465ee728b) (PreviewImporter) -> (artifact id: 'a3dd46a59ce923dd209b48826a2478d5') in 1.9927072 seconds
Number of updated asset objects reloaded before import = 0Number of asset objects unloaded after import = 3

========================================================================
Received Import Request.
  Time since last request: 0.001098 seconds.
  path: Assets/Samples/XR Interaction Toolkit/2.5.4/XR Device Simulator/UI/HeadDevice/MoveRotateTool.png
  artifactKey: Guid(139237a044d8e4255b40bb472c842087) Importer(815301076,1909f56bfc062723c751e8b465ee728b)
Start importing Assets/Samples/XR Interaction Toolkit/2.5.4/XR Device Simulator/UI/HeadDevice/MoveRotateTool.png using Guid(139237a044d8e4255b40bb472c842087) Importer(815301076,1909f56bfc062723c751e8b465ee728b) (PreviewImporter) -> (artifact id: 'c13eb73251f31bbeeb22d1c0bf2d367f') in 0.0345451 seconds
Number of updated asset objects reloaded before import = 0Number of asset objects unloaded after import = 3

========================================================================
Received Import Request.
  Time since last request: 0.000026 seconds.
  path: Assets/Samples/XR Interaction Toolkit/2.5.4/XR Device Simulator/UI/HeadDevice/xr_hmd.png
  artifactKey: Guid(08548d5ac6b7bc64da0b332636c5cc91) Importer(815301076,1909f56bfc062723c751e8b465ee728b)
Start importing Assets/Samples/XR Interaction Toolkit/2.5.4/XR Device Simulator/UI/HeadDevice/xr_hmd.png using Guid(08548d5ac6b7bc64da0b332636c5cc91) Importer(815301076,1909f56bfc062723c751e8b465ee728b) (PreviewImporter) -> (artifact id: '03bbb300934411a70d89b634d1ecfb6d') in 0.0261609 seconds
Number of updated asset objects reloaded before import = 0Number of asset objects unloaded after import = 3

========================================================================
Received Import Request.
  Time since last request: 0.000108 seconds.
  path: Assets/Samples/XR Interaction Toolkit/2.5.4/XR Device Simulator/UI/Mouse/MouseR_d.png
  artifactKey: Guid(308cc8b73722e43eab64c228a76560a6) Importer(815301076,1909f56bfc062723c751e8b465ee728b)
Start importing Assets/Samples/XR Interaction Toolkit/2.5.4/XR Device Simulator/UI/Mouse/MouseR_d.png using Guid(308cc8b73722e43eab64c228a76560a6) Importer(815301076,1909f56bfc062723c751e8b465ee728b) (PreviewImporter) -> (artifact id: 'fe4183d1304b2616d6a4d0abf442e7ae') in 0.0214927 seconds
Number of updated asset objects reloaded before import = 0Number of asset objects unloaded after import = 3

========================================================================
Received Import Request.
  Time since last request: 0.000025 seconds.
  path: Assets/Samples/XR Interaction Toolkit/2.5.4/XR Device Simulator/UI/General/Unlocked.png
  artifactKey: Guid(f01f3bb228b3b4251a04e2036212d115) Importer(815301076,1909f56bfc062723c751e8b465ee728b)
Start importing Assets/Samples/XR Interaction Toolkit/2.5.4/XR Device Simulator/UI/General/Unlocked.png using Guid(f01f3bb228b3b4251a04e2036212d115) Importer(815301076,1909f56bfc062723c751e8b465ee728b) (PreviewImporter) -> (artifact id: '1f642605964846c18e220a82e66bc221') in 0.0152506 seconds
Number of updated asset objects reloaded before import = 0Number of asset objects unloaded after import = 3

========================================================================
Received Import Request.
  Time since last request: 7.992400 seconds.
  path: Assets/Samples/XR Interaction Toolkit/2.5.4/XR Device Simulator/UI/General/KeyboardIcon.png
  artifactKey: Guid(76dc0abb2ebb44c9a9bd39266f0b3c91) Importer(815301076,1909f56bfc062723c751e8b465ee728b)
Start importing Assets/Samples/XR Interaction Toolkit/2.5.4/XR Device Simulator/UI/General/KeyboardIcon.png using Guid(76dc0abb2ebb44c9a9bd39266f0b3c91) Importer(815301076,1909f56bfc062723c751e8b465ee728b) (PreviewImporter) -> (artifact id: '14e9ecac24fa14c217711475c1faf866') in 0.0444194 seconds
Number of updated asset objects reloaded before import = 0Number of asset objects unloaded after import = 3

========================================================================
Received Import Request.
  Time since last request: 171.577049 seconds.
  path: Packages/com.unity.collab-proxy/Editor/PlasticSCM/Assets/Images/d_iconaddedlocal.png
  artifactKey: Guid(0c6a2a64ca9f9c946a7dbbd1674cf5bd) Importer(815301076,1909f56bfc062723c751e8b465ee728b)
Start importing Packages/com.unity.collab-proxy/Editor/PlasticSCM/Assets/Images/d_iconaddedlocal.png using Guid(0c6a2a64ca9f9c946a7dbbd1674cf5bd) Importer(815301076,1909f56bfc062723c751e8b465ee728b) (PreviewImporter) -> (artifact id: '46a9290e7a192d374f18b757603b4931') in 0.0216586 seconds
Number of updated asset objects reloaded before import = 0Number of asset objects unloaded after import = 2

========================================================================
Received Import Request.
  Time since last request: 0.001104 seconds.
  path: Packages/com.unity.collab-proxy/Editor/PlasticSCM/Assets/Images/d_iconbranch.png
  artifactKey: Guid(612c5e166a121e3449dad067fbdc37a4) Importer(815301076,1909f56bfc062723c751e8b465ee728b)
Start importing Packages/com.unity.collab-proxy/Editor/PlasticSCM/Assets/Images/d_iconbranch.png using Guid(612c5e166a121e3449dad067fbdc37a4) Importer(815301076,1909f56bfc062723c751e8b465ee728b) (PreviewImporter) -> (artifact id: 'ee856b11b0e964782701cd09526220ee') in 0.0110425 seconds
Number of updated asset objects reloaded before import = 0Number of asset objects unloaded after import = 2

========================================================================
Received Import Request.
  Time since last request: 0.000127 seconds.
  path: Packages/com.unity.collab-proxy/Editor/PlasticSCM/Assets/Images/d_iconclosebutton.png
  artifactKey: Guid(9cadde7a0d5f9024ab3f2cd5f6a740d6) Importer(815301076,1909f56bfc062723c751e8b465ee728b)
Start importing Packages/com.unity.collab-proxy/Editor/PlasticSCM/Assets/Images/d_iconclosebutton.png using Guid(9cadde7a0d5f9024ab3f2cd5f6a740d6) Importer(815301076,1909f56bfc062723c751e8b465ee728b) (PreviewImporter) -> (artifact id: '450fae09fc02caf39a9daf535925a28c') in 0.0076581 seconds
Number of updated asset objects reloaded before import = 0Number of asset objects unloaded after import = 2

========================================================================
Received Import Request.
  Time since last request: 0.000251 seconds.
  path: Packages/com.unity.collab-proxy/Editor/PlasticSCM/Assets/Images/d_icondeletedlocaloverlay.png
  artifactKey: Guid(4da274d970a82a943ae3979e7833f3dd) Importer(815301076,1909f56bfc062723c751e8b465ee728b)
Start importing Packages/com.unity.collab-proxy/Editor/PlasticSCM/Assets/Images/d_icondeletedlocaloverlay.png using Guid(4da274d970a82a943ae3979e7833f3dd) Importer(815301076,1909f56bfc062723c751e8b465ee728b) (PreviewImporter) -> (artifact id: 'f0716c8a1e225762dd8e458a92c3a2dc') in 0.0132372 seconds
Number of updated asset objects reloaded before import = 0Number of asset objects unloaded after import = 2

========================================================================
Received Import Request.
  Time since last request: 0.000101 seconds.
  path: Packages/com.unity.collab-proxy/Editor/PlasticSCM/Assets/Images/d_iconlockedlocaloverlay.png
  artifactKey: Guid(71c45f80bffdb9145ad2c456254c862e) Importer(815301076,1909f56bfc062723c751e8b465ee728b)
Start importing Packages/com.unity.collab-proxy/Editor/PlasticSCM/Assets/Images/d_iconlockedlocaloverlay.png using Guid(71c45f80bffdb9145ad2c456254c862e) Importer(815301076,1909f56bfc062723c751e8b465ee728b) (PreviewImporter) -> (artifact id: 'edcbe3f4855324031102087d0cac9df0') in 0.0102877 seconds
Number of updated asset objects reloaded before import = 0Number of asset objects unloaded after import = 2

========================================================================
Received Import Request.
  Time since last request: 0.000052 seconds.
  path: Packages/com.unity.collab-proxy/Editor/PlasticSCM/Assets/Images/d_icondeletedlocaloverlay@2x.png
  artifactKey: Guid(92b204cca46037444ab18ba6701f86f7) Importer(815301076,1909f56bfc062723c751e8b465ee728b)
Start importing Packages/com.unity.collab-proxy/Editor/PlasticSCM/Assets/Images/d_icondeletedlocaloverlay@2x.png using Guid(92b204cca46037444ab18ba6701f86f7) Importer(815301076,1909f56bfc062723c751e8b465ee728b) (PreviewImporter) -> (artifact id: '6db836200ffeb1b5ed0a14f4fac6eb7e') in 0.0196762 seconds
Number of updated asset objects reloaded before import = 0Number of asset objects unloaded after import = 2

========================================================================
Received Import Request.
  Time since last request: 0.000029 seconds.
  path: Packages/com.unity.collab-proxy/Editor/PlasticSCM/Assets/Images/d_icondeletedremoteoverlay@2x.png
  artifactKey: Guid(2cfbf6619eb047545a425e8a31732c83) Importer(815301076,1909f56bfc062723c751e8b465ee728b)
Start importing Packages/com.unity.collab-proxy/Editor/PlasticSCM/Assets/Images/d_icondeletedremoteoverlay@2x.png using Guid(2cfbf6619eb047545a425e8a31732c83) Importer(815301076,1909f56bfc062723c751e8b465ee728b) (PreviewImporter) -> (artifact id: 'c51ae84925fe290e982f446da3e015b2') in 0.0085147 seconds
Number of updated asset objects reloaded before import = 0Number of asset objects unloaded after import = 2

========================================================================
Received Import Request.
  Time since last request: 0.000030 seconds.
  path: Packages/com.unity.collab-proxy/Editor/PlasticSCM/Assets/Images/d_iconconflictresolvedoverlay.png
  artifactKey: Guid(056ee72c467a4e24d87541d42839ca72) Importer(815301076,1909f56bfc062723c751e8b465ee728b)
Start importing Packages/com.unity.collab-proxy/Editor/PlasticSCM/Assets/Images/d_iconconflictresolvedoverlay.png using Guid(056ee72c467a4e24d87541d42839ca72) Importer(815301076,1909f56bfc062723c751e8b465ee728b) (PreviewImporter) -> (artifact id: 'd19a31a1312a052de714ebb0c698c631') in 0.0087952 seconds
Number of updated asset objects reloaded before import = 0Number of asset objects unloaded after import = 2

========================================================================
Received Import Request.
  Time since last request: 0.000014 seconds.
  path: Packages/com.unity.collab-proxy/Editor/PlasticSCM/Assets/Images/d_iconlockedremoteoverlay.png
  artifactKey: Guid(1046ed65e6aaffb4391378f6d08d6c14) Importer(815301076,1909f56bfc062723c751e8b465ee728b)
Start importing Packages/com.unity.collab-proxy/Editor/PlasticSCM/Assets/Images/d_iconlockedremoteoverlay.png using Guid(1046ed65e6aaffb4391378f6d08d6c14) Importer(815301076,1909f56bfc062723c751e8b465ee728b) (PreviewImporter) -> (artifact id: 'e45db267526594a037e39fd41b7d7819') in 0.0079382 seconds
Number of updated asset objects reloaded before import = 0Number of asset objects unloaded after import = 2

========================================================================
Received Import Request.
  Time since last request: 0.000427 seconds.
  path: Packages/com.unity.collab-proxy/Editor/PlasticSCM/Assets/Images/d_iconplasticnotifyconflict@2x.png
  artifactKey: Guid(23743f0c0ed1e6546808a5d645c2a6a5) Importer(815301076,1909f56bfc062723c751e8b465ee728b)
Start importing Packages/com.unity.collab-proxy/Editor/PlasticSCM/Assets/Images/d_iconplasticnotifyconflict@2x.png using Guid(23743f0c0ed1e6546808a5d645c2a6a5) Importer(815301076,1909f56bfc062723c751e8b465ee728b) (PreviewImporter) -> (artifact id: '9a6a5a1168dd0e96ffe2daee7a159eee') in 0.008489 seconds
Number of updated asset objects reloaded before import = 0Number of asset objects unloaded after import = 2

========================================================================
Received Import Request.
  Time since last request: 0.000077 seconds.
  path: Packages/com.unity.collab-proxy/Editor/PlasticSCM/Assets/Images/d_iconcheckedoutlocaloverlay.png
  artifactKey: Guid(bb1928aff4fd4cf44af1f629dc14ef9b) Importer(815301076,1909f56bfc062723c751e8b465ee728b)
Start importing Packages/com.unity.collab-proxy/Editor/PlasticSCM/Assets/Images/d_iconcheckedoutlocaloverlay.png using Guid(bb1928aff4fd4cf44af1f629dc14ef9b) Importer(815301076,1909f56bfc062723c751e8b465ee728b) (PreviewImporter) -> (artifact id: '670f4cf490aadb6604d53a0b930f9b3c') in 0.0119928 seconds
Number of updated asset objects reloaded before import = 0Number of asset objects unloaded after import = 2

========================================================================
Received Import Request.
  Time since last request: 0.002251 seconds.
  path: Packages/com.unity.collab-proxy/Editor/PlasticSCM/Assets/Images/d_iconclosebutton@2x.png
  artifactKey: Guid(0525793900d728a42936791a8a6de63b) Importer(815301076,1909f56bfc062723c751e8b465ee728b)
Start importing Packages/com.unity.collab-proxy/Editor/PlasticSCM/Assets/Images/d_iconclosebutton@2x.png using Guid(0525793900d728a42936791a8a6de63b) Importer(815301076,1909f56bfc062723c751e8b465ee728b) (PreviewImporter) -> (artifact id: '3b5fb1f48941a8e6659b5be803d06827') in 0.007814 seconds
Number of updated asset objects reloaded before import = 0Number of asset objects unloaded after import = 2

========================================================================
Received Import Request.
  Time since last request: 0.000055 seconds.
  path: Packages/com.unity.collab-proxy/Editor/PlasticSCM/Assets/Images/d_iconemptygravatar.png
  artifactKey: Guid(9aebd705574f9e642aef1e5f59b3e4d8) Importer(815301076,1909f56bfc062723c751e8b465ee728b)
Start importing Packages/com.unity.collab-proxy/Editor/PlasticSCM/Assets/Images/d_iconemptygravatar.png using Guid(9aebd705574f9e642aef1e5f59b3e4d8) Importer(815301076,1909f56bfc062723c751e8b465ee728b) (PreviewImporter) -> (artifact id: 'b746bb2bfe4ec14eb3e782b398f82085') in 0.0103375 seconds
Number of updated asset objects reloaded before import = 0Number of asset objects unloaded after import = 2

========================================================================
Received Import Request.
  Time since last request: 0.000023 seconds.
  path: Packages/com.unity.collab-proxy/Editor/PlasticSCM/Assets/Images/d_iconaddedoverlay.png
  artifactKey: Guid(73d124bf77e463c45942d14136745d9f) Importer(815301076,1909f56bfc062723c751e8b465ee728b)
Start importing Packages/com.unity.collab-proxy/Editor/PlasticSCM/Assets/Images/d_iconaddedoverlay.png using Guid(73d124bf77e463c45942d14136745d9f) Importer(815301076,1909f56bfc062723c751e8b465ee728b) (PreviewImporter) -> (artifact id: 'c8988e0d5c1813d64679717d143ec30f') in 0.0083655 seconds
Number of updated asset objects reloaded before import = 0Number of asset objects unloaded after import = 2

========================================================================
Received Import Request.
  Time since last request: 0.000016 seconds.
  path: Packages/com.unity.collab-proxy/Editor/PlasticSCM/Assets/Images/d_iconconflictedoverlay@2x.png
  artifactKey: Guid(a3ced8f7044b9de4787602a9e9b20ea7) Importer(815301076,1909f56bfc062723c751e8b465ee728b)
Start importing Packages/com.unity.collab-proxy/Editor/PlasticSCM/Assets/Images/d_iconconflictedoverlay@2x.png using Guid(a3ced8f7044b9de4787602a9e9b20ea7) Importer(815301076,1909f56bfc062723c751e8b465ee728b) (PreviewImporter) -> (artifact id: '8cd7ddd09bfb1aecdff296d804c1e7c3') in 0.0079213 seconds
Number of updated asset objects reloaded before import = 0Number of asset objects unloaded after import = 2

========================================================================
Received Import Request.
  Time since last request: 0.000036 seconds.
  path: Packages/com.unity.collab-proxy/Editor/PlasticSCM/Assets/Images/d_iconoutofsync.png
  artifactKey: Guid(0e80bd0b4a8196f46acf73711b9505ec) Importer(815301076,1909f56bfc062723c751e8b465ee728b)
Start importing Packages/com.unity.collab-proxy/Editor/PlasticSCM/Assets/Images/d_iconoutofsync.png using Guid(0e80bd0b4a8196f46acf73711b9505ec) Importer(815301076,1909f56bfc062723c751e8b465ee728b) (PreviewImporter) -> (artifact id: 'b188babd8c5b5438f172851f7f09c09d') in 0.0075975 seconds
Number of updated asset objects reloaded before import = 0Number of asset objects unloaded after import = 2

========================================================================
Received Import Request.
  Time since last request: 836.801943 seconds.
  path: Assets/TextMesh Pro/Examples & Extras/Resources/Fonts & Materials/Anton SDF - Drop Shadow.mat
  artifactKey: Guid(749b9069dc4742c5bfa5c74644049926) Importer(815301076,1909f56bfc062723c751e8b465ee728b)
Start importing Assets/TextMesh Pro/Examples & Extras/Resources/Fonts & Materials/Anton SDF - Drop Shadow.mat using Guid(749b9069dc4742c5bfa5c74644049926) Importer(815301076,1909f56bfc062723c751e8b465ee728b) (PreviewImporter) -> (artifact id: '564c4b6992a25c7bf16ff9e9ec9843a8') in 1.2245789 seconds
Number of updated asset objects reloaded before import = 0Number of asset objects unloaded after import = 23

========================================================================
Received Import Request.
  Time since last request: 0.230718 seconds.
  path: Assets/MobileARTemplateAssets/UI/Prefabs/Options Button.prefab
  artifactKey: Guid(f09d7c3215a72ac4395754c9e3557a9c) Importer(815301076,1909f56bfc062723c751e8b465ee728b)
Start importing Assets/MobileARTemplateAssets/UI/Prefabs/Options Button.prefab using Guid(f09d7c3215a72ac4395754c9e3557a9c) Importer(815301076,1909f56bfc062723c751e8b465ee728b) (PreviewImporter) -> (artifact id: '12464d72705810d0c69138ecbdd382f5') in 0.0463435 seconds
Number of updated asset objects reloaded before import = 0Number of asset objects unloaded after import = 13

========================================================================
Received Prepare
'Packages/com.unity.xr.openxr/Runtime/OpenXRLoader.cs' contains partial class of Unity.Object, exactly 1 of the partial classes needs to be in a file with the same filename. This is to know the one that can be referenced from ie. GameObjects
'Packages/com.unity.xr.openxr/Runtime/OpenXRLoaderInternal.cs' contains partial class of Unity.Object, exactly 1 of the partial classes needs to be in a file with the same filename. This is to know the one that can be referenced from ie. GameObjects
Refreshing native plugins compatible for Editor in 11.12 ms, found 14 plugins.
Preloading 0 native plugins for Editor in 0.00 ms.
Unloading 70 Unused Serialized files (Serialized files now loaded: 0)
Unloading 6422 unused Assets / (12.3 MB). Loaded Objects now: 7316.
Memory consumption went from 0.89 GB to 0.88 GB.
Total: 170.437200 ms (FindLiveObjects: 2.051600 ms CreateObjectMapping: 0.394600 ms MarkObjects: 161.836000 ms  DeleteObjects: 6.151300 ms)

Prepare: number of updated asset objects reloaded= 0
========================================================================
Received Prepare
'Packages/com.unity.xr.openxr/Runtime/OpenXRLoader.cs' contains partial class of Unity.Object, exactly 1 of the partial classes needs to be in a file with the same filename. This is to know the one that can be referenced from ie. GameObjects
'Packages/com.unity.xr.openxr/Runtime/OpenXRLoaderInternal.cs' contains partial class of Unity.Object, exactly 1 of the partial classes needs to be in a file with the same filename. This is to know the one that can be referenced from ie. GameObjects
Refreshing native plugins compatible for Editor in 11.63 ms, found 14 plugins.
Preloading 0 native plugins for Editor in 0.00 ms.
Unloading 70 Unused Serialized files (Serialized files now loaded: 0)
Unloading 6422 unused Assets / (13.7 MB). Loaded Objects now: 7316.
Memory consumption went from 0.89 GB to 0.88 GB.
Total: 15.288600 ms (FindLiveObjects: 0.679000 ms CreateObjectMapping: 0.519800 ms MarkObjects: 5.889700 ms  DeleteObjects: 8.198200 ms)

Prepare: number of updated asset objects reloaded= 0
========================================================================
Received Import Request.
  Time since last request: 432.453007 seconds.
  path: Assets/MobileARTemplateAssets/UI/Prefabs/Options Modal.prefab
  artifactKey: Guid(260c0ec9c84ec5343af848a1c1f88bdd) Importer(815301076,1909f56bfc062723c751e8b465ee728b)
Start importing Assets/MobileARTemplateAssets/UI/Prefabs/Options Modal.prefab using Guid(260c0ec9c84ec5343af848a1c1f88bdd) Importer(815301076,1909f56bfc062723c751e8b465ee728b) (PreviewImporter) -> (artifact id: 'e355e311cb61546aaf9bd3acadd47549') in 0.6148559 seconds
Number of updated asset objects reloaded before import = 10Number of asset objects unloaded after import = 129

========================================================================
Received Prepare
Begin MonoManager ReloadAssembly
C:\build\output\Unity-Technologies\mono\mono\metadata\icall.c:1842:
C:\build\output\Unity-Technologies\mono\mono\metadata\icall.c:1842:
C:\build\output\Unity-Technologies\mono\mono\metadata\icall.c:1842:
C:\build\output\Unity-Technologies\mono\mono\metadata\icall.c:1842:
C:\build\output\Unity-Technologies\mono\mono\metadata\icall.c:1842:
C:\build\output\Unity-Technologies\mono\mono\metadata\icall.c:1842:
C:\build\output\Unity-Technologies\mono\mono\metadata\icall.c:1842:
C:\build\output\Unity-Technologies\mono\mono\metadata\icall.c:1842:
C:\build\output\Unity-Technologies\mono\mono\metadata\icall.c:1842:
C:\build\output\Unity-Technologies\mono\mono\metadata\icall.c:1842:
C:\build\output\Unity-Technologies\mono\mono\metadata\icall.c:1842:
C:\build\output\Unity-Technologies\mono\mono\metadata\icall.c:1842:
Symbol file LoadedFromMemory is not a mono symbol file
- Loaded All Assemblies, in  5.959 seconds
'Packages/com.unity.xr.openxr/Runtime/OpenXRLoader.cs' contains partial class of Unity.Object, exactly 1 of the partial classes needs to be in a file with the same filename. This is to know the one that can be referenced from ie. GameObjects
'Packages/com.unity.xr.openxr/Runtime/OpenXRLoaderInternal.cs' contains partial class of Unity.Object, exactly 1 of the partial classes needs to be in a file with the same filename. This is to know the one that can be referenced from ie. GameObjects
Refreshing native plugins compatible for Editor in 28.16 ms, found 14 plugins.
Native extension for iOS target not found
Native extension for Android target not found
Native extension for WindowsStandalone target not found
[Package Manager] Failed to launch server process. Reason: Unity was launched with the -noUpm command-line argument
[Package Manager] Unable to send message (not connected to server process).
[Package Manager] Cannot connect to Unity Package Manager local server
Mono: successfully reloaded assembly
[Package Manager] Failed to launch server process. Reason: Unity was launched with the -noUpm command-line argument
[Package Manager] Unable to send message (not connected to server process).
[Package Manager] Cannot connect to Unity Package Manager local server
- Finished resetting the current domain, in  1.965 seconds
Domain Reload Profiling: 7926ms
	BeginReloadAssembly (3337ms)
		ExecutionOrderSort (4ms)
		DisableScriptedObjects (379ms)
		BackupInstance (0ms)
		ReleaseScriptingObjects (4ms)
		CreateAndSetChildDomain (1632ms)
	RebuildCommonClasses (61ms)
	RebuildNativeTypeToScriptingClass (15ms)
	initialDomainReloadingComplete (120ms)
	LoadAllAssembliesAndSetupDomain (2429ms)
		LoadAssemblies (1833ms)
		RebuildTransferFunctionScriptingTraits (0ms)
		AnalyzeDomain (957ms)
			TypeCache.Refresh (345ms)
				TypeCache.ScanAssembly (19ms)
			BuildScriptInfoCaches (537ms)
			ResolveRequiredComponents (20ms)
	FinalizeReload (1965ms)
		ReleaseScriptCaches (0ms)
		RebuildScriptCaches (0ms)
		SetupLoadedEditorAssemblies (1441ms)
			LogAssemblyErrors (0ms)
			InitializePlatformSupportModulesInManaged (35ms)
			SetLoadedEditorAssemblies (6ms)
			BeforeProcessingInitializeOnLoad (78ms)
			ProcessInitializeOnLoadAttributes (528ms)
			ProcessInitializeOnLoadMethodAttributes (781ms)
			AfterProcessingInitializeOnLoad (3ms)
			EditorAssembliesLoaded (10ms)
		ExecutionOrderSort2 (0ms)
		AwakeInstancesAfterBackupRestoration (39ms)
Refreshing native plugins compatible for Editor in 11.70 ms, found 14 plugins.
Preloading 0 native plugins for Editor in 0.00 ms.
Unloading 143 Unused Serialized files (Serialized files now loaded: 0)
Unloading 6569 unused Assets / (11.2 MB). Loaded Objects now: 7264.
Memory consumption went from 0.89 GB to 0.88 GB.
Total: 25.756900 ms (FindLiveObjects: 1.446100 ms CreateObjectMapping: 0.606100 ms MarkObjects: 12.297000 ms  DeleteObjects: 11.405000 ms)

Prepare: number of updated asset objects reloaded= 0
========================================================================
Received Prepare
Begin MonoManager ReloadAssembly
C:\build\output\Unity-Technologies\mono\mono\metadata\icall.c:1842:
C:\build\output\Unity-Technologies\mono\mono\metadata\icall.c:1842:
C:\build\output\Unity-Technologies\mono\mono\metadata\icall.c:1842:
C:\build\output\Unity-Technologies\mono\mono\metadata\icall.c:1842:
C:\build\output\Unity-Technologies\mono\mono\metadata\icall.c:1842:
C:\build\output\Unity-Technologies\mono\mono\metadata\icall.c:1842:
C:\build\output\Unity-Technologies\mono\mono\metadata\icall.c:1842:
C:\build\output\Unity-Technologies\mono\mono\metadata\icall.c:1842:
C:\build\output\Unity-Technologies\mono\mono\metadata\icall.c:1842:
C:\build\output\Unity-Technologies\mono\mono\metadata\icall.c:1842:
C:\build\output\Unity-Technologies\mono\mono\metadata\icall.c:1842:
C:\build\output\Unity-Technologies\mono\mono\metadata\icall.c:1842:
Symbol file LoadedFromMemory is not a mono symbol file
- Loaded All Assemblies, in  5.920 seconds
'Packages/com.unity.xr.openxr/Runtime/OpenXRLoader.cs' contains partial class of Unity.Object, exactly 1 of the partial classes needs to be in a file with the same filename. This is to know the one that can be referenced from ie. GameObjects
'Packages/com.unity.xr.openxr/Runtime/OpenXRLoaderInternal.cs' contains partial class of Unity.Object, exactly 1 of the partial classes needs to be in a file with the same filename. This is to know the one that can be referenced from ie. GameObjects
Refreshing native plugins compatible for Editor in 11.15 ms, found 14 plugins.
Native extension for iOS target not found
Native extension for Android target not found
Native extension for WindowsStandalone target not found
[Package Manager] Failed to launch server process. Reason: Unity was launched with the -noUpm command-line argument
[Package Manager] Unable to send message (not connected to server process).
[Package Manager] Cannot connect to Unity Package Manager local server
Mono: successfully reloaded assembly
[Package Manager] Failed to launch server process. Reason: Unity was launched with the -noUpm command-line argument
[Package Manager] Unable to send message (not connected to server process).
[Package Manager] Cannot connect to Unity Package Manager local server
- Finished resetting the current domain, in  4.231 seconds
Domain Reload Profiling: 10155ms
	BeginReloadAssembly (3700ms)
		ExecutionOrderSort (0ms)
		DisableScriptedObjects (146ms)
		BackupInstance (0ms)
		ReleaseScriptingObjects (19ms)
		CreateAndSetChildDomain (1697ms)
	RebuildCommonClasses (39ms)
	RebuildNativeTypeToScriptingClass (11ms)
	initialDomainReloadingComplete (40ms)
	LoadAllAssembliesAndSetupDomain (2133ms)
		LoadAssemblies (1870ms)
		RebuildTransferFunctionScriptingTraits (0ms)
		AnalyzeDomain (499ms)
			TypeCache.Refresh (79ms)
				TypeCache.ScanAssembly (7ms)
			BuildScriptInfoCaches (337ms)
			ResolveRequiredComponents (21ms)
	FinalizeReload (4232ms)
		ReleaseScriptCaches (0ms)
		RebuildScriptCaches (0ms)
		SetupLoadedEditorAssemblies (3728ms)
			LogAssemblyErrors (0ms)
			InitializePlatformSupportModulesInManaged (34ms)
			SetLoadedEditorAssemblies (6ms)
			BeforeProcessingInitializeOnLoad (101ms)
			ProcessInitializeOnLoadAttributes (616ms)
			ProcessInitializeOnLoadMethodAttributes (2955ms)
			AfterProcessingInitializeOnLoad (9ms)
			EditorAssembliesLoaded (7ms)
		ExecutionOrderSort2 (0ms)
		AwakeInstancesAfterBackupRestoration (20ms)
Refreshing native plugins compatible for Editor in 12.10 ms, found 14 plugins.
Preloading 0 native plugins for Editor in 0.00 ms.
Unloading 145 Unused Serialized files (Serialized files now loaded: 0)
Unloading 6569 unused Assets / (13.7 MB). Loaded Objects now: 7265.
Memory consumption went from 0.90 GB to 0.88 GB.
Total: 27.722800 ms (FindLiveObjects: 3.509900 ms CreateObjectMapping: 0.322600 ms MarkObjects: 12.992400 ms  DeleteObjects: 10.895300 ms)

Prepare: number of updated asset objects reloaded= 0
========================================================================
Received Prepare
Begin MonoManager ReloadAssembly
C:\build\output\Unity-Technologies\mono\mono\metadata\icall.c:1842:
C:\build\output\Unity-Technologies\mono\mono\metadata\icall.c:1842:
C:\build\output\Unity-Technologies\mono\mono\metadata\icall.c:1842:
C:\build\output\Unity-Technologies\mono\mono\metadata\icall.c:1842:
C:\build\output\Unity-Technologies\mono\mono\metadata\icall.c:1842:
C:\build\output\Unity-Technologies\mono\mono\metadata\icall.c:1842:
C:\build\output\Unity-Technologies\mono\mono\metadata\icall.c:1842:
C:\build\output\Unity-Technologies\mono\mono\metadata\icall.c:1842:
C:\build\output\Unity-Technologies\mono\mono\metadata\icall.c:1842:
C:\build\output\Unity-Technologies\mono\mono\metadata\icall.c:1842:
C:\build\output\Unity-Technologies\mono\mono\metadata\icall.c:1842:
C:\build\output\Unity-Technologies\mono\mono\metadata\icall.c:1842:
Symbol file LoadedFromMemory is not a mono symbol file
- Loaded All Assemblies, in  5.895 seconds
'Packages/com.unity.xr.openxr/Runtime/OpenXRLoader.cs' contains partial class of Unity.Object, exactly 1 of the partial classes needs to be in a file with the same filename. This is to know the one that can be referenced from ie. GameObjects
'Packages/com.unity.xr.openxr/Runtime/OpenXRLoaderInternal.cs' contains partial class of Unity.Object, exactly 1 of the partial classes needs to be in a file with the same filename. This is to know the one that can be referenced from ie. GameObjects
Refreshing native plugins compatible for Editor in 14.09 ms, found 14 plugins.
Native extension for iOS target not found
Native extension for Android target not found
Native extension for WindowsStandalone target not found
[Package Manager] Failed to launch server process. Reason: Unity was launched with the -noUpm command-line argument
[Package Manager] Unable to send message (not connected to server process).
[Package Manager] Cannot connect to Unity Package Manager local server
Mono: successfully reloaded assembly
[Package Manager] Failed to launch server process. Reason: Unity was launched with the -noUpm command-line argument
[Package Manager] Unable to send message (not connected to server process).
[Package Manager] Cannot connect to Unity Package Manager local server
- Finished resetting the current domain, in 12.145 seconds
Domain Reload Profiling: 18065ms
	BeginReloadAssembly (3078ms)
		ExecutionOrderSort (0ms)
		DisableScriptedObjects (127ms)
		BackupInstance (0ms)
		ReleaseScriptingObjects (19ms)
		CreateAndSetChildDomain (1940ms)
	RebuildCommonClasses (46ms)
	RebuildNativeTypeToScriptingClass (12ms)
	initialDomainReloadingComplete (48ms)
	LoadAllAssembliesAndSetupDomain (2730ms)
		LoadAssemblies (2033ms)
		RebuildTransferFunctionScriptingTraits (0ms)
		AnalyzeDomain (900ms)
			TypeCache.Refresh (144ms)
				TypeCache.ScanAssembly (2ms)
			BuildScriptInfoCaches (669ms)
			ResolveRequiredComponents (29ms)
	FinalizeReload (12150ms)
		ReleaseScriptCaches (0ms)
		RebuildScriptCaches (0ms)
		SetupLoadedEditorAssemblies (11430ms)
			LogAssemblyErrors (0ms)
			InitializePlatformSupportModulesInManaged (31ms)
			SetLoadedEditorAssemblies (6ms)
			BeforeProcessingInitializeOnLoad (67ms)
			ProcessInitializeOnLoadAttributes (646ms)
			ProcessInitializeOnLoadMethodAttributes (10639ms)
			AfterProcessingInitializeOnLoad (12ms)
			EditorAssembliesLoaded (29ms)
		ExecutionOrderSort2 (0ms)
		AwakeInstancesAfterBackupRestoration (60ms)
Refreshing native plugins compatible for Editor in 34.62 ms, found 14 plugins.
Preloading 0 native plugins for Editor in 0.00 ms.
Unloading 145 Unused Serialized files (Serialized files now loaded: 0)
Unloading 6569 unused Assets / (12.5 MB). Loaded Objects now: 7266.
Memory consumption went from 0.90 GB to 0.89 GB.
Total: 57.359500 ms (FindLiveObjects: 4.943600 ms CreateObjectMapping: 0.902000 ms MarkObjects: 33.293000 ms  DeleteObjects: 18.076500 ms)

Prepare: number of updated asset objects reloaded= 0
========================================================================
Received Prepare
'Packages/com.unity.xr.openxr/Runtime/OpenXRLoader.cs' contains partial class of Unity.Object, exactly 1 of the partial classes needs to be in a file with the same filename. This is to know the one that can be referenced from ie. GameObjects
'Packages/com.unity.xr.openxr/Runtime/OpenXRLoaderInternal.cs' contains partial class of Unity.Object, exactly 1 of the partial classes needs to be in a file with the same filename. This is to know the one that can be referenced from ie. GameObjects
Refreshing native plugins compatible for Editor in 13.62 ms, found 14 plugins.
Preloading 0 native plugins for Editor in 0.00 ms.
Unloading 72 Unused Serialized files (Serialized files now loaded: 0)
Unloading 6422 unused Assets / (13.1 MB). Loaded Objects now: 7250.
Memory consumption went from 0.89 GB to 0.88 GB.
Total: 16.182000 ms (FindLiveObjects: 1.321500 ms CreateObjectMapping: 0.338800 ms MarkObjects: 7.134700 ms  DeleteObjects: 7.375100 ms)

Prepare: number of updated asset objects reloaded= 0
========================================================================
Received Prepare
'Packages/com.unity.xr.openxr/Runtime/OpenXRLoader.cs' contains partial class of Unity.Object, exactly 1 of the partial classes needs to be in a file with the same filename. This is to know the one that can be referenced from ie. GameObjects
'Packages/com.unity.xr.openxr/Runtime/OpenXRLoaderInternal.cs' contains partial class of Unity.Object, exactly 1 of the partial classes needs to be in a file with the same filename. This is to know the one that can be referenced from ie. GameObjects
Refreshing native plugins compatible for Editor in 10.03 ms, found 14 plugins.
Preloading 0 native plugins for Editor in 0.00 ms.
Unloading 70 Unused Serialized files (Serialized files now loaded: 0)
Unloading 6422 unused Assets / (13.2 MB). Loaded Objects now: 7250.
Memory consumption went from 0.89 GB to 0.88 GB.
Total: 11.638600 ms (FindLiveObjects: 0.530700 ms CreateObjectMapping: 0.344100 ms MarkObjects: 4.616100 ms  DeleteObjects: 6.146400 ms)

Prepare: number of updated asset objects reloaded= 0
========================================================================
Received Prepare
'Packages/com.unity.xr.openxr/Runtime/OpenXRLoader.cs' contains partial class of Unity.Object, exactly 1 of the partial classes needs to be in a file with the same filename. This is to know the one that can be referenced from ie. GameObjects
'Packages/com.unity.xr.openxr/Runtime/OpenXRLoaderInternal.cs' contains partial class of Unity.Object, exactly 1 of the partial classes needs to be in a file with the same filename. This is to know the one that can be referenced from ie. GameObjects
Refreshing native plugins compatible for Editor in 11.39 ms, found 14 plugins.
Preloading 0 native plugins for Editor in 0.00 ms.
Unloading 70 Unused Serialized files (Serialized files now loaded: 0)
Unloading 6422 unused Assets / (13.7 MB). Loaded Objects now: 7250.
Memory consumption went from 0.89 GB to 0.88 GB.
Total: 318.400300 ms (FindLiveObjects: 3.775800 ms CreateObjectMapping: 0.433200 ms MarkObjects: 303.648100 ms  DeleteObjects: 10.539300 ms)

Prepare: number of updated asset objects reloaded= 0
========================================================================
Received Prepare
'Packages/com.unity.xr.openxr/Runtime/OpenXRLoader.cs' contains partial class of Unity.Object, exactly 1 of the partial classes needs to be in a file with the same filename. This is to know the one that can be referenced from ie. GameObjects
'Packages/com.unity.xr.openxr/Runtime/OpenXRLoaderInternal.cs' contains partial class of Unity.Object, exactly 1 of the partial classes needs to be in a file with the same filename. This is to know the one that can be referenced from ie. GameObjects
Refreshing native plugins compatible for Editor in 17.97 ms, found 14 plugins.
Preloading 0 native plugins for Editor in 0.00 ms.
Unloading 70 Unused Serialized files (Serialized files now loaded: 0)
Unloading 6422 unused Assets / (13.8 MB). Loaded Objects now: 7250.
Memory consumption went from 0.89 GB to 0.88 GB.
Total: 12.783900 ms (FindLiveObjects: 0.434100 ms CreateObjectMapping: 0.286100 ms MarkObjects: 4.501100 ms  DeleteObjects: 7.561400 ms)

Prepare: number of updated asset objects reloaded= 0
========================================================================
Received Prepare
'Packages/com.unity.xr.openxr/Runtime/OpenXRLoader.cs' contains partial class of Unity.Object, exactly 1 of the partial classes needs to be in a file with the same filename. This is to know the one that can be referenced from ie. GameObjects
'Packages/com.unity.xr.openxr/Runtime/OpenXRLoaderInternal.cs' contains partial class of Unity.Object, exactly 1 of the partial classes needs to be in a file with the same filename. This is to know the one that can be referenced from ie. GameObjects
Refreshing native plugins compatible for Editor in 13.52 ms, found 14 plugins.
Preloading 0 native plugins for Editor in 0.00 ms.
Unloading 70 Unused Serialized files (Serialized files now loaded: 0)
Unloading 6422 unused Assets / (13.3 MB). Loaded Objects now: 7250.
Memory consumption went from 0.89 GB to 0.88 GB.
Total: 344.487600 ms (FindLiveObjects: 2.905700 ms CreateObjectMapping: 0.309900 ms MarkObjects: 330.355400 ms  DeleteObjects: 10.912500 ms)

Prepare: number of updated asset objects reloaded= 0
========================================================================
Received Prepare
'Packages/com.unity.xr.openxr/Runtime/OpenXRLoader.cs' contains partial class of Unity.Object, exactly 1 of the partial classes needs to be in a file with the same filename. This is to know the one that can be referenced from ie. GameObjects
'Packages/com.unity.xr.openxr/Runtime/OpenXRLoaderInternal.cs' contains partial class of Unity.Object, exactly 1 of the partial classes needs to be in a file with the same filename. This is to know the one that can be referenced from ie. GameObjects
Refreshing native plugins compatible for Editor in 15.11 ms, found 14 plugins.
Preloading 0 native plugins for Editor in 0.00 ms.
Unloading 70 Unused Serialized files (Serialized files now loaded: 0)
Unloading 6422 unused Assets / (13.5 MB). Loaded Objects now: 7250.
Memory consumption went from 0.89 GB to 0.88 GB.
Total: 12.729900 ms (FindLiveObjects: 0.705000 ms CreateObjectMapping: 0.563800 ms MarkObjects: 4.677500 ms  DeleteObjects: 6.782100 ms)

Prepare: number of updated asset objects reloaded= 0
========================================================================
Received Prepare
Begin MonoManager ReloadAssembly
C:\build\output\Unity-Technologies\mono\mono\metadata\icall.c:1842:
C:\build\output\Unity-Technologies\mono\mono\metadata\icall.c:1842:
C:\build\output\Unity-Technologies\mono\mono\metadata\icall.c:1842:
C:\build\output\Unity-Technologies\mono\mono\metadata\icall.c:1842:
C:\build\output\Unity-Technologies\mono\mono\metadata\icall.c:1842:
C:\build\output\Unity-Technologies\mono\mono\metadata\icall.c:1842:
C:\build\output\Unity-Technologies\mono\mono\metadata\icall.c:1842:
C:\build\output\Unity-Technologies\mono\mono\metadata\icall.c:1842:
C:\build\output\Unity-Technologies\mono\mono\metadata\icall.c:1842:
C:\build\output\Unity-Technologies\mono\mono\metadata\icall.c:1842:
C:\build\output\Unity-Technologies\mono\mono\metadata\icall.c:1842:
C:\build\output\Unity-Technologies\mono\mono\metadata\icall.c:1842:
Symbol file LoadedFromMemory is not a mono symbol file
- Loaded All Assemblies, in 14.822 seconds
'Packages/com.unity.xr.openxr/Runtime/OpenXRLoader.cs' contains partial class of Unity.Object, exactly 1 of the partial classes needs to be in a file with the same filename. This is to know the one that can be referenced from ie. GameObjects
'Packages/com.unity.xr.openxr/Runtime/OpenXRLoaderInternal.cs' contains partial class of Unity.Object, exactly 1 of the partial classes needs to be in a file with the same filename. This is to know the one that can be referenced from ie. GameObjects
Refreshing native plugins compatible for Editor in 11.12 ms, found 14 plugins.
Native extension for iOS target not found
Native extension for Android target not found
Native extension for WindowsStandalone target not found
[Package Manager] Failed to launch server process. Reason: Unity was launched with the -noUpm command-line argument
[Package Manager] Unable to send message (not connected to server process).
[Package Manager] Cannot connect to Unity Package Manager local server
Mono: successfully reloaded assembly
[Package Manager] Failed to launch server process. Reason: Unity was launched with the -noUpm command-line argument
[Package Manager] Unable to send message (not connected to server process).
[Package Manager] Cannot connect to Unity Package Manager local server
- Finished resetting the current domain, in 36.983 seconds
Domain Reload Profiling: 51879ms
	BeginReloadAssembly (5477ms)
		ExecutionOrderSort (10ms)
		DisableScriptedObjects (407ms)
		BackupInstance (0ms)
		ReleaseScriptingObjects (6ms)
		CreateAndSetChildDomain (2511ms)
	RebuildCommonClasses (209ms)
	RebuildNativeTypeToScriptingClass (30ms)
	initialDomainReloadingComplete (110ms)
	LoadAllAssembliesAndSetupDomain (9015ms)
		LoadAssemblies (8185ms)
		RebuildTransferFunctionScriptingTraits (0ms)
		AnalyzeDomain (1353ms)
			TypeCache.Refresh (385ms)
				TypeCache.ScanAssembly (47ms)
			BuildScriptInfoCaches (868ms)
			ResolveRequiredComponents (37ms)
	FinalizeReload (37037ms)
		ReleaseScriptCaches (0ms)
		RebuildScriptCaches (0ms)
		SetupLoadedEditorAssemblies (35630ms)
			LogAssemblyErrors (0ms)
			InitializePlatformSupportModulesInManaged (44ms)
			SetLoadedEditorAssemblies (16ms)
			BeforeProcessingInitializeOnLoad (85ms)
			ProcessInitializeOnLoadAttributes (842ms)
			ProcessInitializeOnLoadMethodAttributes (34533ms)
			AfterProcessingInitializeOnLoad (70ms)
			EditorAssembliesLoaded (41ms)
		ExecutionOrderSort2 (1ms)
		AwakeInstancesAfterBackupRestoration (103ms)
Refreshing native plugins compatible for Editor in 55.21 ms, found 14 plugins.
Preloading 0 native plugins for Editor in 0.00 ms.
Unloading 143 Unused Serialized files (Serialized files now loaded: 0)
Unloading 6569 unused Assets / (14.0 MB). Loaded Objects now: 7267.
Memory consumption went from 0.90 GB to 0.89 GB.
Total: 193.346700 ms (FindLiveObjects: 16.371600 ms CreateObjectMapping: 1.282100 ms MarkObjects: 77.438200 ms  DeleteObjects: 98.043000 ms)

Prepare: number of updated asset objects reloaded= 0
========================================================================
Received Prepare
'Packages/com.unity.xr.openxr/Runtime/OpenXRLoader.cs' contains partial class of Unity.Object, exactly 1 of the partial classes needs to be in a file with the same filename. This is to know the one that can be referenced from ie. GameObjects
'Packages/com.unity.xr.openxr/Runtime/OpenXRLoaderInternal.cs' contains partial class of Unity.Object, exactly 1 of the partial classes needs to be in a file with the same filename. This is to know the one that can be referenced from ie. GameObjects
Refreshing native plugins compatible for Editor in 10.28 ms, found 14 plugins.
Preloading 0 native plugins for Editor in 0.00 ms.
Unloading 72 Unused Serialized files (Serialized files now loaded: 0)
Unloading 6422 unused Assets / (13.2 MB). Loaded Objects now: 7251.
Memory consumption went from 0.90 GB to 0.89 GB.
Total: 262.887400 ms (FindLiveObjects: 3.211500 ms CreateObjectMapping: 0.276900 ms MarkObjects: 248.291700 ms  DeleteObjects: 11.104600 ms)

Prepare: number of updated asset objects reloaded= 0
========================================================================
Received Prepare
'Packages/com.unity.xr.openxr/Runtime/OpenXRLoader.cs' contains partial class of Unity.Object, exactly 1 of the partial classes needs to be in a file with the same filename. This is to know the one that can be referenced from ie. GameObjects
'Packages/com.unity.xr.openxr/Runtime/OpenXRLoaderInternal.cs' contains partial class of Unity.Object, exactly 1 of the partial classes needs to be in a file with the same filename. This is to know the one that can be referenced from ie. GameObjects
Refreshing native plugins compatible for Editor in 11.39 ms, found 14 plugins.
Preloading 0 native plugins for Editor in 0.00 ms.
Unloading 70 Unused Serialized files (Serialized files now loaded: 0)
Unloading 6422 unused Assets / (13.3 MB). Loaded Objects now: 7251.
Memory consumption went from 0.90 GB to 0.89 GB.
Total: 9.487600 ms (FindLiveObjects: 0.463400 ms CreateObjectMapping: 0.305200 ms MarkObjects: 3.557200 ms  DeleteObjects: 5.160700 ms)

Prepare: number of updated asset objects reloaded= 0
========================================================================
Received Prepare
'Packages/com.unity.xr.openxr/Runtime/OpenXRLoader.cs' contains partial class of Unity.Object, exactly 1 of the partial classes needs to be in a file with the same filename. This is to know the one that can be referenced from ie. GameObjects
'Packages/com.unity.xr.openxr/Runtime/OpenXRLoaderInternal.cs' contains partial class of Unity.Object, exactly 1 of the partial classes needs to be in a file with the same filename. This is to know the one that can be referenced from ie. GameObjects
Refreshing native plugins compatible for Editor in 48.30 ms, found 14 plugins.
Preloading 0 native plugins for Editor in 0.00 ms.
Unloading 70 Unused Serialized files (Serialized files now loaded: 0)
Unloading 6424 unused Assets / (13.6 MB). Loaded Objects now: 7249.
Memory consumption went from 0.90 GB to 0.89 GB.
Total: 749.877400 ms (FindLiveObjects: 5.827200 ms CreateObjectMapping: 0.542400 ms MarkObjects: 729.886500 ms  DeleteObjects: 13.616200 ms)

Prepare: number of updated asset objects reloaded= 0
========================================================================
Received Prepare
Begin MonoManager ReloadAssembly
C:\build\output\Unity-Technologies\mono\mono\metadata\icall.c:1842:
C:\build\output\Unity-Technologies\mono\mono\metadata\icall.c:1842:
C:\build\output\Unity-Technologies\mono\mono\metadata\icall.c:1842:
C:\build\output\Unity-Technologies\mono\mono\metadata\icall.c:1842:
C:\build\output\Unity-Technologies\mono\mono\metadata\icall.c:1842:
C:\build\output\Unity-Technologies\mono\mono\metadata\icall.c:1842:
C:\build\output\Unity-Technologies\mono\mono\metadata\icall.c:1842:
C:\build\output\Unity-Technologies\mono\mono\metadata\icall.c:1842:
C:\build\output\Unity-Technologies\mono\mono\metadata\icall.c:1842:
C:\build\output\Unity-Technologies\mono\mono\metadata\icall.c:1842:
C:\build\output\Unity-Technologies\mono\mono\metadata\icall.c:1842:
C:\build\output\Unity-Technologies\mono\mono\metadata\icall.c:1842:
Symbol file LoadedFromMemory is not a mono symbol file
- Loaded All Assemblies, in  3.406 seconds
'Packages/com.unity.xr.openxr/Runtime/OpenXRLoader.cs' contains partial class of Unity.Object, exactly 1 of the partial classes needs to be in a file with the same filename. This is to know the one that can be referenced from ie. GameObjects
'Packages/com.unity.xr.openxr/Runtime/OpenXRLoaderInternal.cs' contains partial class of Unity.Object, exactly 1 of the partial classes needs to be in a file with the same filename. This is to know the one that can be referenced from ie. GameObjects
Refreshing native plugins compatible for Editor in 11.41 ms, found 14 plugins.
Native extension for iOS target not found
Native extension for Android target not found
Native extension for WindowsStandalone target not found
[Package Manager] Failed to launch server process. Reason: Unity was launched with the -noUpm command-line argument
[Package Manager] Unable to send message (not connected to server process).
[Package Manager] Cannot connect to Unity Package Manager local server
Mono: successfully reloaded assembly
[Package Manager] Failed to launch server process. Reason: Unity was launched with the -noUpm command-line argument
[Package Manager] Unable to send message (not connected to server process).
[Package Manager] Cannot connect to Unity Package Manager local server
- Finished resetting the current domain, in  3.898 seconds
Domain Reload Profiling: 7305ms
	BeginReloadAssembly (1302ms)
		ExecutionOrderSort (0ms)
		DisableScriptedObjects (111ms)
		BackupInstance (0ms)
		ReleaseScriptingObjects (2ms)
		CreateAndSetChildDomain (567ms)
	RebuildCommonClasses (61ms)
	RebuildNativeTypeToScriptingClass (15ms)
	initialDomainReloadingComplete (49ms)
	LoadAllAssembliesAndSetupDomain (1977ms)
		LoadAssemblies (1889ms)
		RebuildTransferFunctionScriptingTraits (0ms)
		AnalyzeDomain (334ms)
			TypeCache.Refresh (50ms)
				TypeCache.ScanAssembly (4ms)
			BuildScriptInfoCaches (220ms)
			ResolveRequiredComponents (20ms)
	FinalizeReload (3901ms)
		ReleaseScriptCaches (0ms)
		RebuildScriptCaches (0ms)
		SetupLoadedEditorAssemblies (3394ms)
			LogAssemblyErrors (0ms)
			InitializePlatformSupportModulesInManaged (46ms)
			SetLoadedEditorAssemblies (17ms)
			BeforeProcessingInitializeOnLoad (83ms)
			ProcessInitializeOnLoadAttributes (780ms)
			ProcessInitializeOnLoadMethodAttributes (2460ms)
			AfterProcessingInitializeOnLoad (5ms)
			EditorAssembliesLoaded (3ms)
		ExecutionOrderSort2 (0ms)
		AwakeInstancesAfterBackupRestoration (30ms)
Refreshing native plugins compatible for Editor in 12.96 ms, found 14 plugins.
Preloading 0 native plugins for Editor in 0.00 ms.
Unloading 145 Unused Serialized files (Serialized files now loaded: 0)
Unloading 6569 unused Assets / (13.2 MB). Loaded Objects now: 7268.
Memory consumption went from 0.91 GB to 0.89 GB.
Total: 39.364300 ms (FindLiveObjects: 3.962600 ms CreateObjectMapping: 0.517000 ms MarkObjects: 19.297600 ms  DeleteObjects: 15.584100 ms)

Prepare: number of updated asset objects reloaded= 0
========================================================================
Received Prepare
'Packages/com.unity.xr.openxr/Runtime/OpenXRLoader.cs' contains partial class of Unity.Object, exactly 1 of the partial classes needs to be in a file with the same filename. This is to know the one that can be referenced from ie. GameObjects
'Packages/com.unity.xr.openxr/Runtime/OpenXRLoaderInternal.cs' contains partial class of Unity.Object, exactly 1 of the partial classes needs to be in a file with the same filename. This is to know the one that can be referenced from ie. GameObjects
Refreshing native plugins compatible for Editor in 10.36 ms, found 14 plugins.
Preloading 0 native plugins for Editor in 0.00 ms.
Unloading 72 Unused Serialized files (Serialized files now loaded: 0)
Unloading 6422 unused Assets / (13.3 MB). Loaded Objects now: 7252.
Memory consumption went from 0.90 GB to 0.89 GB.
Total: 60.085000 ms (FindLiveObjects: 1.642600 ms CreateObjectMapping: 0.372400 ms MarkObjects: 51.671000 ms  DeleteObjects: 6.395400 ms)

Prepare: number of updated asset objects reloaded= 0
========================================================================
Received Prepare
'Packages/com.unity.xr.openxr/Runtime/OpenXRLoader.cs' contains partial class of Unity.Object, exactly 1 of the partial classes needs to be in a file with the same filename. This is to know the one that can be referenced from ie. GameObjects
'Packages/com.unity.xr.openxr/Runtime/OpenXRLoaderInternal.cs' contains partial class of Unity.Object, exactly 1 of the partial classes needs to be in a file with the same filename. This is to know the one that can be referenced from ie. GameObjects
Refreshing native plugins compatible for Editor in 8.81 ms, found 14 plugins.
Preloading 0 native plugins for Editor in 0.00 ms.
Unloading 70 Unused Serialized files (Serialized files now loaded: 0)
Unloading 6422 unused Assets / (13.3 MB). Loaded Objects now: 7252.
Memory consumption went from 0.90 GB to 0.89 GB.
Total: 9.849900 ms (FindLiveObjects: 0.447800 ms CreateObjectMapping: 0.275400 ms MarkObjects: 3.775700 ms  DeleteObjects: 5.350100 ms)

Prepare: number of updated asset objects reloaded= 0
========================================================================
Received Prepare
'Packages/com.unity.xr.openxr/Runtime/OpenXRLoader.cs' contains partial class of Unity.Object, exactly 1 of the partial classes needs to be in a file with the same filename. This is to know the one that can be referenced from ie. GameObjects
'Packages/com.unity.xr.openxr/Runtime/OpenXRLoaderInternal.cs' contains partial class of Unity.Object, exactly 1 of the partial classes needs to be in a file with the same filename. This is to know the one that can be referenced from ie. GameObjects
Refreshing native plugins compatible for Editor in 12.03 ms, found 14 plugins.
Preloading 0 native plugins for Editor in 0.00 ms.
Unloading 70 Unused Serialized files (Serialized files now loaded: 0)
Unloading 6422 unused Assets / (12.8 MB). Loaded Objects now: 7252.
Memory consumption went from 0.90 GB to 0.89 GB.
Total: 658.094500 ms (FindLiveObjects: 1.326000 ms CreateObjectMapping: 0.359700 ms MarkObjects: 638.583400 ms  DeleteObjects: 17.821900 ms)

Prepare: number of updated asset objects reloaded= 0
========================================================================
Received Prepare
'Packages/com.unity.xr.openxr/Runtime/OpenXRLoader.cs' contains partial class of Unity.Object, exactly 1 of the partial classes needs to be in a file with the same filename. This is to know the one that can be referenced from ie. GameObjects
'Packages/com.unity.xr.openxr/Runtime/OpenXRLoaderInternal.cs' contains partial class of Unity.Object, exactly 1 of the partial classes needs to be in a file with the same filename. This is to know the one that can be referenced from ie. GameObjects
Refreshing native plugins compatible for Editor in 12.63 ms, found 14 plugins.
Preloading 0 native plugins for Editor in 0.00 ms.
Unloading 70 Unused Serialized files (Serialized files now loaded: 0)
Unloading 6422 unused Assets / (13.4 MB). Loaded Objects now: 7252.
Memory consumption went from 0.90 GB to 0.89 GB.
Total: 11.945800 ms (FindLiveObjects: 0.460600 ms CreateObjectMapping: 0.280400 ms MarkObjects: 4.313400 ms  DeleteObjects: 6.890300 ms)

Prepare: number of updated asset objects reloaded= 0
========================================================================
Received Prepare
'Packages/com.unity.xr.openxr/Runtime/OpenXRLoader.cs' contains partial class of Unity.Object, exactly 1 of the partial classes needs to be in a file with the same filename. This is to know the one that can be referenced from ie. GameObjects
'Packages/com.unity.xr.openxr/Runtime/OpenXRLoaderInternal.cs' contains partial class of Unity.Object, exactly 1 of the partial classes needs to be in a file with the same filename. This is to know the one that can be referenced from ie. GameObjects
Refreshing native plugins compatible for Editor in 13.69 ms, found 14 plugins.
Preloading 0 native plugins for Editor in 0.00 ms.
Unloading 70 Unused Serialized files (Serialized files now loaded: 0)
Unloading 6422 unused Assets / (13.4 MB). Loaded Objects now: 7252.
Memory consumption went from 0.90 GB to 0.89 GB.
Total: 190.555800 ms (FindLiveObjects: 1.836000 ms CreateObjectMapping: 0.582200 ms MarkObjects: 179.932300 ms  DeleteObjects: 8.200300 ms)

Prepare: number of updated asset objects reloaded= 0
========================================================================
Received Prepare
'Packages/com.unity.xr.openxr/Runtime/OpenXRLoader.cs' contains partial class of Unity.Object, exactly 1 of the partial classes needs to be in a file with the same filename. This is to know the one that can be referenced from ie. GameObjects
'Packages/com.unity.xr.openxr/Runtime/OpenXRLoaderInternal.cs' contains partial class of Unity.Object, exactly 1 of the partial classes needs to be in a file with the same filename. This is to know the one that can be referenced from ie. GameObjects
Refreshing native plugins compatible for Editor in 12.61 ms, found 14 plugins.
Preloading 0 native plugins for Editor in 0.00 ms.
Unloading 70 Unused Serialized files (Serialized files now loaded: 0)
Unloading 6422 unused Assets / (13.3 MB). Loaded Objects now: 7252.
Memory consumption went from 0.90 GB to 0.89 GB.
Total: 11.236800 ms (FindLiveObjects: 0.490300 ms CreateObjectMapping: 0.373600 ms MarkObjects: 4.239900 ms  DeleteObjects: 6.131600 ms)

Prepare: number of updated asset objects reloaded= 0
========================================================================
Received Prepare
'Packages/com.unity.xr.openxr/Runtime/OpenXRLoader.cs' contains partial class of Unity.Object, exactly 1 of the partial classes needs to be in a file with the same filename. This is to know the one that can be referenced from ie. GameObjects
'Packages/com.unity.xr.openxr/Runtime/OpenXRLoaderInternal.cs' contains partial class of Unity.Object, exactly 1 of the partial classes needs to be in a file with the same filename. This is to know the one that can be referenced from ie. GameObjects
Refreshing native plugins compatible for Editor in 33.93 ms, found 14 plugins.
Preloading 0 native plugins for Editor in 0.00 ms.
Unloading 70 Unused Serialized files (Serialized files now loaded: 0)
Unloading 6422 unused Assets / (13.5 MB). Loaded Objects now: 7252.
Memory consumption went from 0.90 GB to 0.89 GB.
Total: 500.893000 ms (FindLiveObjects: 2.320700 ms CreateObjectMapping: 0.430300 ms MarkObjects: 482.576800 ms  DeleteObjects: 15.432000 ms)

Prepare: number of updated asset objects reloaded= 0
========================================================================
Received Prepare
'Packages/com.unity.xr.openxr/Runtime/OpenXRLoader.cs' contains partial class of Unity.Object, exactly 1 of the partial classes needs to be in a file with the same filename. This is to know the one that can be referenced from ie. GameObjects
'Packages/com.unity.xr.openxr/Runtime/OpenXRLoaderInternal.cs' contains partial class of Unity.Object, exactly 1 of the partial classes needs to be in a file with the same filename. This is to know the one that can be referenced from ie. GameObjects
Refreshing native plugins compatible for Editor in 14.57 ms, found 14 plugins.
Preloading 0 native plugins for Editor in 0.00 ms.
Unloading 70 Unused Serialized files (Serialized files now loaded: 0)
Unloading 6422 unused Assets / (13.2 MB). Loaded Objects now: 7252.
Memory consumption went from 0.90 GB to 0.89 GB.
Total: 12.614400 ms (FindLiveObjects: 0.506000 ms CreateObjectMapping: 0.311100 ms MarkObjects: 5.374800 ms  DeleteObjects: 6.420000 ms)

Prepare: number of updated asset objects reloaded= 0
========================================================================
Received Prepare
'Packages/com.unity.xr.openxr/Runtime/OpenXRLoader.cs' contains partial class of Unity.Object, exactly 1 of the partial classes needs to be in a file with the same filename. This is to know the one that can be referenced from ie. GameObjects
'Packages/com.unity.xr.openxr/Runtime/OpenXRLoaderInternal.cs' contains partial class of Unity.Object, exactly 1 of the partial classes needs to be in a file with the same filename. This is to know the one that can be referenced from ie. GameObjects
Refreshing native plugins compatible for Editor in 11.58 ms, found 14 plugins.
Preloading 0 native plugins for Editor in 0.00 ms.
Unloading 70 Unused Serialized files (Serialized files now loaded: 0)
Unloading 6422 unused Assets / (13.4 MB). Loaded Objects now: 7252.
Memory consumption went from 0.90 GB to 0.89 GB.
Total: 594.857900 ms (FindLiveObjects: 4.128600 ms CreateObjectMapping: 0.359200 ms MarkObjects: 580.481300 ms  DeleteObjects: 9.885200 ms)

Prepare: number of updated asset objects reloaded= 0
========================================================================
Received Prepare
'Packages/com.unity.xr.openxr/Runtime/OpenXRLoader.cs' contains partial class of Unity.Object, exactly 1 of the partial classes needs to be in a file with the same filename. This is to know the one that can be referenced from ie. GameObjects
'Packages/com.unity.xr.openxr/Runtime/OpenXRLoaderInternal.cs' contains partial class of Unity.Object, exactly 1 of the partial classes needs to be in a file with the same filename. This is to know the one that can be referenced from ie. GameObjects
Refreshing native plugins compatible for Editor in 10.40 ms, found 14 plugins.
Preloading 0 native plugins for Editor in 0.00 ms.
Unloading 70 Unused Serialized files (Serialized files now loaded: 0)
Unloading 6422 unused Assets / (13.2 MB). Loaded Objects now: 7252.
Memory consumption went from 0.90 GB to 0.89 GB.
Total: 9.486000 ms (FindLiveObjects: 0.522400 ms CreateObjectMapping: 0.289700 ms MarkObjects: 3.521600 ms  DeleteObjects: 5.151400 ms)

Prepare: number of updated asset objects reloaded= 0
========================================================================
Received Prepare
'Packages/com.unity.xr.openxr/Runtime/OpenXRLoader.cs' contains partial class of Unity.Object, exactly 1 of the partial classes needs to be in a file with the same filename. This is to know the one that can be referenced from ie. GameObjects
'Packages/com.unity.xr.openxr/Runtime/OpenXRLoaderInternal.cs' contains partial class of Unity.Object, exactly 1 of the partial classes needs to be in a file with the same filename. This is to know the one that can be referenced from ie. GameObjects
Refreshing native plugins compatible for Editor in 11.68 ms, found 14 plugins.
Preloading 0 native plugins for Editor in 0.00 ms.
Unloading 70 Unused Serialized files (Serialized files now loaded: 0)
Unloading 6422 unused Assets / (13.5 MB). Loaded Objects now: 7252.
Memory consumption went from 0.90 GB to 0.89 GB.
Total: 168.454800 ms (FindLiveObjects: 2.735000 ms CreateObjectMapping: 0.413700 ms MarkObjects: 150.981600 ms  DeleteObjects: 14.319500 ms)

Prepare: number of updated asset objects reloaded= 0
========================================================================
Received Prepare
'Packages/com.unity.xr.openxr/Runtime/OpenXRLoader.cs' contains partial class of Unity.Object, exactly 1 of the partial classes needs to be in a file with the same filename. This is to know the one that can be referenced from ie. GameObjects
'Packages/com.unity.xr.openxr/Runtime/OpenXRLoaderInternal.cs' contains partial class of Unity.Object, exactly 1 of the partial classes needs to be in a file with the same filename. This is to know the one that can be referenced from ie. GameObjects
Refreshing native plugins compatible for Editor in 8.94 ms, found 14 plugins.
Preloading 0 native plugins for Editor in 0.00 ms.
Unloading 70 Unused Serialized files (Serialized files now loaded: 0)
Unloading 6422 unused Assets / (13.3 MB). Loaded Objects now: 7252.
Memory consumption went from 0.90 GB to 0.89 GB.
Total: 11.293100 ms (FindLiveObjects: 0.466800 ms CreateObjectMapping: 0.331100 ms MarkObjects: 4.038400 ms  DeleteObjects: 6.455100 ms)

Prepare: number of updated asset objects reloaded= 0
========================================================================
Received Prepare
'Packages/com.unity.xr.openxr/Runtime/OpenXRLoader.cs' contains partial class of Unity.Object, exactly 1 of the partial classes needs to be in a file with the same filename. This is to know the one that can be referenced from ie. GameObjects
'Packages/com.unity.xr.openxr/Runtime/OpenXRLoaderInternal.cs' contains partial class of Unity.Object, exactly 1 of the partial classes needs to be in a file with the same filename. This is to know the one that can be referenced from ie. GameObjects
Refreshing native plugins compatible for Editor in 13.30 ms, found 14 plugins.
Preloading 0 native plugins for Editor in 0.00 ms.
Unloading 70 Unused Serialized files (Serialized files now loaded: 0)
Unloading 6422 unused Assets / (13.2 MB). Loaded Objects now: 7252.
Memory consumption went from 0.90 GB to 0.89 GB.
Total: 282.978500 ms (FindLiveObjects: 3.132800 ms CreateObjectMapping: 0.335500 ms MarkObjects: 267.054800 ms  DeleteObjects: 12.451200 ms)

Prepare: number of updated asset objects reloaded= 0
========================================================================
Received Prepare
'Packages/com.unity.xr.openxr/Runtime/OpenXRLoader.cs' contains partial class of Unity.Object, exactly 1 of the partial classes needs to be in a file with the same filename. This is to know the one that can be referenced from ie. GameObjects
'Packages/com.unity.xr.openxr/Runtime/OpenXRLoaderInternal.cs' contains partial class of Unity.Object, exactly 1 of the partial classes needs to be in a file with the same filename. This is to know the one that can be referenced from ie. GameObjects
Refreshing native plugins compatible for Editor in 11.99 ms, found 14 plugins.
Preloading 0 native plugins for Editor in 0.00 ms.
Unloading 70 Unused Serialized files (Serialized files now loaded: 0)
Unloading 6422 unused Assets / (13.4 MB). Loaded Objects now: 7252.
Memory consumption went from 0.90 GB to 0.89 GB.
Total: 11.989200 ms (FindLiveObjects: 0.777100 ms CreateObjectMapping: 0.538100 ms MarkObjects: 4.392700 ms  DeleteObjects: 6.279800 ms)

Prepare: number of updated asset objects reloaded= 0
========================================================================
Received Prepare
'Packages/com.unity.xr.openxr/Runtime/OpenXRLoader.cs' contains partial class of Unity.Object, exactly 1 of the partial classes needs to be in a file with the same filename. This is to know the one that can be referenced from ie. GameObjects
'Packages/com.unity.xr.openxr/Runtime/OpenXRLoaderInternal.cs' contains partial class of Unity.Object, exactly 1 of the partial classes needs to be in a file with the same filename. This is to know the one that can be referenced from ie. GameObjects
Refreshing native plugins compatible for Editor in 27.83 ms, found 14 plugins.
Preloading 0 native plugins for Editor in 0.00 ms.
Unloading 70 Unused Serialized files (Serialized files now loaded: 0)
Unloading 6422 unused Assets / (11.8 MB). Loaded Objects now: 7252.
Memory consumption went from 0.90 GB to 0.89 GB.
Total: 851.301400 ms (FindLiveObjects: 2.393500 ms CreateObjectMapping: 0.293600 ms MarkObjects: 840.667200 ms  DeleteObjects: 7.943400 ms)

Prepare: number of updated asset objects reloaded= 0
========================================================================
Received Prepare
'Packages/com.unity.xr.openxr/Runtime/OpenXRLoader.cs' contains partial class of Unity.Object, exactly 1 of the partial classes needs to be in a file with the same filename. This is to know the one that can be referenced from ie. GameObjects
'Packages/com.unity.xr.openxr/Runtime/OpenXRLoaderInternal.cs' contains partial class of Unity.Object, exactly 1 of the partial classes needs to be in a file with the same filename. This is to know the one that can be referenced from ie. GameObjects
Refreshing native plugins compatible for Editor in 35.67 ms, found 14 plugins.
Preloading 0 native plugins for Editor in 0.00 ms.
Unloading 70 Unused Serialized files (Serialized files now loaded: 0)
Unloading 6422 unused Assets / (13.5 MB). Loaded Objects now: 7252.
Memory consumption went from 0.90 GB to 0.89 GB.
Total: 32.995300 ms (FindLiveObjects: 2.389800 ms CreateObjectMapping: 0.481000 ms MarkObjects: 15.713200 ms  DeleteObjects: 14.408800 ms)

Prepare: number of updated asset objects reloaded= 0
========================================================================
Received Prepare
'Packages/com.unity.xr.openxr/Runtime/OpenXRLoader.cs' contains partial class of Unity.Object, exactly 1 of the partial classes needs to be in a file with the same filename. This is to know the one that can be referenced from ie. GameObjects
'Packages/com.unity.xr.openxr/Runtime/OpenXRLoaderInternal.cs' contains partial class of Unity.Object, exactly 1 of the partial classes needs to be in a file with the same filename. This is to know the one that can be referenced from ie. GameObjects
Refreshing native plugins compatible for Editor in 13.67 ms, found 14 plugins.
Preloading 0 native plugins for Editor in 0.00 ms.
Unloading 70 Unused Serialized files (Serialized files now loaded: 0)
Unloading 6422 unused Assets / (13.1 MB). Loaded Objects now: 7252.
Memory consumption went from 0.90 GB to 0.89 GB.
Total: 287.280200 ms (FindLiveObjects: 3.041900 ms CreateObjectMapping: 0.366200 ms MarkObjects: 267.838300 ms  DeleteObjects: 16.029900 ms)

Prepare: number of updated asset objects reloaded= 0
========================================================================
Received Prepare
'Packages/com.unity.xr.openxr/Runtime/OpenXRLoader.cs' contains partial class of Unity.Object, exactly 1 of the partial classes needs to be in a file with the same filename. This is to know the one that can be referenced from ie. GameObjects
'Packages/com.unity.xr.openxr/Runtime/OpenXRLoaderInternal.cs' contains partial class of Unity.Object, exactly 1 of the partial classes needs to be in a file with the same filename. This is to know the one that can be referenced from ie. GameObjects
Refreshing native plugins compatible for Editor in 17.27 ms, found 14 plugins.
Preloading 0 native plugins for Editor in 0.00 ms.
Unloading 70 Unused Serialized files (Serialized files now loaded: 0)
Unloading 6422 unused Assets / (10.3 MB). Loaded Objects now: 7252.
Memory consumption went from 0.90 GB to 0.89 GB.
Total: 13.219800 ms (FindLiveObjects: 0.529500 ms CreateObjectMapping: 0.381500 ms MarkObjects: 6.648300 ms  DeleteObjects: 5.658400 ms)

Prepare: number of updated asset objects reloaded= 0
========================================================================
Received Import Request.
  Time since last request: 25241.499420 seconds.
  path: Assets/Scripts/Managers/GoalManager.cs
  artifactKey: Guid(d8606ad9bd52e2f499893c7c28160113) Importer(815301076,1909f56bfc062723c751e8b465ee728b)
Start importing Assets/Scripts/Managers/GoalManager.cs using Guid(d8606ad9bd52e2f499893c7c28160113) Importer(815301076,1909f56bfc062723c751e8b465ee728b) (PreviewImporter) -> (artifact id: '17ed66a592d311c491ae91ddc73e83bf') in 0.6457487 seconds
Number of updated asset objects reloaded before import = 0Number of asset objects unloaded after import = 0

========================================================================
Received Prepare
Begin MonoManager ReloadAssembly
C:\build\output\Unity-Technologies\mono\mono\metadata\icall.c:1842:
C:\build\output\Unity-Technologies\mono\mono\metadata\icall.c:1842:
C:\build\output\Unity-Technologies\mono\mono\metadata\icall.c:1842:
C:\build\output\Unity-Technologies\mono\mono\metadata\icall.c:1842:
C:\build\output\Unity-Technologies\mono\mono\metadata\icall.c:1842:
C:\build\output\Unity-Technologies\mono\mono\metadata\icall.c:1842:
C:\build\output\Unity-Technologies\mono\mono\metadata\icall.c:1842:
C:\build\output\Unity-Technologies\mono\mono\metadata\icall.c:1842:
C:\build\output\Unity-Technologies\mono\mono\metadata\icall.c:1842:
C:\build\output\Unity-Technologies\mono\mono\metadata\icall.c:1842:
C:\build\output\Unity-Technologies\mono\mono\metadata\icall.c:1842:
C:\build\output\Unity-Technologies\mono\mono\metadata\icall.c:1842:
Symbol file LoadedFromMemory is not a mono symbol file
- Loaded All Assemblies, in  4.009 seconds
'Packages/com.unity.xr.openxr/Runtime/OpenXRLoader.cs' contains partial class of Unity.Object, exactly 1 of the partial classes needs to be in a file with the same filename. This is to know the one that can be referenced from ie. GameObjects
'Packages/com.unity.xr.openxr/Runtime/OpenXRLoaderInternal.cs' contains partial class of Unity.Object, exactly 1 of the partial classes needs to be in a file with the same filename. This is to know the one that can be referenced from ie. GameObjects
Refreshing native plugins compatible for Editor in 9.84 ms, found 14 plugins.
Native extension for iOS target not found
Native extension for Android target not found
Native extension for WindowsStandalone target not found
[Package Manager] Failed to launch server process. Reason: Unity was launched with the -noUpm command-line argument
[Package Manager] Unable to send message (not connected to server process).
[Package Manager] Cannot connect to Unity Package Manager local server
Mono: successfully reloaded assembly
[Package Manager] Failed to launch server process. Reason: Unity was launched with the -noUpm command-line argument
[Package Manager] Unable to send message (not connected to server process).
[Package Manager] Cannot connect to Unity Package Manager local server
- Finished resetting the current domain, in  2.992 seconds
Domain Reload Profiling: 7003ms
	BeginReloadAssembly (1212ms)
		ExecutionOrderSort (0ms)
		DisableScriptedObjects (69ms)
		BackupInstance (0ms)
		ReleaseScriptingObjects (3ms)
		CreateAndSetChildDomain (593ms)
	RebuildCommonClasses (52ms)
	RebuildNativeTypeToScriptingClass (11ms)
	initialDomainReloadingComplete (42ms)
	LoadAllAssembliesAndSetupDomain (2692ms)
		LoadAssemblies (2618ms)
		RebuildTransferFunctionScriptingTraits (0ms)
		AnalyzeDomain (356ms)
			TypeCache.Refresh (54ms)
				TypeCache.ScanAssembly (5ms)
			BuildScriptInfoCaches (240ms)
			ResolveRequiredComponents (17ms)
	FinalizeReload (2993ms)
		ReleaseScriptCaches (0ms)
		RebuildScriptCaches (0ms)
		SetupLoadedEditorAssemblies (2313ms)
			LogAssemblyErrors (0ms)
			InitializePlatformSupportModulesInManaged (52ms)
			SetLoadedEditorAssemblies (23ms)
			BeforeProcessingInitializeOnLoad (124ms)
			ProcessInitializeOnLoadAttributes (710ms)
			ProcessInitializeOnLoadMethodAttributes (1386ms)
			AfterProcessingInitializeOnLoad (4ms)
			EditorAssembliesLoaded (15ms)
		ExecutionOrderSort2 (0ms)
		AwakeInstancesAfterBackupRestoration (15ms)
Refreshing native plugins compatible for Editor in 23.44 ms, found 14 plugins.
Preloading 0 native plugins for Editor in 0.00 ms.
Unloading 143 Unused Serialized files (Serialized files now loaded: 0)
Unloading 6569 unused Assets / (10.4 MB). Loaded Objects now: 7269.
Memory consumption went from 0.91 GB to 0.90 GB.
Total: 50.759900 ms (FindLiveObjects: 3.497400 ms CreateObjectMapping: 0.344400 ms MarkObjects: 24.012800 ms  DeleteObjects: 22.902600 ms)

Prepare: number of updated asset objects reloaded= 0
========================================================================
Received Prepare
Begin MonoManager ReloadAssembly
C:\build\output\Unity-Technologies\mono\mono\metadata\icall.c:1842:
C:\build\output\Unity-Technologies\mono\mono\metadata\icall.c:1842:
C:\build\output\Unity-Technologies\mono\mono\metadata\icall.c:1842:
C:\build\output\Unity-Technologies\mono\mono\metadata\icall.c:1842:
C:\build\output\Unity-Technologies\mono\mono\metadata\icall.c:1842:
C:\build\output\Unity-Technologies\mono\mono\metadata\icall.c:1842:
C:\build\output\Unity-Technologies\mono\mono\metadata\icall.c:1842:
C:\build\output\Unity-Technologies\mono\mono\metadata\icall.c:1842:
C:\build\output\Unity-Technologies\mono\mono\metadata\icall.c:1842:
C:\build\output\Unity-Technologies\mono\mono\metadata\icall.c:1842:
C:\build\output\Unity-Technologies\mono\mono\metadata\icall.c:1842:
C:\build\output\Unity-Technologies\mono\mono\metadata\icall.c:1842:
Symbol file LoadedFromMemory is not a mono symbol file
- Loaded All Assemblies, in  0.974 seconds
'Packages/com.unity.xr.openxr/Runtime/OpenXRLoader.cs' contains partial class of Unity.Object, exactly 1 of the partial classes needs to be in a file with the same filename. This is to know the one that can be referenced from ie. GameObjects
'Packages/com.unity.xr.openxr/Runtime/OpenXRLoaderInternal.cs' contains partial class of Unity.Object, exactly 1 of the partial classes needs to be in a file with the same filename. This is to know the one that can be referenced from ie. GameObjects
Refreshing native plugins compatible for Editor in 9.10 ms, found 14 plugins.
Native extension for iOS target not found
Native extension for Android target not found
Native extension for WindowsStandalone target not found
[Package Manager] Failed to launch server process. Reason: Unity was launched with the -noUpm command-line argument
[Package Manager] Unable to send message (not connected to server process).
[Package Manager] Cannot connect to Unity Package Manager local server
Mono: successfully reloaded assembly
[Package Manager] Failed to launch server process. Reason: Unity was launched with the -noUpm command-line argument
[Package Manager] Unable to send message (not connected to server process).
[Package Manager] Cannot connect to Unity Package Manager local server
- Finished resetting the current domain, in  2.292 seconds
Domain Reload Profiling: 3266ms
	BeginReloadAssembly (268ms)
		ExecutionOrderSort (0ms)
		DisableScriptedObjects (5ms)
		BackupInstance (0ms)
		ReleaseScriptingObjects (1ms)
		CreateAndSetChildDomain (99ms)
	RebuildCommonClasses (28ms)
	RebuildNativeTypeToScriptingClass (12ms)
	initialDomainReloadingComplete (28ms)
	LoadAllAssembliesAndSetupDomain (635ms)
		LoadAssemblies (542ms)
		RebuildTransferFunctionScriptingTraits (0ms)
		AnalyzeDomain (199ms)
			TypeCache.Refresh (14ms)
				TypeCache.ScanAssembly (2ms)
			BuildScriptInfoCaches (142ms)
			ResolveRequiredComponents (14ms)
	FinalizeReload (2295ms)
		ReleaseScriptCaches (0ms)
		RebuildScriptCaches (0ms)
		SetupLoadedEditorAssemblies (1878ms)
			LogAssemblyErrors (0ms)
			InitializePlatformSupportModulesInManaged (19ms)
			SetLoadedEditorAssemblies (4ms)
			BeforeProcessingInitializeOnLoad (51ms)
			ProcessInitializeOnLoadAttributes (382ms)
			ProcessInitializeOnLoadMethodAttributes (1412ms)
			AfterProcessingInitializeOnLoad (5ms)
			EditorAssembliesLoaded (4ms)
		ExecutionOrderSort2 (0ms)
		AwakeInstancesAfterBackupRestoration (31ms)
Refreshing native plugins compatible for Editor in 38.66 ms, found 14 plugins.
Preloading 0 native plugins for Editor in 0.00 ms.
Unloading 145 Unused Serialized files (Serialized files now loaded: 0)
Unloading 6569 unused Assets / (13.5 MB). Loaded Objects now: 7270.
Memory consumption went from 0.91 GB to 0.90 GB.
Total: 30.916200 ms (FindLiveObjects: 4.045100 ms CreateObjectMapping: 0.311400 ms MarkObjects: 14.425900 ms  DeleteObjects: 12.130300 ms)

Prepare: number of updated asset objects reloaded= 0
========================================================================
Received Prepare
'Packages/com.unity.xr.openxr/Runtime/OpenXRLoader.cs' contains partial class of Unity.Object, exactly 1 of the partial classes needs to be in a file with the same filename. This is to know the one that can be referenced from ie. GameObjects
'Packages/com.unity.xr.openxr/Runtime/OpenXRLoaderInternal.cs' contains partial class of Unity.Object, exactly 1 of the partial classes needs to be in a file with the same filename. This is to know the one that can be referenced from ie. GameObjects
Refreshing native plugins compatible for Editor in 9.07 ms, found 14 plugins.
Preloading 0 native plugins for Editor in 0.00 ms.
Unloading 72 Unused Serialized files (Serialized files now loaded: 0)
Unloading 6422 unused Assets / (13.3 MB). Loaded Objects now: 7254.
Memory consumption went from 0.91 GB to 0.89 GB.
Total: 13.190600 ms (FindLiveObjects: 0.485200 ms CreateObjectMapping: 0.300700 ms MarkObjects: 6.042100 ms  DeleteObjects: 6.360500 ms)

Prepare: number of updated asset objects reloaded= 0
========================================================================
Received Prepare
'Packages/com.unity.xr.openxr/Runtime/OpenXRLoader.cs' contains partial class of Unity.Object, exactly 1 of the partial classes needs to be in a file with the same filename. This is to know the one that can be referenced from ie. GameObjects
'Packages/com.unity.xr.openxr/Runtime/OpenXRLoaderInternal.cs' contains partial class of Unity.Object, exactly 1 of the partial classes needs to be in a file with the same filename. This is to know the one that can be referenced from ie. GameObjects
Refreshing native plugins compatible for Editor in 11.34 ms, found 14 plugins.
Preloading 0 native plugins for Editor in 0.00 ms.
Unloading 70 Unused Serialized files (Serialized files now loaded: 0)
Unloading 6422 unused Assets / (13.7 MB). Loaded Objects now: 7254.
Memory consumption went from 0.91 GB to 0.89 GB.
Total: 9.635100 ms (FindLiveObjects: 0.471400 ms CreateObjectMapping: 0.331100 ms MarkObjects: 3.693200 ms  DeleteObjects: 5.137600 ms)

Prepare: number of updated asset objects reloaded= 0
========================================================================
Received Prepare
'Packages/com.unity.xr.openxr/Runtime/OpenXRLoader.cs' contains partial class of Unity.Object, exactly 1 of the partial classes needs to be in a file with the same filename. This is to know the one that can be referenced from ie. GameObjects
'Packages/com.unity.xr.openxr/Runtime/OpenXRLoaderInternal.cs' contains partial class of Unity.Object, exactly 1 of the partial classes needs to be in a file with the same filename. This is to know the one that can be referenced from ie. GameObjects
Refreshing native plugins compatible for Editor in 11.95 ms, found 14 plugins.
Preloading 0 native plugins for Editor in 0.00 ms.
Unloading 70 Unused Serialized files (Serialized files now loaded: 0)
Unloading 6422 unused Assets / (13.3 MB). Loaded Objects now: 7254.
Memory consumption went from 0.91 GB to 0.89 GB.
Total: 64.853000 ms (FindLiveObjects: 1.095300 ms CreateObjectMapping: 0.327900 ms MarkObjects: 57.191600 ms  DeleteObjects: 6.235900 ms)

Prepare: number of updated asset objects reloaded= 0
========================================================================
Received Prepare
'Packages/com.unity.xr.openxr/Runtime/OpenXRLoader.cs' contains partial class of Unity.Object, exactly 1 of the partial classes needs to be in a file with the same filename. This is to know the one that can be referenced from ie. GameObjects
'Packages/com.unity.xr.openxr/Runtime/OpenXRLoaderInternal.cs' contains partial class of Unity.Object, exactly 1 of the partial classes needs to be in a file with the same filename. This is to know the one that can be referenced from ie. GameObjects
Refreshing native plugins compatible for Editor in 11.30 ms, found 14 plugins.
Preloading 0 native plugins for Editor in 0.00 ms.
Unloading 70 Unused Serialized files (Serialized files now loaded: 0)
Unloading 6422 unused Assets / (13.3 MB). Loaded Objects now: 7254.
Memory consumption went from 0.91 GB to 0.89 GB.
Total: 9.481800 ms (FindLiveObjects: 0.480000 ms CreateObjectMapping: 0.291800 ms MarkObjects: 3.559400 ms  DeleteObjects: 5.148500 ms)

Prepare: number of updated asset objects reloaded= 0
========================================================================
Received Prepare
Begin MonoManager ReloadAssembly
C:\build\output\Unity-Technologies\mono\mono\metadata\icall.c:1842:
C:\build\output\Unity-Technologies\mono\mono\metadata\icall.c:1842:
C:\build\output\Unity-Technologies\mono\mono\metadata\icall.c:1842:
C:\build\output\Unity-Technologies\mono\mono\metadata\icall.c:1842:
C:\build\output\Unity-Technologies\mono\mono\metadata\icall.c:1842:
C:\build\output\Unity-Technologies\mono\mono\metadata\icall.c:1842:
C:\build\output\Unity-Technologies\mono\mono\metadata\icall.c:1842:
C:\build\output\Unity-Technologies\mono\mono\metadata\icall.c:1842:
C:\build\output\Unity-Technologies\mono\mono\metadata\icall.c:1842:
C:\build\output\Unity-Technologies\mono\mono\metadata\icall.c:1842:
C:\build\output\Unity-Technologies\mono\mono\metadata\icall.c:1842:
C:\build\output\Unity-Technologies\mono\mono\metadata\icall.c:1842:
Symbol file LoadedFromMemory is not a mono symbol file
- Loaded All Assemblies, in  2.132 seconds
'Packages/com.unity.xr.openxr/Runtime/OpenXRLoader.cs' contains partial class of Unity.Object, exactly 1 of the partial classes needs to be in a file with the same filename. This is to know the one that can be referenced from ie. GameObjects
'Packages/com.unity.xr.openxr/Runtime/OpenXRLoaderInternal.cs' contains partial class of Unity.Object, exactly 1 of the partial classes needs to be in a file with the same filename. This is to know the one that can be referenced from ie. GameObjects
Refreshing native plugins compatible for Editor in 36.36 ms, found 14 plugins.
Native extension for iOS target not found
Native extension for Android target not found
Native extension for WindowsStandalone target not found
[Package Manager] Failed to launch server process. Reason: Unity was launched with the -noUpm command-line argument
[Package Manager] Unable to send message (not connected to server process).
[Package Manager] Cannot connect to Unity Package Manager local server
Mono: successfully reloaded assembly
[Package Manager] Failed to launch server process. Reason: Unity was launched with the -noUpm command-line argument
[Package Manager] Unable to send message (not connected to server process).
[Package Manager] Cannot connect to Unity Package Manager local server
- Finished resetting the current domain, in  3.209 seconds
Domain Reload Profiling: 5342ms
	BeginReloadAssembly (578ms)
		ExecutionOrderSort (0ms)
		DisableScriptedObjects (31ms)
		BackupInstance (0ms)
		ReleaseScriptingObjects (2ms)
		CreateAndSetChildDomain (227ms)
	RebuildCommonClasses (49ms)
	RebuildNativeTypeToScriptingClass (13ms)
	initialDomainReloadingComplete (49ms)
	LoadAllAssembliesAndSetupDomain (1443ms)
		LoadAssemblies (1269ms)
		RebuildTransferFunctionScriptingTraits (0ms)
		AnalyzeDomain (362ms)
			TypeCache.Refresh (54ms)
				TypeCache.ScanAssembly (6ms)
			BuildScriptInfoCaches (238ms)
			ResolveRequiredComponents (17ms)
	FinalizeReload (3210ms)
		ReleaseScriptCaches (0ms)
		RebuildScriptCaches (0ms)
		SetupLoadedEditorAssemblies (2648ms)
			LogAssemblyErrors (0ms)
			InitializePlatformSupportModulesInManaged (40ms)
			SetLoadedEditorAssemblies (11ms)
			BeforeProcessingInitializeOnLoad (99ms)
			ProcessInitializeOnLoadAttributes (832ms)
			ProcessInitializeOnLoadMethodAttributes (1658ms)
			AfterProcessingInitializeOnLoad (6ms)
			EditorAssembliesLoaded (3ms)
		ExecutionOrderSort2 (0ms)
		AwakeInstancesAfterBackupRestoration (21ms)
Refreshing native plugins compatible for Editor in 31.96 ms, found 14 plugins.
Preloading 0 native plugins for Editor in 0.00 ms.
Unloading 143 Unused Serialized files (Serialized files now loaded: 0)
Unloading 6569 unused Assets / (12.8 MB). Loaded Objects now: 7271.
Memory consumption went from 0.91 GB to 0.90 GB.
Total: 45.650000 ms (FindLiveObjects: 8.739200 ms CreateObjectMapping: 0.500500 ms MarkObjects: 20.503400 ms  DeleteObjects: 15.903100 ms)

Prepare: number of updated asset objects reloaded= 0
========================================================================
Received Prepare
'Packages/com.unity.xr.openxr/Runtime/OpenXRLoader.cs' contains partial class of Unity.Object, exactly 1 of the partial classes needs to be in a file with the same filename. This is to know the one that can be referenced from ie. GameObjects
'Packages/com.unity.xr.openxr/Runtime/OpenXRLoaderInternal.cs' contains partial class of Unity.Object, exactly 1 of the partial classes needs to be in a file with the same filename. This is to know the one that can be referenced from ie. GameObjects
Refreshing native plugins compatible for Editor in 9.65 ms, found 14 plugins.
Preloading 0 native plugins for Editor in 0.00 ms.
Unloading 72 Unused Serialized files (Serialized files now loaded: 0)
Unloading 6422 unused Assets / (13.1 MB). Loaded Objects now: 7255.
Memory consumption went from 0.91 GB to 0.90 GB.
Total: 12.474700 ms (FindLiveObjects: 0.626400 ms CreateObjectMapping: 0.324800 ms MarkObjects: 5.902400 ms  DeleteObjects: 5.618900 ms)

Prepare: number of updated asset objects reloaded= 0
========================================================================
Received Prepare
'Packages/com.unity.xr.openxr/Runtime/OpenXRLoader.cs' contains partial class of Unity.Object, exactly 1 of the partial classes needs to be in a file with the same filename. This is to know the one that can be referenced from ie. GameObjects
'Packages/com.unity.xr.openxr/Runtime/OpenXRLoaderInternal.cs' contains partial class of Unity.Object, exactly 1 of the partial classes needs to be in a file with the same filename. This is to know the one that can be referenced from ie. GameObjects
Refreshing native plugins compatible for Editor in 10.88 ms, found 14 plugins.
Preloading 0 native plugins for Editor in 0.00 ms.
Unloading 70 Unused Serialized files (Serialized files now loaded: 0)
Unloading 6422 unused Assets / (13.1 MB). Loaded Objects now: 7255.
Memory consumption went from 0.91 GB to 0.89 GB.
Total: 15.082000 ms (FindLiveObjects: 0.486200 ms CreateObjectMapping: 0.317700 ms MarkObjects: 3.808600 ms  DeleteObjects: 10.467800 ms)

Prepare: number of updated asset objects reloaded= 0
========================================================================
Received Prepare
'Packages/com.unity.xr.openxr/Runtime/OpenXRLoader.cs' contains partial class of Unity.Object, exactly 1 of the partial classes needs to be in a file with the same filename. This is to know the one that can be referenced from ie. GameObjects
'Packages/com.unity.xr.openxr/Runtime/OpenXRLoaderInternal.cs' contains partial class of Unity.Object, exactly 1 of the partial classes needs to be in a file with the same filename. This is to know the one that can be referenced from ie. GameObjects
Refreshing native plugins compatible for Editor in 9.09 ms, found 14 plugins.
Preloading 0 native plugins for Editor in 0.00 ms.
Unloading 70 Unused Serialized files (Serialized files now loaded: 0)
Unloading 6422 unused Assets / (12.9 MB). Loaded Objects now: 7255.
Memory consumption went from 0.91 GB to 0.90 GB.
Total: 40.492600 ms (FindLiveObjects: 0.509200 ms CreateObjectMapping: 0.304100 ms MarkObjects: 32.697900 ms  DeleteObjects: 6.979300 ms)

Prepare: number of updated asset objects reloaded= 0
========================================================================
Received Prepare
'Packages/com.unity.xr.openxr/Runtime/OpenXRLoader.cs' contains partial class of Unity.Object, exactly 1 of the partial classes needs to be in a file with the same filename. This is to know the one that can be referenced from ie. GameObjects
'Packages/com.unity.xr.openxr/Runtime/OpenXRLoaderInternal.cs' contains partial class of Unity.Object, exactly 1 of the partial classes needs to be in a file with the same filename. This is to know the one that can be referenced from ie. GameObjects
Refreshing native plugins compatible for Editor in 9.95 ms, found 14 plugins.
Preloading 0 native plugins for Editor in 0.00 ms.
Unloading 70 Unused Serialized files (Serialized files now loaded: 0)
Unloading 6422 unused Assets / (13.1 MB). Loaded Objects now: 7255.
Memory consumption went from 0.91 GB to 0.89 GB.
Total: 12.400500 ms (FindLiveObjects: 0.996400 ms CreateObjectMapping: 0.324700 ms MarkObjects: 3.530700 ms  DeleteObjects: 7.547600 ms)

Prepare: number of updated asset objects reloaded= 0
========================================================================
Received Prepare
'Packages/com.unity.xr.openxr/Runtime/OpenXRLoader.cs' contains partial class of Unity.Object, exactly 1 of the partial classes needs to be in a file with the same filename. This is to know the one that can be referenced from ie. GameObjects
'Packages/com.unity.xr.openxr/Runtime/OpenXRLoaderInternal.cs' contains partial class of Unity.Object, exactly 1 of the partial classes needs to be in a file with the same filename. This is to know the one that can be referenced from ie. GameObjects
Refreshing native plugins compatible for Editor in 12.10 ms, found 14 plugins.
Preloading 0 native plugins for Editor in 0.00 ms.
Unloading 70 Unused Serialized files (Serialized files now loaded: 0)
Unloading 6422 unused Assets / (13.4 MB). Loaded Objects now: 7255.
Memory consumption went from 0.91 GB to 0.89 GB.
Total: 12.553800 ms (FindLiveObjects: 0.549800 ms CreateObjectMapping: 0.360300 ms MarkObjects: 5.671500 ms  DeleteObjects: 5.969900 ms)

Prepare: number of updated asset objects reloaded= 0
========================================================================
Received Prepare
'Packages/com.unity.xr.openxr/Runtime/OpenXRLoader.cs' contains partial class of Unity.Object, exactly 1 of the partial classes needs to be in a file with the same filename. This is to know the one that can be referenced from ie. GameObjects
'Packages/com.unity.xr.openxr/Runtime/OpenXRLoaderInternal.cs' contains partial class of Unity.Object, exactly 1 of the partial classes needs to be in a file with the same filename. This is to know the one that can be referenced from ie. GameObjects
Refreshing native plugins compatible for Editor in 11.31 ms, found 14 plugins.
Preloading 0 native plugins for Editor in 0.00 ms.
Unloading 70 Unused Serialized files (Serialized files now loaded: 0)
Unloading 6422 unused Assets / (13.3 MB). Loaded Objects now: 7255.
Memory consumption went from 0.91 GB to 0.89 GB.
Total: 12.081500 ms (FindLiveObjects: 0.629800 ms CreateObjectMapping: 0.442300 ms MarkObjects: 4.672400 ms  DeleteObjects: 6.335300 ms)

Prepare: number of updated asset objects reloaded= 0
========================================================================
Received Prepare
'Packages/com.unity.xr.openxr/Runtime/OpenXRLoader.cs' contains partial class of Unity.Object, exactly 1 of the partial classes needs to be in a file with the same filename. This is to know the one that can be referenced from ie. GameObjects
'Packages/com.unity.xr.openxr/Runtime/OpenXRLoaderInternal.cs' contains partial class of Unity.Object, exactly 1 of the partial classes needs to be in a file with the same filename. This is to know the one that can be referenced from ie. GameObjects
Refreshing native plugins compatible for Editor in 9.23 ms, found 14 plugins.
Preloading 0 native plugins for Editor in 0.00 ms.
Unloading 70 Unused Serialized files (Serialized files now loaded: 0)
Unloading 6422 unused Assets / (13.2 MB). Loaded Objects now: 7255.
Memory consumption went from 0.91 GB to 0.89 GB.
Total: 13.708800 ms (FindLiveObjects: 0.487600 ms CreateObjectMapping: 0.305300 ms MarkObjects: 6.822200 ms  DeleteObjects: 6.091500 ms)

Prepare: number of updated asset objects reloaded= 0
========================================================================
Received Prepare
'Packages/com.unity.xr.openxr/Runtime/OpenXRLoader.cs' contains partial class of Unity.Object, exactly 1 of the partial classes needs to be in a file with the same filename. This is to know the one that can be referenced from ie. GameObjects
'Packages/com.unity.xr.openxr/Runtime/OpenXRLoaderInternal.cs' contains partial class of Unity.Object, exactly 1 of the partial classes needs to be in a file with the same filename. This is to know the one that can be referenced from ie. GameObjects
Refreshing native plugins compatible for Editor in 9.99 ms, found 14 plugins.
Preloading 0 native plugins for Editor in 0.00 ms.
Unloading 70 Unused Serialized files (Serialized files now loaded: 0)
Unloading 6422 unused Assets / (13.0 MB). Loaded Objects now: 7255.
Memory consumption went from 0.91 GB to 0.89 GB.
Total: 11.072000 ms (FindLiveObjects: 0.637100 ms CreateObjectMapping: 0.661800 ms MarkObjects: 4.029200 ms  DeleteObjects: 5.741700 ms)

Prepare: number of updated asset objects reloaded= 0
========================================================================
Received Prepare
'Packages/com.unity.xr.openxr/Runtime/OpenXRLoader.cs' contains partial class of Unity.Object, exactly 1 of the partial classes needs to be in a file with the same filename. This is to know the one that can be referenced from ie. GameObjects
'Packages/com.unity.xr.openxr/Runtime/OpenXRLoaderInternal.cs' contains partial class of Unity.Object, exactly 1 of the partial classes needs to be in a file with the same filename. This is to know the one that can be referenced from ie. GameObjects
Refreshing native plugins compatible for Editor in 10.31 ms, found 14 plugins.
Preloading 0 native plugins for Editor in 0.00 ms.
Unloading 70 Unused Serialized files (Serialized files now loaded: 0)
Unloading 6422 unused Assets / (13.5 MB). Loaded Objects now: 7255.
Memory consumption went from 0.91 GB to 0.89 GB.
Total: 12.764800 ms (FindLiveObjects: 0.479600 ms CreateObjectMapping: 0.297300 ms MarkObjects: 5.365000 ms  DeleteObjects: 6.621400 ms)

Prepare: number of updated asset objects reloaded= 0
========================================================================
Received Prepare
'Packages/com.unity.xr.openxr/Runtime/OpenXRLoader.cs' contains partial class of Unity.Object, exactly 1 of the partial classes needs to be in a file with the same filename. This is to know the one that can be referenced from ie. GameObjects
'Packages/com.unity.xr.openxr/Runtime/OpenXRLoaderInternal.cs' contains partial class of Unity.Object, exactly 1 of the partial classes needs to be in a file with the same filename. This is to know the one that can be referenced from ie. GameObjects
Refreshing native plugins compatible for Editor in 8.49 ms, found 14 plugins.
Preloading 0 native plugins for Editor in 0.00 ms.
Unloading 70 Unused Serialized files (Serialized files now loaded: 0)
Unloading 6422 unused Assets / (13.5 MB). Loaded Objects now: 7255.
Memory consumption went from 0.91 GB to 0.89 GB.
Total: 11.820600 ms (FindLiveObjects: 1.134700 ms CreateObjectMapping: 0.792200 ms MarkObjects: 4.050800 ms  DeleteObjects: 5.841400 ms)

Prepare: number of updated asset objects reloaded= 0
========================================================================
Received Prepare
'Packages/com.unity.xr.openxr/Runtime/OpenXRLoader.cs' contains partial class of Unity.Object, exactly 1 of the partial classes needs to be in a file with the same filename. This is to know the one that can be referenced from ie. GameObjects
'Packages/com.unity.xr.openxr/Runtime/OpenXRLoaderInternal.cs' contains partial class of Unity.Object, exactly 1 of the partial classes needs to be in a file with the same filename. This is to know the one that can be referenced from ie. GameObjects
Refreshing native plugins compatible for Editor in 10.02 ms, found 14 plugins.
Preloading 0 native plugins for Editor in 0.00 ms.
Unloading 70 Unused Serialized files (Serialized files now loaded: 0)
Unloading 6422 unused Assets / (13.5 MB). Loaded Objects now: 7255.
Memory consumption went from 0.91 GB to 0.89 GB.
Total: 12.556600 ms (FindLiveObjects: 0.492900 ms CreateObjectMapping: 0.309600 ms MarkObjects: 5.446900 ms  DeleteObjects: 6.303100 ms)

Prepare: number of updated asset objects reloaded= 0
========================================================================
Received Prepare
'Packages/com.unity.xr.openxr/Runtime/OpenXRLoader.cs' contains partial class of Unity.Object, exactly 1 of the partial classes needs to be in a file with the same filename. This is to know the one that can be referenced from ie. GameObjects
'Packages/com.unity.xr.openxr/Runtime/OpenXRLoaderInternal.cs' contains partial class of Unity.Object, exactly 1 of the partial classes needs to be in a file with the same filename. This is to know the one that can be referenced from ie. GameObjects
Refreshing native plugins compatible for Editor in 8.67 ms, found 14 plugins.
Preloading 0 native plugins for Editor in 0.00 ms.
Unloading 70 Unused Serialized files (Serialized files now loaded: 0)
Unloading 6422 unused Assets / (13.4 MB). Loaded Objects now: 7255.
Memory consumption went from 0.91 GB to 0.89 GB.
Total: 11.606500 ms (FindLiveObjects: 0.457600 ms CreateObjectMapping: 0.283500 ms MarkObjects: 3.564800 ms  DeleteObjects: 7.298800 ms)

Prepare: number of updated asset objects reloaded= 0
========================================================================
Received Prepare
'Packages/com.unity.xr.openxr/Runtime/OpenXRLoader.cs' contains partial class of Unity.Object, exactly 1 of the partial classes needs to be in a file with the same filename. This is to know the one that can be referenced from ie. GameObjects
'Packages/com.unity.xr.openxr/Runtime/OpenXRLoaderInternal.cs' contains partial class of Unity.Object, exactly 1 of the partial classes needs to be in a file with the same filename. This is to know the one that can be referenced from ie. GameObjects
Refreshing native plugins compatible for Editor in 9.81 ms, found 14 plugins.
Preloading 0 native plugins for Editor in 0.00 ms.
Unloading 70 Unused Serialized files (Serialized files now loaded: 0)
Unloading 6422 unused Assets / (13.6 MB). Loaded Objects now: 7255.
Memory consumption went from 0.91 GB to 0.89 GB.
Total: 14.859500 ms (FindLiveObjects: 0.500400 ms CreateObjectMapping: 0.327000 ms MarkObjects: 6.161700 ms  DeleteObjects: 7.868300 ms)

Prepare: number of updated asset objects reloaded= 0
========================================================================
Received Prepare
'Packages/com.unity.xr.openxr/Runtime/OpenXRLoader.cs' contains partial class of Unity.Object, exactly 1 of the partial classes needs to be in a file with the same filename. This is to know the one that can be referenced from ie. GameObjects
'Packages/com.unity.xr.openxr/Runtime/OpenXRLoaderInternal.cs' contains partial class of Unity.Object, exactly 1 of the partial classes needs to be in a file with the same filename. This is to know the one that can be referenced from ie. GameObjects
Refreshing native plugins compatible for Editor in 8.89 ms, found 14 plugins.
Preloading 0 native plugins for Editor in 0.00 ms.
Unloading 70 Unused Serialized files (Serialized files now loaded: 0)
Unloading 6422 unused Assets / (13.3 MB). Loaded Objects now: 7255.
Memory consumption went from 0.91 GB to 0.89 GB.
Total: 13.547600 ms (FindLiveObjects: 0.491200 ms CreateObjectMapping: 0.637300 ms MarkObjects: 5.765800 ms  DeleteObjects: 6.651900 ms)

Prepare: number of updated asset objects reloaded= 0
========================================================================
Received Prepare
'Packages/com.unity.xr.openxr/Runtime/OpenXRLoader.cs' contains partial class of Unity.Object, exactly 1 of the partial classes needs to be in a file with the same filename. This is to know the one that can be referenced from ie. GameObjects
'Packages/com.unity.xr.openxr/Runtime/OpenXRLoaderInternal.cs' contains partial class of Unity.Object, exactly 1 of the partial classes needs to be in a file with the same filename. This is to know the one that can be referenced from ie. GameObjects
Refreshing native plugins compatible for Editor in 9.24 ms, found 14 plugins.
Preloading 0 native plugins for Editor in 0.00 ms.
Unloading 70 Unused Serialized files (Serialized files now loaded: 0)
Unloading 6422 unused Assets / (13.4 MB). Loaded Objects now: 7255.
Memory consumption went from 0.91 GB to 0.89 GB.
Total: 12.210200 ms (FindLiveObjects: 0.493800 ms CreateObjectMapping: 0.343500 ms MarkObjects: 5.458000 ms  DeleteObjects: 5.911500 ms)

Prepare: number of updated asset objects reloaded= 0
========================================================================
Received Prepare
'Packages/com.unity.xr.openxr/Runtime/OpenXRLoader.cs' contains partial class of Unity.Object, exactly 1 of the partial classes needs to be in a file with the same filename. This is to know the one that can be referenced from ie. GameObjects
'Packages/com.unity.xr.openxr/Runtime/OpenXRLoaderInternal.cs' contains partial class of Unity.Object, exactly 1 of the partial classes needs to be in a file with the same filename. This is to know the one that can be referenced from ie. GameObjects
Refreshing native plugins compatible for Editor in 12.53 ms, found 14 plugins.
Preloading 0 native plugins for Editor in 0.00 ms.
Unloading 70 Unused Serialized files (Serialized files now loaded: 0)
Unloading 6422 unused Assets / (13.1 MB). Loaded Objects now: 7255.
Memory consumption went from 0.91 GB to 0.89 GB.
Total: 11.562000 ms (FindLiveObjects: 0.509300 ms CreateObjectMapping: 0.345500 ms MarkObjects: 3.879000 ms  DeleteObjects: 6.826500 ms)

Prepare: number of updated asset objects reloaded= 0
========================================================================
Received Prepare
'Packages/com.unity.xr.openxr/Runtime/OpenXRLoader.cs' contains partial class of Unity.Object, exactly 1 of the partial classes needs to be in a file with the same filename. This is to know the one that can be referenced from ie. GameObjects
'Packages/com.unity.xr.openxr/Runtime/OpenXRLoaderInternal.cs' contains partial class of Unity.Object, exactly 1 of the partial classes needs to be in a file with the same filename. This is to know the one that can be referenced from ie. GameObjects
Refreshing native plugins compatible for Editor in 9.54 ms, found 14 plugins.
Preloading 0 native plugins for Editor in 0.00 ms.
Unloading 70 Unused Serialized files (Serialized files now loaded: 0)
Unloading 6422 unused Assets / (13.4 MB). Loaded Objects now: 7255.
Memory consumption went from 0.91 GB to 0.89 GB.
Total: 12.448000 ms (FindLiveObjects: 0.454100 ms CreateObjectMapping: 0.406200 ms MarkObjects: 5.190300 ms  DeleteObjects: 6.395000 ms)

Prepare: number of updated asset objects reloaded= 0
========================================================================
Received Prepare
'Packages/com.unity.xr.openxr/Runtime/OpenXRLoader.cs' contains partial class of Unity.Object, exactly 1 of the partial classes needs to be in a file with the same filename. This is to know the one that can be referenced from ie. GameObjects
'Packages/com.unity.xr.openxr/Runtime/OpenXRLoaderInternal.cs' contains partial class of Unity.Object, exactly 1 of the partial classes needs to be in a file with the same filename. This is to know the one that can be referenced from ie. GameObjects
Refreshing native plugins compatible for Editor in 9.11 ms, found 14 plugins.
Preloading 0 native plugins for Editor in 0.00 ms.
Unloading 70 Unused Serialized files (Serialized files now loaded: 0)
Unloading 6422 unused Assets / (13.6 MB). Loaded Objects now: 7255.
Memory consumption went from 0.91 GB to 0.89 GB.
Total: 11.037100 ms (FindLiveObjects: 0.463800 ms CreateObjectMapping: 0.299200 ms MarkObjects: 3.425600 ms  DeleteObjects: 6.847600 ms)

Prepare: number of updated asset objects reloaded= 0
========================================================================
Received Prepare
'Packages/com.unity.xr.openxr/Runtime/OpenXRLoader.cs' contains partial class of Unity.Object, exactly 1 of the partial classes needs to be in a file with the same filename. This is to know the one that can be referenced from ie. GameObjects
'Packages/com.unity.xr.openxr/Runtime/OpenXRLoaderInternal.cs' contains partial class of Unity.Object, exactly 1 of the partial classes needs to be in a file with the same filename. This is to know the one that can be referenced from ie. GameObjects
Refreshing native plugins compatible for Editor in 9.04 ms, found 14 plugins.
Preloading 0 native plugins for Editor in 0.00 ms.
Unloading 70 Unused Serialized files (Serialized files now loaded: 0)
Unloading 6422 unused Assets / (13.2 MB). Loaded Objects now: 7255.
Memory consumption went from 0.91 GB to 0.89 GB.
Total: 13.058100 ms (FindLiveObjects: 0.549800 ms CreateObjectMapping: 0.517000 ms MarkObjects: 6.440300 ms  DeleteObjects: 5.548800 ms)

Prepare: number of updated asset objects reloaded= 0
========================================================================
Received Prepare
'Packages/com.unity.xr.openxr/Runtime/OpenXRLoader.cs' contains partial class of Unity.Object, exactly 1 of the partial classes needs to be in a file with the same filename. This is to know the one that can be referenced from ie. GameObjects
'Packages/com.unity.xr.openxr/Runtime/OpenXRLoaderInternal.cs' contains partial class of Unity.Object, exactly 1 of the partial classes needs to be in a file with the same filename. This is to know the one that can be referenced from ie. GameObjects
Refreshing native plugins compatible for Editor in 10.14 ms, found 14 plugins.
Preloading 0 native plugins for Editor in 0.00 ms.
Unloading 70 Unused Serialized files (Serialized files now loaded: 0)
Unloading 6422 unused Assets / (12.9 MB). Loaded Objects now: 7255.
Memory consumption went from 0.91 GB to 0.90 GB.
Total: 10.033200 ms (FindLiveObjects: 0.491000 ms CreateObjectMapping: 0.293000 ms MarkObjects: 3.544100 ms  DeleteObjects: 5.704000 ms)

Prepare: number of updated asset objects reloaded= 0
========================================================================
Received Prepare
'Packages/com.unity.xr.openxr/Runtime/OpenXRLoader.cs' contains partial class of Unity.Object, exactly 1 of the partial classes needs to be in a file with the same filename. This is to know the one that can be referenced from ie. GameObjects
'Packages/com.unity.xr.openxr/Runtime/OpenXRLoaderInternal.cs' contains partial class of Unity.Object, exactly 1 of the partial classes needs to be in a file with the same filename. This is to know the one that can be referenced from ie. GameObjects
Refreshing native plugins compatible for Editor in 9.47 ms, found 14 plugins.
Preloading 0 native plugins for Editor in 0.00 ms.
Unloading 70 Unused Serialized files (Serialized files now loaded: 0)
Unloading 6422 unused Assets / (13.2 MB). Loaded Objects now: 7255.
Memory consumption went from 0.91 GB to 0.89 GB.
Total: 18.725100 ms (FindLiveObjects: 0.697600 ms CreateObjectMapping: 0.296300 ms MarkObjects: 11.624700 ms  DeleteObjects: 6.104800 ms)

Prepare: number of updated asset objects reloaded= 0
========================================================================
Received Prepare
'Packages/com.unity.xr.openxr/Runtime/OpenXRLoader.cs' contains partial class of Unity.Object, exactly 1 of the partial classes needs to be in a file with the same filename. This is to know the one that can be referenced from ie. GameObjects
'Packages/com.unity.xr.openxr/Runtime/OpenXRLoaderInternal.cs' contains partial class of Unity.Object, exactly 1 of the partial classes needs to be in a file with the same filename. This is to know the one that can be referenced from ie. GameObjects
Refreshing native plugins compatible for Editor in 8.87 ms, found 14 plugins.
Preloading 0 native plugins for Editor in 0.00 ms.
Unloading 70 Unused Serialized files (Serialized files now loaded: 0)
Unloading 6422 unused Assets / (13.5 MB). Loaded Objects now: 7255.
Memory consumption went from 0.91 GB to 0.89 GB.
Total: 10.194500 ms (FindLiveObjects: 0.724000 ms CreateObjectMapping: 0.366200 ms MarkObjects: 3.881100 ms  DeleteObjects: 5.221700 ms)

Prepare: number of updated asset objects reloaded= 0
========================================================================
Received Prepare
'Packages/com.unity.xr.openxr/Runtime/OpenXRLoader.cs' contains partial class of Unity.Object, exactly 1 of the partial classes needs to be in a file with the same filename. This is to know the one that can be referenced from ie. GameObjects
'Packages/com.unity.xr.openxr/Runtime/OpenXRLoaderInternal.cs' contains partial class of Unity.Object, exactly 1 of the partial classes needs to be in a file with the same filename. This is to know the one that can be referenced from ie. GameObjects
Refreshing native plugins compatible for Editor in 9.89 ms, found 14 plugins.
Preloading 0 native plugins for Editor in 0.00 ms.
Unloading 70 Unused Serialized files (Serialized files now loaded: 0)
Unloading 6422 unused Assets / (13.4 MB). Loaded Objects now: 7255.
Memory consumption went from 0.91 GB to 0.89 GB.
Total: 12.453100 ms (FindLiveObjects: 0.531400 ms CreateObjectMapping: 0.290400 ms MarkObjects: 5.178100 ms  DeleteObjects: 6.451900 ms)

Prepare: number of updated asset objects reloaded= 0
========================================================================
Received Prepare
'Packages/com.unity.xr.openxr/Runtime/OpenXRLoader.cs' contains partial class of Unity.Object, exactly 1 of the partial classes needs to be in a file with the same filename. This is to know the one that can be referenced from ie. GameObjects
'Packages/com.unity.xr.openxr/Runtime/OpenXRLoaderInternal.cs' contains partial class of Unity.Object, exactly 1 of the partial classes needs to be in a file with the same filename. This is to know the one that can be referenced from ie. GameObjects
Refreshing native plugins compatible for Editor in 8.88 ms, found 14 plugins.
Preloading 0 native plugins for Editor in 0.00 ms.
Unloading 70 Unused Serialized files (Serialized files now loaded: 0)
Unloading 6422 unused Assets / (13.4 MB). Loaded Objects now: 7255.
Memory consumption went from 0.91 GB to 0.89 GB.
Total: 9.486800 ms (FindLiveObjects: 0.512800 ms CreateObjectMapping: 0.313500 ms MarkObjects: 3.788100 ms  DeleteObjects: 4.870300 ms)

Prepare: number of updated asset objects reloaded= 0
========================================================================
Received Import Request.
  Time since last request: 2654.671152 seconds.
  path: Assets/MobileARTemplateAssets/UI/Prefabs/Options Modal.prefab
  artifactKey: Guid(260c0ec9c84ec5343af848a1c1f88bdd) Importer(815301076,1909f56bfc062723c751e8b465ee728b)
Start importing Assets/MobileARTemplateAssets/UI/Prefabs/Options Modal.prefab using Guid(260c0ec9c84ec5343af848a1c1f88bdd) Importer(815301076,1909f56bfc062723c751e8b465ee728b) (PreviewImporter) -> (artifact id: '78984bd080af92b2267fc5e36226da2a') in 0.8164127 seconds
Number of updated asset objects reloaded before import = 0Number of asset objects unloaded after import = 166

========================================================================
Received Prepare
'Packages/com.unity.xr.openxr/Runtime/OpenXRLoader.cs' contains partial class of Unity.Object, exactly 1 of the partial classes needs to be in a file with the same filename. This is to know the one that can be referenced from ie. GameObjects
'Packages/com.unity.xr.openxr/Runtime/OpenXRLoaderInternal.cs' contains partial class of Unity.Object, exactly 1 of the partial classes needs to be in a file with the same filename. This is to know the one that can be referenced from ie. GameObjects
Refreshing native plugins compatible for Editor in 10.89 ms, found 14 plugins.
Preloading 0 native plugins for Editor in 0.00 ms.
Unloading 70 Unused Serialized files (Serialized files now loaded: 0)
Unloading 6422 unused Assets / (12.5 MB). Loaded Objects now: 7255.
Memory consumption went from 0.91 GB to 0.90 GB.
Total: 11.797800 ms (FindLiveObjects: 0.465100 ms CreateObjectMapping: 0.291600 ms MarkObjects: 5.853700 ms  DeleteObjects: 5.184400 ms)

Prepare: number of updated asset objects reloaded= 0
========================================================================
Received Prepare
'Packages/com.unity.xr.openxr/Runtime/OpenXRLoader.cs' contains partial class of Unity.Object, exactly 1 of the partial classes needs to be in a file with the same filename. This is to know the one that can be referenced from ie. GameObjects
'Packages/com.unity.xr.openxr/Runtime/OpenXRLoaderInternal.cs' contains partial class of Unity.Object, exactly 1 of the partial classes needs to be in a file with the same filename. This is to know the one that can be referenced from ie. GameObjects
Refreshing native plugins compatible for Editor in 8.92 ms, found 14 plugins.
Preloading 0 native plugins for Editor in 0.00 ms.
Unloading 70 Unused Serialized files (Serialized files now loaded: 0)
Unloading 6422 unused Assets / (13.0 MB). Loaded Objects now: 7255.
Memory consumption went from 0.91 GB to 0.89 GB.
Total: 9.973300 ms (FindLiveObjects: 0.459600 ms CreateObjectMapping: 0.277500 ms MarkObjects: 3.979900 ms  DeleteObjects: 5.254500 ms)

Prepare: number of updated asset objects reloaded= 0
========================================================================
Received Prepare
'Packages/com.unity.xr.openxr/Runtime/OpenXRLoader.cs' contains partial class of Unity.Object, exactly 1 of the partial classes needs to be in a file with the same filename. This is to know the one that can be referenced from ie. GameObjects
'Packages/com.unity.xr.openxr/Runtime/OpenXRLoaderInternal.cs' contains partial class of Unity.Object, exactly 1 of the partial classes needs to be in a file with the same filename. This is to know the one that can be referenced from ie. GameObjects
Refreshing native plugins compatible for Editor in 10.64 ms, found 14 plugins.
Preloading 0 native plugins for Editor in 0.00 ms.
Unloading 70 Unused Serialized files (Serialized files now loaded: 0)
Unloading 6422 unused Assets / (13.3 MB). Loaded Objects now: 7255.
Memory consumption went from 0.91 GB to 0.89 GB.
Total: 13.473700 ms (FindLiveObjects: 0.688200 ms CreateObjectMapping: 0.536200 ms MarkObjects: 5.773800 ms  DeleteObjects: 6.471100 ms)

Prepare: number of updated asset objects reloaded= 0
========================================================================
Received Prepare
'Packages/com.unity.xr.openxr/Runtime/OpenXRLoader.cs' contains partial class of Unity.Object, exactly 1 of the partial classes needs to be in a file with the same filename. This is to know the one that can be referenced from ie. GameObjects
'Packages/com.unity.xr.openxr/Runtime/OpenXRLoaderInternal.cs' contains partial class of Unity.Object, exactly 1 of the partial classes needs to be in a file with the same filename. This is to know the one that can be referenced from ie. GameObjects
Refreshing native plugins compatible for Editor in 9.47 ms, found 14 plugins.
Preloading 0 native plugins for Editor in 0.00 ms.
Unloading 70 Unused Serialized files (Serialized files now loaded: 0)
Unloading 6422 unused Assets / (13.5 MB). Loaded Objects now: 7255.
Memory consumption went from 0.91 GB to 0.89 GB.
Total: 10.110200 ms (FindLiveObjects: 0.467400 ms CreateObjectMapping: 0.305200 ms MarkObjects: 4.218900 ms  DeleteObjects: 5.117800 ms)

Prepare: number of updated asset objects reloaded= 0
========================================================================
Received Prepare
'Packages/com.unity.xr.openxr/Runtime/OpenXRLoader.cs' contains partial class of Unity.Object, exactly 1 of the partial classes needs to be in a file with the same filename. This is to know the one that can be referenced from ie. GameObjects
'Packages/com.unity.xr.openxr/Runtime/OpenXRLoaderInternal.cs' contains partial class of Unity.Object, exactly 1 of the partial classes needs to be in a file with the same filename. This is to know the one that can be referenced from ie. GameObjects
Refreshing native plugins compatible for Editor in 10.55 ms, found 14 plugins.
Preloading 0 native plugins for Editor in 0.00 ms.
Unloading 70 Unused Serialized files (Serialized files now loaded: 0)
Unloading 6422 unused Assets / (13.2 MB). Loaded Objects now: 7255.
Memory consumption went from 0.91 GB to 0.89 GB.
Total: 13.067900 ms (FindLiveObjects: 0.523300 ms CreateObjectMapping: 0.315900 ms MarkObjects: 5.968100 ms  DeleteObjects: 6.258500 ms)

Prepare: number of updated asset objects reloaded= 0
========================================================================
Received Prepare
'Packages/com.unity.xr.openxr/Runtime/OpenXRLoader.cs' contains partial class of Unity.Object, exactly 1 of the partial classes needs to be in a file with the same filename. This is to know the one that can be referenced from ie. GameObjects
'Packages/com.unity.xr.openxr/Runtime/OpenXRLoaderInternal.cs' contains partial class of Unity.Object, exactly 1 of the partial classes needs to be in a file with the same filename. This is to know the one that can be referenced from ie. GameObjects
Refreshing native plugins compatible for Editor in 10.55 ms, found 14 plugins.
Preloading 0 native plugins for Editor in 0.00 ms.
Unloading 70 Unused Serialized files (Serialized files now loaded: 0)
Unloading 6422 unused Assets / (13.5 MB). Loaded Objects now: 7255.
Memory consumption went from 0.91 GB to 0.89 GB.
Total: 10.693900 ms (FindLiveObjects: 0.481400 ms CreateObjectMapping: 0.311700 ms MarkObjects: 4.672200 ms  DeleteObjects: 5.226700 ms)

Prepare: number of updated asset objects reloaded= 0
========================================================================
Received Prepare
'Packages/com.unity.xr.openxr/Runtime/OpenXRLoader.cs' contains partial class of Unity.Object, exactly 1 of the partial classes needs to be in a file with the same filename. This is to know the one that can be referenced from ie. GameObjects
'Packages/com.unity.xr.openxr/Runtime/OpenXRLoaderInternal.cs' contains partial class of Unity.Object, exactly 1 of the partial classes needs to be in a file with the same filename. This is to know the one that can be referenced from ie. GameObjects
Refreshing native plugins compatible for Editor in 12.10 ms, found 14 plugins.
Preloading 0 native plugins for Editor in 0.00 ms.
Unloading 70 Unused Serialized files (Serialized files now loaded: 0)
Unloading 6422 unused Assets / (13.2 MB). Loaded Objects now: 7255.
Memory consumption went from 0.91 GB to 0.89 GB.
Total: 64.683100 ms (FindLiveObjects: 1.070400 ms CreateObjectMapping: 0.276200 ms MarkObjects: 57.652100 ms  DeleteObjects: 5.682000 ms)

Prepare: number of updated asset objects reloaded= 0
========================================================================
Received Prepare
'Packages/com.unity.xr.openxr/Runtime/OpenXRLoader.cs' contains partial class of Unity.Object, exactly 1 of the partial classes needs to be in a file with the same filename. This is to know the one that can be referenced from ie. GameObjects
'Packages/com.unity.xr.openxr/Runtime/OpenXRLoaderInternal.cs' contains partial class of Unity.Object, exactly 1 of the partial classes needs to be in a file with the same filename. This is to know the one that can be referenced from ie. GameObjects
Refreshing native plugins compatible for Editor in 9.78 ms, found 14 plugins.
Preloading 0 native plugins for Editor in 0.00 ms.
Unloading 70 Unused Serialized files (Serialized files now loaded: 0)
Unloading 6422 unused Assets / (14.1 MB). Loaded Objects now: 7255.
Memory consumption went from 0.91 GB to 0.89 GB.
Total: 10.881900 ms (FindLiveObjects: 0.556900 ms CreateObjectMapping: 0.369400 ms MarkObjects: 3.892400 ms  DeleteObjects: 6.062000 ms)

Prepare: number of updated asset objects reloaded= 0
========================================================================
Received Import Request.
  Time since last request: 1013.613605 seconds.
  path: Assets/MobileARTemplateAssets/UI/Prefabs/Options Modal.prefab
  artifactKey: Guid(260c0ec9c84ec5343af848a1c1f88bdd) Importer(815301076,1909f56bfc062723c751e8b465ee728b)
Start importing Assets/MobileARTemplateAssets/UI/Prefabs/Options Modal.prefab using Guid(260c0ec9c84ec5343af848a1c1f88bdd) Importer(815301076,1909f56bfc062723c751e8b465ee728b) (PreviewImporter) -> (artifact id: 'd71bbb894c112823bcd36b79d4520074') in 0.1539272 seconds
Number of updated asset objects reloaded before import = 0Number of asset objects unloaded after import = 129

========================================================================
Received Prepare
Begin MonoManager ReloadAssembly
C:\build\output\Unity-Technologies\mono\mono\metadata\icall.c:1842:
C:\build\output\Unity-Technologies\mono\mono\metadata\icall.c:1842:
C:\build\output\Unity-Technologies\mono\mono\metadata\icall.c:1842:
C:\build\output\Unity-Technologies\mono\mono\metadata\icall.c:1842:
C:\build\output\Unity-Technologies\mono\mono\metadata\icall.c:1842:
C:\build\output\Unity-Technologies\mono\mono\metadata\icall.c:1842:
C:\build\output\Unity-Technologies\mono\mono\metadata\icall.c:1842:
C:\build\output\Unity-Technologies\mono\mono\metadata\icall.c:1842:
C:\build\output\Unity-Technologies\mono\mono\metadata\icall.c:1842:
C:\build\output\Unity-Technologies\mono\mono\metadata\icall.c:1842:
C:\build\output\Unity-Technologies\mono\mono\metadata\icall.c:1842:
C:\build\output\Unity-Technologies\mono\mono\metadata\icall.c:1842:
Symbol file LoadedFromMemory is not a mono symbol file
- Loaded All Assemblies, in  7.940 seconds
'Packages/com.unity.xr.openxr/Runtime/OpenXRLoader.cs' contains partial class of Unity.Object, exactly 1 of the partial classes needs to be in a file with the same filename. This is to know the one that can be referenced from ie. GameObjects
'Packages/com.unity.xr.openxr/Runtime/OpenXRLoaderInternal.cs' contains partial class of Unity.Object, exactly 1 of the partial classes needs to be in a file with the same filename. This is to know the one that can be referenced from ie. GameObjects
Refreshing native plugins compatible for Editor in 13.56 ms, found 14 plugins.
Native extension for iOS target not found
Native extension for Android target not found
Native extension for WindowsStandalone target not found
[Package Manager] Failed to launch server process. Reason: Unity was launched with the -noUpm command-line argument
[Package Manager] Unable to send message (not connected to server process).
[Package Manager] Cannot connect to Unity Package Manager local server
Mono: successfully reloaded assembly
[Package Manager] Failed to launch server process. Reason: Unity was launched with the -noUpm command-line argument
[Package Manager] Unable to send message (not connected to server process).
[Package Manager] Cannot connect to Unity Package Manager local server
- Finished resetting the current domain, in  2.869 seconds
Domain Reload Profiling: 10806ms
	BeginReloadAssembly (4059ms)
		ExecutionOrderSort (0ms)
		DisableScriptedObjects (277ms)
		BackupInstance (0ms)
		ReleaseScriptingObjects (7ms)
		CreateAndSetChildDomain (1823ms)
	RebuildCommonClasses (260ms)
	RebuildNativeTypeToScriptingClass (22ms)
	initialDomainReloadingComplete (131ms)
	LoadAllAssembliesAndSetupDomain (3464ms)
		LoadAssemblies (3907ms)
		RebuildTransferFunctionScriptingTraits (0ms)
		AnalyzeDomain (336ms)
			TypeCache.Refresh (59ms)
				TypeCache.ScanAssembly (6ms)
			BuildScriptInfoCaches (215ms)
			ResolveRequiredComponents (14ms)
	FinalizeReload (2870ms)
		ReleaseScriptCaches (0ms)
		RebuildScriptCaches (0ms)
		SetupLoadedEditorAssemblies (2255ms)
			LogAssemblyErrors (0ms)
			InitializePlatformSupportModulesInManaged (73ms)
			SetLoadedEditorAssemblies (63ms)
			BeforeProcessingInitializeOnLoad (336ms)
			ProcessInitializeOnLoadAttributes (540ms)
			ProcessInitializeOnLoadMethodAttributes (1219ms)
			AfterProcessingInitializeOnLoad (9ms)
			EditorAssembliesLoaded (16ms)
		ExecutionOrderSort2 (0ms)
		AwakeInstancesAfterBackupRestoration (33ms)
Refreshing native plugins compatible for Editor in 14.11 ms, found 14 plugins.
Preloading 0 native plugins for Editor in 0.00 ms.
Unloading 143 Unused Serialized files (Serialized files now loaded: 0)
Unloading 6569 unused Assets / (13.4 MB). Loaded Objects now: 7272.
Memory consumption went from 0.91 GB to 0.90 GB.
Total: 31.113800 ms (FindLiveObjects: 3.993900 ms CreateObjectMapping: 0.369200 ms MarkObjects: 18.298300 ms  DeleteObjects: 8.450100 ms)

Prepare: number of updated asset objects reloaded= 0
========================================================================
Received Prepare
'Packages/com.unity.xr.openxr/Runtime/OpenXRLoader.cs' contains partial class of Unity.Object, exactly 1 of the partial classes needs to be in a file with the same filename. This is to know the one that can be referenced from ie. GameObjects
'Packages/com.unity.xr.openxr/Runtime/OpenXRLoaderInternal.cs' contains partial class of Unity.Object, exactly 1 of the partial classes needs to be in a file with the same filename. This is to know the one that can be referenced from ie. GameObjects
Refreshing native plugins compatible for Editor in 12.38 ms, found 14 plugins.
Preloading 0 native plugins for Editor in 0.00 ms.
Unloading 72 Unused Serialized files (Serialized files now loaded: 0)
Unloading 6422 unused Assets / (13.2 MB). Loaded Objects now: 7256.
Memory consumption went from 0.91 GB to 0.90 GB.
Total: 13.211600 ms (FindLiveObjects: 0.540600 ms CreateObjectMapping: 0.398600 ms MarkObjects: 6.304900 ms  DeleteObjects: 5.965200 ms)

Prepare: number of updated asset objects reloaded= 0
========================================================================
Received Prepare
'Packages/com.unity.xr.openxr/Runtime/OpenXRLoader.cs' contains partial class of Unity.Object, exactly 1 of the partial classes needs to be in a file with the same filename. This is to know the one that can be referenced from ie. GameObjects
'Packages/com.unity.xr.openxr/Runtime/OpenXRLoaderInternal.cs' contains partial class of Unity.Object, exactly 1 of the partial classes needs to be in a file with the same filename. This is to know the one that can be referenced from ie. GameObjects
Refreshing native plugins compatible for Editor in 8.79 ms, found 14 plugins.
Preloading 0 native plugins for Editor in 0.00 ms.
Unloading 70 Unused Serialized files (Serialized files now loaded: 0)
Unloading 6422 unused Assets / (13.2 MB). Loaded Objects now: 7256.
Memory consumption went from 0.91 GB to 0.90 GB.
Total: 10.357900 ms (FindLiveObjects: 0.465800 ms CreateObjectMapping: 0.485400 ms MarkObjects: 4.325400 ms  DeleteObjects: 5.080200 ms)

Prepare: number of updated asset objects reloaded= 0
========================================================================
Received Prepare
Begin MonoManager ReloadAssembly
C:\build\output\Unity-Technologies\mono\mono\metadata\icall.c:1842:
C:\build\output\Unity-Technologies\mono\mono\metadata\icall.c:1842:
C:\build\output\Unity-Technologies\mono\mono\metadata\icall.c:1842:
C:\build\output\Unity-Technologies\mono\mono\metadata\icall.c:1842:
C:\build\output\Unity-Technologies\mono\mono\metadata\icall.c:1842:
C:\build\output\Unity-Technologies\mono\mono\metadata\icall.c:1842:
C:\build\output\Unity-Technologies\mono\mono\metadata\icall.c:1842:
C:\build\output\Unity-Technologies\mono\mono\metadata\icall.c:1842:
C:\build\output\Unity-Technologies\mono\mono\metadata\icall.c:1842:
C:\build\output\Unity-Technologies\mono\mono\metadata\icall.c:1842:
C:\build\output\Unity-Technologies\mono\mono\metadata\icall.c:1842:
C:\build\output\Unity-Technologies\mono\mono\metadata\icall.c:1842:
Symbol file LoadedFromMemory is not a mono symbol file
- Loaded All Assemblies, in  3.988 seconds
'Packages/com.unity.xr.openxr/Runtime/OpenXRLoader.cs' contains partial class of Unity.Object, exactly 1 of the partial classes needs to be in a file with the same filename. This is to know the one that can be referenced from ie. GameObjects
'Packages/com.unity.xr.openxr/Runtime/OpenXRLoaderInternal.cs' contains partial class of Unity.Object, exactly 1 of the partial classes needs to be in a file with the same filename. This is to know the one that can be referenced from ie. GameObjects
Refreshing native plugins compatible for Editor in 30.05 ms, found 14 plugins.
Native extension for iOS target not found
Native extension for Android target not found
Native extension for WindowsStandalone target not found
[Package Manager] Failed to launch server process. Reason: Unity was launched with the -noUpm command-line argument
[Package Manager] Unable to send message (not connected to server process).
[Package Manager] Cannot connect to Unity Package Manager local server
Mono: successfully reloaded assembly
[Package Manager] Failed to launch server process. Reason: Unity was launched with the -noUpm command-line argument
[Package Manager] Unable to send message (not connected to server process).
[Package Manager] Cannot connect to Unity Package Manager local server
- Finished resetting the current domain, in  5.284 seconds
Domain Reload Profiling: 9292ms
	BeginReloadAssembly (2041ms)
		ExecutionOrderSort (0ms)
		DisableScriptedObjects (86ms)
		BackupInstance (0ms)
		ReleaseScriptingObjects (17ms)
		CreateAndSetChildDomain (987ms)
	RebuildCommonClasses (62ms)
	RebuildNativeTypeToScriptingClass (12ms)
	initialDomainReloadingComplete (69ms)
	LoadAllAssembliesAndSetupDomain (1817ms)
		LoadAssemblies (1299ms)
		RebuildTransferFunctionScriptingTraits (0ms)
		AnalyzeDomain (740ms)
			TypeCache.Refresh (128ms)
				TypeCache.ScanAssembly (11ms)
			BuildScriptInfoCaches (538ms)
			ResolveRequiredComponents (29ms)
	FinalizeReload (5291ms)
		ReleaseScriptCaches (0ms)
		RebuildScriptCaches (0ms)
		SetupLoadedEditorAssemblies (3389ms)
			LogAssemblyErrors (0ms)
			InitializePlatformSupportModulesInManaged (33ms)
			SetLoadedEditorAssemblies (8ms)
			BeforeProcessingInitializeOnLoad (106ms)
			ProcessInitializeOnLoadAttributes (787ms)
			ProcessInitializeOnLoadMethodAttributes (2349ms)
			AfterProcessingInitializeOnLoad (10ms)
			EditorAssembliesLoaded (97ms)
		ExecutionOrderSort2 (0ms)
		AwakeInstancesAfterBackupRestoration (497ms)
Refreshing native plugins compatible for Editor in 38.99 ms, found 14 plugins.
Preloading 0 native plugins for Editor in 0.00 ms.
Unloading 143 Unused Serialized files (Serialized files now loaded: 0)
Unloading 6569 unused Assets / (12.2 MB). Loaded Objects now: 7273.
Memory consumption went from 0.92 GB to 0.90 GB.
Total: 48.603300 ms (FindLiveObjects: 4.434000 ms CreateObjectMapping: 0.375800 ms MarkObjects: 31.542400 ms  DeleteObjects: 12.248800 ms)

Prepare: number of updated asset objects reloaded= 0
========================================================================
Received Prepare
'Packages/com.unity.xr.openxr/Runtime/OpenXRLoader.cs' contains partial class of Unity.Object, exactly 1 of the partial classes needs to be in a file with the same filename. This is to know the one that can be referenced from ie. GameObjects
'Packages/com.unity.xr.openxr/Runtime/OpenXRLoaderInternal.cs' contains partial class of Unity.Object, exactly 1 of the partial classes needs to be in a file with the same filename. This is to know the one that can be referenced from ie. GameObjects
Refreshing native plugins compatible for Editor in 11.68 ms, found 14 plugins.
Preloading 0 native plugins for Editor in 0.00 ms.
Unloading 72 Unused Serialized files (Serialized files now loaded: 0)
Unloading 6422 unused Assets / (13.4 MB). Loaded Objects now: 7257.
Memory consumption went from 0.91 GB to 0.90 GB.
Total: 49.199600 ms (FindLiveObjects: 1.065500 ms CreateObjectMapping: 0.377800 ms MarkObjects: 38.983300 ms  DeleteObjects: 8.768600 ms)

Prepare: number of updated asset objects reloaded= 0
========================================================================
Received Prepare
'Packages/com.unity.xr.openxr/Runtime/OpenXRLoader.cs' contains partial class of Unity.Object, exactly 1 of the partial classes needs to be in a file with the same filename. This is to know the one that can be referenced from ie. GameObjects
'Packages/com.unity.xr.openxr/Runtime/OpenXRLoaderInternal.cs' contains partial class of Unity.Object, exactly 1 of the partial classes needs to be in a file with the same filename. This is to know the one that can be referenced from ie. GameObjects
Refreshing native plugins compatible for Editor in 11.38 ms, found 14 plugins.
Preloading 0 native plugins for Editor in 0.00 ms.
Unloading 70 Unused Serialized files (Serialized files now loaded: 0)
Unloading 6422 unused Assets / (13.3 MB). Loaded Objects now: 7257.
Memory consumption went from 0.91 GB to 0.90 GB.
Total: 12.647300 ms (FindLiveObjects: 0.697800 ms CreateObjectMapping: 0.517800 ms MarkObjects: 4.511100 ms  DeleteObjects: 6.918900 ms)

Prepare: number of updated asset objects reloaded= 0
========================================================================
Received Prepare
Begin MonoManager ReloadAssembly
C:\build\output\Unity-Technologies\mono\mono\metadata\icall.c:1842:
C:\build\output\Unity-Technologies\mono\mono\metadata\icall.c:1842:
C:\build\output\Unity-Technologies\mono\mono\metadata\icall.c:1842:
C:\build\output\Unity-Technologies\mono\mono\metadata\icall.c:1842:
C:\build\output\Unity-Technologies\mono\mono\metadata\icall.c:1842:
C:\build\output\Unity-Technologies\mono\mono\metadata\icall.c:1842:
C:\build\output\Unity-Technologies\mono\mono\metadata\icall.c:1842:
C:\build\output\Unity-Technologies\mono\mono\metadata\icall.c:1842:
C:\build\output\Unity-Technologies\mono\mono\metadata\icall.c:1842:
C:\build\output\Unity-Technologies\mono\mono\metadata\icall.c:1842:
C:\build\output\Unity-Technologies\mono\mono\metadata\icall.c:1842:
C:\build\output\Unity-Technologies\mono\mono\metadata\icall.c:1842:
Symbol file LoadedFromMemory is not a mono symbol file
- Loaded All Assemblies, in  4.027 seconds
'Packages/com.unity.xr.openxr/Runtime/OpenXRLoader.cs' contains partial class of Unity.Object, exactly 1 of the partial classes needs to be in a file with the same filename. This is to know the one that can be referenced from ie. GameObjects
'Packages/com.unity.xr.openxr/Runtime/OpenXRLoaderInternal.cs' contains partial class of Unity.Object, exactly 1 of the partial classes needs to be in a file with the same filename. This is to know the one that can be referenced from ie. GameObjects
Refreshing native plugins compatible for Editor in 10.06 ms, found 14 plugins.
Native extension for iOS target not found
Native extension for Android target not found
Native extension for WindowsStandalone target not found
[Package Manager] Failed to launch server process. Reason: Unity was launched with the -noUpm command-line argument
[Package Manager] Unable to send message (not connected to server process).
[Package Manager] Cannot connect to Unity Package Manager local server
Mono: successfully reloaded assembly
[Package Manager] Failed to launch server process. Reason: Unity was launched with the -noUpm command-line argument
[Package Manager] Unable to send message (not connected to server process).
[Package Manager] Cannot connect to Unity Package Manager local server
- Finished resetting the current domain, in  3.075 seconds
Domain Reload Profiling: 7118ms
	BeginReloadAssembly (1664ms)
		ExecutionOrderSort (0ms)
		DisableScriptedObjects (82ms)
		BackupInstance (0ms)
		ReleaseScriptingObjects (3ms)
		CreateAndSetChildDomain (1024ms)
	RebuildCommonClasses (46ms)
	RebuildNativeTypeToScriptingClass (13ms)
	initialDomainReloadingComplete (50ms)
	LoadAllAssembliesAndSetupDomain (2270ms)
		LoadAssemblies (1570ms)
		RebuildTransferFunctionScriptingTraits (0ms)
		AnalyzeDomain (939ms)
			TypeCache.Refresh (159ms)
				TypeCache.ScanAssembly (13ms)
			BuildScriptInfoCaches (690ms)
			ResolveRequiredComponents (31ms)
	FinalizeReload (3076ms)
		ReleaseScriptCaches (0ms)
		RebuildScriptCaches (0ms)
		SetupLoadedEditorAssemblies (2536ms)
			LogAssemblyErrors (0ms)
			InitializePlatformSupportModulesInManaged (27ms)
			SetLoadedEditorAssemblies (8ms)
			BeforeProcessingInitializeOnLoad (82ms)
			ProcessInitializeOnLoadAttributes (524ms)
			ProcessInitializeOnLoadMethodAttributes (1880ms)
			AfterProcessingInitializeOnLoad (4ms)
			EditorAssembliesLoaded (11ms)
		ExecutionOrderSort2 (0ms)
		AwakeInstancesAfterBackupRestoration (39ms)
Refreshing native plugins compatible for Editor in 10.44 ms, found 14 plugins.
Preloading 0 native plugins for Editor in 0.00 ms.
Unloading 143 Unused Serialized files (Serialized files now loaded: 0)
Unloading 6569 unused Assets / (13.1 MB). Loaded Objects now: 7274.
Memory consumption went from 0.92 GB to 0.90 GB.
Total: 33.611500 ms (FindLiveObjects: 3.002200 ms CreateObjectMapping: 0.362300 ms MarkObjects: 12.113400 ms  DeleteObjects: 18.131300 ms)

Prepare: number of updated asset objects reloaded= 0
========================================================================
Received Prepare
Begin MonoManager ReloadAssembly
C:\build\output\Unity-Technologies\mono\mono\metadata\icall.c:1842:
C:\build\output\Unity-Technologies\mono\mono\metadata\icall.c:1842:
C:\build\output\Unity-Technologies\mono\mono\metadata\icall.c:1842:
C:\build\output\Unity-Technologies\mono\mono\metadata\icall.c:1842:
C:\build\output\Unity-Technologies\mono\mono\metadata\icall.c:1842:
C:\build\output\Unity-Technologies\mono\mono\metadata\icall.c:1842:
C:\build\output\Unity-Technologies\mono\mono\metadata\icall.c:1842:
C:\build\output\Unity-Technologies\mono\mono\metadata\icall.c:1842:
C:\build\output\Unity-Technologies\mono\mono\metadata\icall.c:1842:
C:\build\output\Unity-Technologies\mono\mono\metadata\icall.c:1842:
C:\build\output\Unity-Technologies\mono\mono\metadata\icall.c:1842:
C:\build\output\Unity-Technologies\mono\mono\metadata\icall.c:1842:
Symbol file LoadedFromMemory is not a mono symbol file
- Loaded All Assemblies, in  5.523 seconds
'Packages/com.unity.xr.openxr/Runtime/OpenXRLoader.cs' contains partial class of Unity.Object, exactly 1 of the partial classes needs to be in a file with the same filename. This is to know the one that can be referenced from ie. GameObjects
'Packages/com.unity.xr.openxr/Runtime/OpenXRLoaderInternal.cs' contains partial class of Unity.Object, exactly 1 of the partial classes needs to be in a file with the same filename. This is to know the one that can be referenced from ie. GameObjects
Refreshing native plugins compatible for Editor in 12.51 ms, found 14 plugins.
Native extension for iOS target not found
Native extension for Android target not found
Native extension for WindowsStandalone target not found
[Package Manager] Failed to launch server process. Reason: Unity was launched with the -noUpm command-line argument
[Package Manager] Unable to send message (not connected to server process).
[Package Manager] Cannot connect to Unity Package Manager local server
Mono: successfully reloaded assembly
[Package Manager] Failed to launch server process. Reason: Unity was launched with the -noUpm command-line argument
[Package Manager] Unable to send message (not connected to server process).
[Package Manager] Cannot connect to Unity Package Manager local server
- Finished resetting the current domain, in  2.955 seconds
Domain Reload Profiling: 8484ms
	BeginReloadAssembly (2611ms)
		ExecutionOrderSort (2ms)
		DisableScriptedObjects (152ms)
		BackupInstance (0ms)
		ReleaseScriptingObjects (3ms)
		CreateAndSetChildDomain (1277ms)
	RebuildCommonClasses (52ms)
	RebuildNativeTypeToScriptingClass (16ms)
	initialDomainReloadingComplete (48ms)
	LoadAllAssembliesAndSetupDomain (2802ms)
		LoadAssemblies (2578ms)
		RebuildTransferFunctionScriptingTraits (0ms)
		AnalyzeDomain (468ms)
			TypeCache.Refresh (126ms)
				TypeCache.ScanAssembly (9ms)
			BuildScriptInfoCaches (278ms)
			ResolveRequiredComponents (18ms)
	FinalizeReload (2955ms)
		ReleaseScriptCaches (0ms)
		RebuildScriptCaches (0ms)
		SetupLoadedEditorAssemblies (2347ms)
			LogAssemblyErrors (0ms)
			InitializePlatformSupportModulesInManaged (36ms)
			SetLoadedEditorAssemblies (12ms)
			BeforeProcessingInitializeOnLoad (94ms)
			ProcessInitializeOnLoadAttributes (636ms)
			ProcessInitializeOnLoadMethodAttributes (1555ms)
			AfterProcessingInitializeOnLoad (4ms)
			EditorAssembliesLoaded (10ms)
		ExecutionOrderSort2 (0ms)
		AwakeInstancesAfterBackupRestoration (33ms)
Refreshing native plugins compatible for Editor in 29.94 ms, found 14 plugins.
Preloading 0 native plugins for Editor in 0.00 ms.
Unloading 145 Unused Serialized files (Serialized files now loaded: 0)
Unloading 6569 unused Assets / (13.4 MB). Loaded Objects now: 7275.
Memory consumption went from 0.92 GB to 0.91 GB.
Total: 22.637100 ms (FindLiveObjects: 1.239100 ms CreateObjectMapping: 0.588100 ms MarkObjects: 9.476500 ms  DeleteObjects: 11.330600 ms)

Prepare: number of updated asset objects reloaded= 0
========================================================================
Received Prepare
'Packages/com.unity.xr.openxr/Runtime/OpenXRLoader.cs' contains partial class of Unity.Object, exactly 1 of the partial classes needs to be in a file with the same filename. This is to know the one that can be referenced from ie. GameObjects
'Packages/com.unity.xr.openxr/Runtime/OpenXRLoaderInternal.cs' contains partial class of Unity.Object, exactly 1 of the partial classes needs to be in a file with the same filename. This is to know the one that can be referenced from ie. GameObjects
Refreshing native plugins compatible for Editor in 10.97 ms, found 14 plugins.
Preloading 0 native plugins for Editor in 0.00 ms.
Unloading 72 Unused Serialized files (Serialized files now loaded: 0)
Unloading 6422 unused Assets / (13.3 MB). Loaded Objects now: 7259.
Memory consumption went from 0.92 GB to 0.90 GB.
Total: 256.261700 ms (FindLiveObjects: 3.116100 ms CreateObjectMapping: 0.310700 ms MarkObjects: 246.323700 ms  DeleteObjects: 6.508000 ms)

Prepare: number of updated asset objects reloaded= 0
========================================================================
Received Prepare
'Packages/com.unity.xr.openxr/Runtime/OpenXRLoader.cs' contains partial class of Unity.Object, exactly 1 of the partial classes needs to be in a file with the same filename. This is to know the one that can be referenced from ie. GameObjects
'Packages/com.unity.xr.openxr/Runtime/OpenXRLoaderInternal.cs' contains partial class of Unity.Object, exactly 1 of the partial classes needs to be in a file with the same filename. This is to know the one that can be referenced from ie. GameObjects
Refreshing native plugins compatible for Editor in 9.33 ms, found 14 plugins.
Preloading 0 native plugins for Editor in 0.00 ms.
Unloading 70 Unused Serialized files (Serialized files now loaded: 0)
Unloading 6422 unused Assets / (13.1 MB). Loaded Objects now: 7259.
Memory consumption went from 0.92 GB to 0.90 GB.
Total: 10.276300 ms (FindLiveObjects: 0.435200 ms CreateObjectMapping: 0.277500 ms MarkObjects: 3.535500 ms  DeleteObjects: 6.026200 ms)

Prepare: number of updated asset objects reloaded= 0
========================================================================
Received Import Request.
  Time since last request: 2500.272398 seconds.
  path: Assets/Scripts/Managers/GoalManager.cs
  artifactKey: Guid(d8606ad9bd52e2f499893c7c28160113) Importer(815301076,1909f56bfc062723c751e8b465ee728b)
Start importing Assets/Scripts/Managers/GoalManager.cs using Guid(d8606ad9bd52e2f499893c7c28160113) Importer(815301076,1909f56bfc062723c751e8b465ee728b) (PreviewImporter) -> (artifact id: '6bf6a7fae7da87aed374d9bfb48ff9e0') in 0.3719355 seconds
Number of updated asset objects reloaded before import = 0Number of asset objects unloaded after import = 0

========================================================================
Received Import Request.
  Time since last request: 7.130915 seconds.
  path: Assets/Scripts/Managers/PrefabManager.cs
  artifactKey: Guid(11a1438c92b6ea74092ea1c823afd84d) Importer(815301076,1909f56bfc062723c751e8b465ee728b)
Start importing Assets/Scripts/Managers/PrefabManager.cs using Guid(11a1438c92b6ea74092ea1c823afd84d) Importer(815301076,1909f56bfc062723c751e8b465ee728b) (PreviewImporter) -> (artifact id: 'ea7f0d22a84f0dac089b0e41594dc279') in 0.0037205 seconds
Number of updated asset objects reloaded before import = 0Number of asset objects unloaded after import = 0

========================================================================
Received Import Request.
  Time since last request: 1.493756 seconds.
  path: Assets/Scripts/Managers/RayCastManager.cs
  artifactKey: Guid(9ffdd2d3773399d468720244833dd5be) Importer(815301076,1909f56bfc062723c751e8b465ee728b)
Start importing Assets/Scripts/Managers/RayCastManager.cs using Guid(9ffdd2d3773399d468720244833dd5be) Importer(815301076,1909f56bfc062723c751e8b465ee728b) (PreviewImporter) -> (artifact id: 'dd173fb653aa5a1790dfd4efc02a14f5') in 0.0020798 seconds
Number of updated asset objects reloaded before import = 0Number of asset objects unloaded after import = 0

========================================================================
Received Import Request.
  Time since last request: 38.914947 seconds.
  path: Assets/Scripts/Managers/AnchorListManager.cs
  artifactKey: Guid(6a65660fa671d4147b45ec96e5eb9aec) Importer(815301076,1909f56bfc062723c751e8b465ee728b)
Start importing Assets/Scripts/Managers/AnchorListManager.cs using Guid(6a65660fa671d4147b45ec96e5eb9aec) Importer(815301076,1909f56bfc062723c751e8b465ee728b) (PreviewImporter) -> (artifact id: '20a47a80b4d8e023c0b032f21c56bb40') in 0.002131 seconds
Number of updated asset objects reloaded before import = 0Number of asset objects unloaded after import = 0

========================================================================
Received Import Request.
  Time since last request: 5.317647 seconds.
  path: Assets/Scripts/Managers/ARCharacterAnimatorToggle.cs
  artifactKey: Guid(b5b9cc10c844f4174ac687770cce4c18) Importer(815301076,1909f56bfc062723c751e8b465ee728b)
Start importing Assets/Scripts/Managers/ARCharacterAnimatorToggle.cs using Guid(b5b9cc10c844f4174ac687770cce4c18) Importer(815301076,1909f56bfc062723c751e8b465ee728b) (PreviewImporter) -> (artifact id: '5f382098a287dacfda8b469a1be2a6e2') in 0.0052118 seconds
Number of updated asset objects reloaded before import = 0Number of asset objects unloaded after import = 0

========================================================================
Received Import Request.
  Time since last request: 17.350728 seconds.
  path: Assets/Scripts/Managers/FirebaseInit.cs
  artifactKey: Guid(2c0d47baaca728b40b13a1bbcf7564c1) Importer(815301076,1909f56bfc062723c751e8b465ee728b)
Start importing Assets/Scripts/Managers/FirebaseInit.cs using Guid(2c0d47baaca728b40b13a1bbcf7564c1) Importer(815301076,1909f56bfc062723c751e8b465ee728b) (PreviewImporter) -> (artifact id: '78b9128d34a6afdc2bc4df0f3d28887d') in 0.0028971 seconds
Number of updated asset objects reloaded before import = 0Number of asset objects unloaded after import = 0

========================================================================
Received Import Request.
  Time since last request: 35.340199 seconds.
  path: Assets/Scripts/test.cs
  artifactKey: Guid(3553c84808810634a8ca4ffa661fbfe3) Importer(815301076,1909f56bfc062723c751e8b465ee728b)
Start importing Assets/Scripts/test.cs using Guid(3553c84808810634a8ca4ffa661fbfe3) Importer(815301076,1909f56bfc062723c751e8b465ee728b) (PreviewImporter) -> (artifact id: '9977569cc6c87668620360a2830f31db') in 0.0040995 seconds
Number of updated asset objects reloaded before import = 0Number of asset objects unloaded after import = 0

========================================================================
Received Prepare
Begin MonoManager ReloadAssembly
C:\build\output\Unity-Technologies\mono\mono\metadata\icall.c:1842:
C:\build\output\Unity-Technologies\mono\mono\metadata\icall.c:1842:
C:\build\output\Unity-Technologies\mono\mono\metadata\icall.c:1842:
C:\build\output\Unity-Technologies\mono\mono\metadata\icall.c:1842:
C:\build\output\Unity-Technologies\mono\mono\metadata\icall.c:1842:
C:\build\output\Unity-Technologies\mono\mono\metadata\icall.c:1842:
C:\build\output\Unity-Technologies\mono\mono\metadata\icall.c:1842:
C:\build\output\Unity-Technologies\mono\mono\metadata\icall.c:1842:
C:\build\output\Unity-Technologies\mono\mono\metadata\icall.c:1842:
C:\build\output\Unity-Technologies\mono\mono\metadata\icall.c:1842:
C:\build\output\Unity-Technologies\mono\mono\metadata\icall.c:1842:
C:\build\output\Unity-Technologies\mono\mono\metadata\icall.c:1842:
Symbol file LoadedFromMemory is not a mono symbol file
- Loaded All Assemblies, in  5.322 seconds
'Packages/com.unity.xr.openxr/Runtime/OpenXRLoader.cs' contains partial class of Unity.Object, exactly 1 of the partial classes needs to be in a file with the same filename. This is to know the one that can be referenced from ie. GameObjects
'Packages/com.unity.xr.openxr/Runtime/OpenXRLoaderInternal.cs' contains partial class of Unity.Object, exactly 1 of the partial classes needs to be in a file with the same filename. This is to know the one that can be referenced from ie. GameObjects
Refreshing native plugins compatible for Editor in 34.48 ms, found 14 plugins.
Native extension for iOS target not found
Native extension for Android target not found
Native extension for WindowsStandalone target not found
[Package Manager] Failed to launch server process. Reason: Unity was launched with the -noUpm command-line argument
[Package Manager] Unable to send message (not connected to server process).
[Package Manager] Cannot connect to Unity Package Manager local server
Mono: successfully reloaded assembly
[Package Manager] Failed to launch server process. Reason: Unity was launched with the -noUpm command-line argument
[Package Manager] Unable to send message (not connected to server process).
[Package Manager] Cannot connect to Unity Package Manager local server
- Finished resetting the current domain, in  4.239 seconds
Domain Reload Profiling: 9569ms
	BeginReloadAssembly (1874ms)
		ExecutionOrderSort (0ms)
		DisableScriptedObjects (154ms)
		BackupInstance (0ms)
		ReleaseScriptingObjects (3ms)
		CreateAndSetChildDomain (1023ms)
	RebuildCommonClasses (54ms)
	RebuildNativeTypeToScriptingClass (14ms)
	initialDomainReloadingComplete (119ms)
	LoadAllAssembliesAndSetupDomain (3265ms)
		LoadAssemblies (2730ms)
		RebuildTransferFunctionScriptingTraits (0ms)
		AnalyzeDomain (777ms)
			TypeCache.Refresh (136ms)
				TypeCache.ScanAssembly (12ms)
			BuildScriptInfoCaches (572ms)
			ResolveRequiredComponents (21ms)
	FinalizeReload (4244ms)
		ReleaseScriptCaches (0ms)
		RebuildScriptCaches (0ms)
		SetupLoadedEditorAssemblies (3641ms)
			LogAssemblyErrors (0ms)
			InitializePlatformSupportModulesInManaged (39ms)
			SetLoadedEditorAssemblies (37ms)
			BeforeProcessingInitializeOnLoad (147ms)
			ProcessInitializeOnLoadAttributes (866ms)
			ProcessInitializeOnLoadMethodAttributes (2526ms)
			AfterProcessingInitializeOnLoad (5ms)
			EditorAssembliesLoaded (21ms)
		ExecutionOrderSort2 (0ms)
		AwakeInstancesAfterBackupRestoration (30ms)
Refreshing native plugins compatible for Editor in 15.05 ms, found 14 plugins.
Preloading 0 native plugins for Editor in 0.00 ms.
Unloading 143 Unused Serialized files (Serialized files now loaded: 0)
Unloading 6569 unused Assets / (14.4 MB). Loaded Objects now: 7276.
Memory consumption went from 0.92 GB to 0.91 GB.
Total: 63.665100 ms (FindLiveObjects: 3.865600 ms CreateObjectMapping: 0.534500 ms MarkObjects: 34.131800 ms  DeleteObjects: 25.130100 ms)

Prepare: number of updated asset objects reloaded= 0
========================================================================
Received Prepare
'Packages/com.unity.xr.openxr/Runtime/OpenXRLoader.cs' contains partial class of Unity.Object, exactly 1 of the partial classes needs to be in a file with the same filename. This is to know the one that can be referenced from ie. GameObjects
'Packages/com.unity.xr.openxr/Runtime/OpenXRLoaderInternal.cs' contains partial class of Unity.Object, exactly 1 of the partial classes needs to be in a file with the same filename. This is to know the one that can be referenced from ie. GameObjects
Refreshing native plugins compatible for Editor in 9.40 ms, found 14 plugins.
Preloading 0 native plugins for Editor in 0.00 ms.
Unloading 72 Unused Serialized files (Serialized files now loaded: 0)
Unloading 6422 unused Assets / (13.3 MB). Loaded Objects now: 7260.
Memory consumption went from 0.92 GB to 0.90 GB.
Total: 45.007700 ms (FindLiveObjects: 1.048200 ms CreateObjectMapping: 0.335400 ms MarkObjects: 38.001100 ms  DeleteObjects: 5.620100 ms)

Prepare: number of updated asset objects reloaded= 0
========================================================================
Received Prepare
'Packages/com.unity.xr.openxr/Runtime/OpenXRLoader.cs' contains partial class of Unity.Object, exactly 1 of the partial classes needs to be in a file with the same filename. This is to know the one that can be referenced from ie. GameObjects
'Packages/com.unity.xr.openxr/Runtime/OpenXRLoaderInternal.cs' contains partial class of Unity.Object, exactly 1 of the partial classes needs to be in a file with the same filename. This is to know the one that can be referenced from ie. GameObjects
Refreshing native plugins compatible for Editor in 9.19 ms, found 14 plugins.
Preloading 0 native plugins for Editor in 0.00 ms.
Unloading 70 Unused Serialized files (Serialized files now loaded: 0)
Unloading 6422 unused Assets / (13.3 MB). Loaded Objects now: 7260.
Memory consumption went from 0.92 GB to 0.90 GB.
Total: 10.318300 ms (FindLiveObjects: 0.494500 ms CreateObjectMapping: 0.339700 ms MarkObjects: 4.440500 ms  DeleteObjects: 5.042000 ms)

Prepare: number of updated asset objects reloaded= 0
========================================================================
Received Prepare
Begin MonoManager ReloadAssembly
C:\build\output\Unity-Technologies\mono\mono\metadata\icall.c:1842:
C:\build\output\Unity-Technologies\mono\mono\metadata\icall.c:1842:
C:\build\output\Unity-Technologies\mono\mono\metadata\icall.c:1842:
C:\build\output\Unity-Technologies\mono\mono\metadata\icall.c:1842:
C:\build\output\Unity-Technologies\mono\mono\metadata\icall.c:1842:
C:\build\output\Unity-Technologies\mono\mono\metadata\icall.c:1842:
C:\build\output\Unity-Technologies\mono\mono\metadata\icall.c:1842:
C:\build\output\Unity-Technologies\mono\mono\metadata\icall.c:1842:
C:\build\output\Unity-Technologies\mono\mono\metadata\icall.c:1842:
C:\build\output\Unity-Technologies\mono\mono\metadata\icall.c:1842:
C:\build\output\Unity-Technologies\mono\mono\metadata\icall.c:1842:
C:\build\output\Unity-Technologies\mono\mono\metadata\icall.c:1842:
Symbol file LoadedFromMemory is not a mono symbol file
- Loaded All Assemblies, in  5.546 seconds
'Packages/com.unity.xr.openxr/Runtime/OpenXRLoader.cs' contains partial class of Unity.Object, exactly 1 of the partial classes needs to be in a file with the same filename. This is to know the one that can be referenced from ie. GameObjects
'Packages/com.unity.xr.openxr/Runtime/OpenXRLoaderInternal.cs' contains partial class of Unity.Object, exactly 1 of the partial classes needs to be in a file with the same filename. This is to know the one that can be referenced from ie. GameObjects
Refreshing native plugins compatible for Editor in 11.30 ms, found 14 plugins.
Native extension for iOS target not found
Native extension for Android target not found
Native extension for WindowsStandalone target not found
[Package Manager] Failed to launch server process. Reason: Unity was launched with the -noUpm command-line argument
[Package Manager] Unable to send message (not connected to server process).
[Package Manager] Cannot connect to Unity Package Manager local server
Mono: successfully reloaded assembly
[Package Manager] Failed to launch server process. Reason: Unity was launched with the -noUpm command-line argument
[Package Manager] Unable to send message (not connected to server process).
[Package Manager] Cannot connect to Unity Package Manager local server
- Finished resetting the current domain, in  3.525 seconds
Domain Reload Profiling: 9094ms
	BeginReloadAssembly (3582ms)
		ExecutionOrderSort (0ms)
		DisableScriptedObjects (209ms)
		BackupInstance (0ms)
		ReleaseScriptingObjects (15ms)
		CreateAndSetChildDomain (1820ms)
	RebuildCommonClasses (51ms)
	RebuildNativeTypeToScriptingClass (14ms)
	initialDomainReloadingComplete (50ms)
	LoadAllAssembliesAndSetupDomain (1871ms)
		LoadAssemblies (1432ms)
		RebuildTransferFunctionScriptingTraits (0ms)
		AnalyzeDomain (662ms)
			TypeCache.Refresh (148ms)
				TypeCache.ScanAssembly (13ms)
			BuildScriptInfoCaches (402ms)
			ResolveRequiredComponents (51ms)
	FinalizeReload (3526ms)
		ReleaseScriptCaches (0ms)
		RebuildScriptCaches (0ms)
		SetupLoadedEditorAssemblies (3062ms)
			LogAssemblyErrors (0ms)
			InitializePlatformSupportModulesInManaged (29ms)
			SetLoadedEditorAssemblies (6ms)
			BeforeProcessingInitializeOnLoad (85ms)
			ProcessInitializeOnLoadAttributes (859ms)
			ProcessInitializeOnLoadMethodAttributes (2064ms)
			AfterProcessingInitializeOnLoad (6ms)
			EditorAssembliesLoaded (15ms)
		ExecutionOrderSort2 (0ms)
		AwakeInstancesAfterBackupRestoration (25ms)
Refreshing native plugins compatible for Editor in 11.94 ms, found 14 plugins.
Preloading 0 native plugins for Editor in 0.00 ms.
Unloading 143 Unused Serialized files (Serialized files now loaded: 0)
Unloading 6569 unused Assets / (13.1 MB). Loaded Objects now: 7277.
Memory consumption went from 0.92 GB to 0.91 GB.
Total: 31.858100 ms (FindLiveObjects: 4.424500 ms CreateObjectMapping: 0.415800 ms MarkObjects: 15.921500 ms  DeleteObjects: 11.093600 ms)

Prepare: number of updated asset objects reloaded= 0
========================================================================
Received Prepare
Begin MonoManager ReloadAssembly
C:\build\output\Unity-Technologies\mono\mono\metadata\icall.c:1842:
C:\build\output\Unity-Technologies\mono\mono\metadata\icall.c:1842:
C:\build\output\Unity-Technologies\mono\mono\metadata\icall.c:1842:
C:\build\output\Unity-Technologies\mono\mono\metadata\icall.c:1842:
C:\build\output\Unity-Technologies\mono\mono\metadata\icall.c:1842:
C:\build\output\Unity-Technologies\mono\mono\metadata\icall.c:1842:
C:\build\output\Unity-Technologies\mono\mono\metadata\icall.c:1842:
C:\build\output\Unity-Technologies\mono\mono\metadata\icall.c:1842:
C:\build\output\Unity-Technologies\mono\mono\metadata\icall.c:1842:
C:\build\output\Unity-Technologies\mono\mono\metadata\icall.c:1842:
C:\build\output\Unity-Technologies\mono\mono\metadata\icall.c:1842:
C:\build\output\Unity-Technologies\mono\mono\metadata\icall.c:1842:
Symbol file LoadedFromMemory is not a mono symbol file
- Loaded All Assemblies, in  6.633 seconds
'Packages/com.unity.xr.openxr/Runtime/OpenXRLoader.cs' contains partial class of Unity.Object, exactly 1 of the partial classes needs to be in a file with the same filename. This is to know the one that can be referenced from ie. GameObjects
'Packages/com.unity.xr.openxr/Runtime/OpenXRLoaderInternal.cs' contains partial class of Unity.Object, exactly 1 of the partial classes needs to be in a file with the same filename. This is to know the one that can be referenced from ie. GameObjects
Refreshing native plugins compatible for Editor in 10.56 ms, found 14 plugins.
Native extension for iOS target not found
Native extension for Android target not found
Native extension for WindowsStandalone target not found
[Package Manager] Failed to launch server process. Reason: Unity was launched with the -noUpm command-line argument
[Package Manager] Unable to send message (not connected to server process).
[Package Manager] Cannot connect to Unity Package Manager local server
Mono: successfully reloaded assembly
[Package Manager] Failed to launch server process. Reason: Unity was launched with the -noUpm command-line argument
[Package Manager] Unable to send message (not connected to server process).
[Package Manager] Cannot connect to Unity Package Manager local server
- Finished resetting the current domain, in  3.384 seconds
Domain Reload Profiling: 10016ms
	BeginReloadAssembly (2557ms)
		ExecutionOrderSort (1ms)
		DisableScriptedObjects (203ms)
		BackupInstance (0ms)
		ReleaseScriptingObjects (19ms)
		CreateAndSetChildDomain (1362ms)
	RebuildCommonClasses (91ms)
	RebuildNativeTypeToScriptingClass (16ms)
	initialDomainReloadingComplete (164ms)
	LoadAllAssembliesAndSetupDomain (3804ms)
		LoadAssemblies (3413ms)
		RebuildTransferFunctionScriptingTraits (0ms)
		AnalyzeDomain (772ms)
			TypeCache.Refresh (199ms)
				TypeCache.ScanAssembly (10ms)
			BuildScriptInfoCaches (507ms)
			ResolveRequiredComponents (17ms)
	FinalizeReload (3385ms)
		ReleaseScriptCaches (0ms)
		RebuildScriptCaches (0ms)
		SetupLoadedEditorAssemblies (2981ms)
			LogAssemblyErrors (0ms)
			InitializePlatformSupportModulesInManaged (50ms)
			SetLoadedEditorAssemblies (17ms)
			BeforeProcessingInitializeOnLoad (342ms)
			ProcessInitializeOnLoadAttributes (1358ms)
			ProcessInitializeOnLoadMethodAttributes (1205ms)
			AfterProcessingInitializeOnLoad (5ms)
			EditorAssembliesLoaded (3ms)
		ExecutionOrderSort2 (0ms)
		AwakeInstancesAfterBackupRestoration (19ms)
Refreshing native plugins compatible for Editor in 24.27 ms, found 14 plugins.
Preloading 0 native plugins for Editor in 0.00 ms.
Unloading 145 Unused Serialized files (Serialized files now loaded: 0)
Unloading 6569 unused Assets / (12.3 MB). Loaded Objects now: 7278.
Memory consumption went from 0.92 GB to 0.91 GB.
Total: 21.281600 ms (FindLiveObjects: 4.476900 ms CreateObjectMapping: 0.347200 ms MarkObjects: 8.051800 ms  DeleteObjects: 8.403100 ms)

Prepare: number of updated asset objects reloaded= 0
========================================================================
Received Prepare
Begin MonoManager ReloadAssembly
C:\build\output\Unity-Technologies\mono\mono\metadata\icall.c:1842:
C:\build\output\Unity-Technologies\mono\mono\metadata\icall.c:1842:
C:\build\output\Unity-Technologies\mono\mono\metadata\icall.c:1842:
C:\build\output\Unity-Technologies\mono\mono\metadata\icall.c:1842:
C:\build\output\Unity-Technologies\mono\mono\metadata\icall.c:1842:
C:\build\output\Unity-Technologies\mono\mono\metadata\icall.c:1842:
C:\build\output\Unity-Technologies\mono\mono\metadata\icall.c:1842:
C:\build\output\Unity-Technologies\mono\mono\metadata\icall.c:1842:
C:\build\output\Unity-Technologies\mono\mono\metadata\icall.c:1842:
C:\build\output\Unity-Technologies\mono\mono\metadata\icall.c:1842:
C:\build\output\Unity-Technologies\mono\mono\metadata\icall.c:1842:
C:\build\output\Unity-Technologies\mono\mono\metadata\icall.c:1842:
Symbol file LoadedFromMemory is not a mono symbol file
- Loaded All Assemblies, in  6.780 seconds
'Packages/com.unity.xr.openxr/Runtime/OpenXRLoader.cs' contains partial class of Unity.Object, exactly 1 of the partial classes needs to be in a file with the same filename. This is to know the one that can be referenced from ie. GameObjects
'Packages/com.unity.xr.openxr/Runtime/OpenXRLoaderInternal.cs' contains partial class of Unity.Object, exactly 1 of the partial classes needs to be in a file with the same filename. This is to know the one that can be referenced from ie. GameObjects
Refreshing native plugins compatible for Editor in 12.35 ms, found 14 plugins.
Native extension for iOS target not found
Native extension for Android target not found
Native extension for WindowsStandalone target not found
[Package Manager] Failed to launch server process. Reason: Unity was launched with the -noUpm command-line argument
[Package Manager] Unable to send message (not connected to server process).
[Package Manager] Cannot connect to Unity Package Manager local server
Mono: successfully reloaded assembly
[Package Manager] Failed to launch server process. Reason: Unity was launched with the -noUpm command-line argument
[Package Manager] Unable to send message (not connected to server process).
[Package Manager] Cannot connect to Unity Package Manager local server
- Finished resetting the current domain, in  3.300 seconds
Domain Reload Profiling: 10083ms
	BeginReloadAssembly (2732ms)
		ExecutionOrderSort (1ms)
		DisableScriptedObjects (156ms)
		BackupInstance (0ms)
		ReleaseScriptingObjects (8ms)
		CreateAndSetChildDomain (1569ms)
	RebuildCommonClasses (50ms)
	RebuildNativeTypeToScriptingClass (15ms)
	initialDomainReloadingComplete (87ms)
	LoadAllAssembliesAndSetupDomain (3895ms)
		LoadAssemblies (3839ms)
		RebuildTransferFunctionScriptingTraits (0ms)
		AnalyzeDomain (472ms)
			TypeCache.Refresh (82ms)
				TypeCache.ScanAssembly (5ms)
			BuildScriptInfoCaches (329ms)
			ResolveRequiredComponents (19ms)
	FinalizeReload (3303ms)
		ReleaseScriptCaches (0ms)
		RebuildScriptCaches (0ms)
		SetupLoadedEditorAssemblies (2723ms)
			LogAssemblyErrors (0ms)
			InitializePlatformSupportModulesInManaged (42ms)
			SetLoadedEditorAssemblies (72ms)
			BeforeProcessingInitializeOnLoad (428ms)
			ProcessInitializeOnLoadAttributes (1248ms)
			ProcessInitializeOnLoadMethodAttributes (923ms)
			AfterProcessingInitializeOnLoad (7ms)
			EditorAssembliesLoaded (3ms)
		ExecutionOrderSort2 (0ms)
		AwakeInstancesAfterBackupRestoration (32ms)
Refreshing native plugins compatible for Editor in 25.95 ms, found 14 plugins.
Preloading 0 native plugins for Editor in 0.00 ms.
Unloading 145 Unused Serialized files (Serialized files now loaded: 0)
Unloading 6569 unused Assets / (13.5 MB). Loaded Objects now: 7279.
Memory consumption went from 0.93 GB to 0.91 GB.
Total: 29.413300 ms (FindLiveObjects: 4.540300 ms CreateObjectMapping: 1.674500 ms MarkObjects: 13.250600 ms  DeleteObjects: 9.944800 ms)

Prepare: number of updated asset objects reloaded= 0
========================================================================
Received Prepare
Begin MonoManager ReloadAssembly
C:\build\output\Unity-Technologies\mono\mono\metadata\icall.c:1842:
C:\build\output\Unity-Technologies\mono\mono\metadata\icall.c:1842:
C:\build\output\Unity-Technologies\mono\mono\metadata\icall.c:1842:
C:\build\output\Unity-Technologies\mono\mono\metadata\icall.c:1842:
C:\build\output\Unity-Technologies\mono\mono\metadata\icall.c:1842:
C:\build\output\Unity-Technologies\mono\mono\metadata\icall.c:1842:
C:\build\output\Unity-Technologies\mono\mono\metadata\icall.c:1842:
C:\build\output\Unity-Technologies\mono\mono\metadata\icall.c:1842:
C:\build\output\Unity-Technologies\mono\mono\metadata\icall.c:1842:
C:\build\output\Unity-Technologies\mono\mono\metadata\icall.c:1842:
C:\build\output\Unity-Technologies\mono\mono\metadata\icall.c:1842:
C:\build\output\Unity-Technologies\mono\mono\metadata\icall.c:1842:
Symbol file LoadedFromMemory is not a mono symbol file
- Loaded All Assemblies, in  5.801 seconds
'Packages/com.unity.xr.openxr/Runtime/OpenXRLoader.cs' contains partial class of Unity.Object, exactly 1 of the partial classes needs to be in a file with the same filename. This is to know the one that can be referenced from ie. GameObjects
'Packages/com.unity.xr.openxr/Runtime/OpenXRLoaderInternal.cs' contains partial class of Unity.Object, exactly 1 of the partial classes needs to be in a file with the same filename. This is to know the one that can be referenced from ie. GameObjects
Refreshing native plugins compatible for Editor in 11.78 ms, found 14 plugins.
Native extension for iOS target not found
Native extension for Android target not found
Native extension for WindowsStandalone target not found
[Package Manager] Failed to launch server process. Reason: Unity was launched with the -noUpm command-line argument
[Package Manager] Unable to send message (not connected to server process).
[Package Manager] Cannot connect to Unity Package Manager local server
Mono: successfully reloaded assembly
[Package Manager] Failed to launch server process. Reason: Unity was launched with the -noUpm command-line argument
[Package Manager] Unable to send message (not connected to server process).
[Package Manager] Cannot connect to Unity Package Manager local server
- Finished resetting the current domain, in  3.512 seconds
Domain Reload Profiling: 9321ms
	BeginReloadAssembly (2862ms)
		ExecutionOrderSort (1ms)
		DisableScriptedObjects (88ms)
		BackupInstance (0ms)
		ReleaseScriptingObjects (6ms)
		CreateAndSetChildDomain (2010ms)
	RebuildCommonClasses (37ms)
	RebuildNativeTypeToScriptingClass (12ms)
	initialDomainReloadingComplete (66ms)
	LoadAllAssembliesAndSetupDomain (2831ms)
		LoadAssemblies (2630ms)
		RebuildTransferFunctionScriptingTraits (0ms)
		AnalyzeDomain (498ms)
			TypeCache.Refresh (93ms)
				TypeCache.ScanAssembly (7ms)
			BuildScriptInfoCaches (328ms)
			ResolveRequiredComponents (19ms)
	FinalizeReload (3513ms)
		ReleaseScriptCaches (0ms)
		RebuildScriptCaches (0ms)
		SetupLoadedEditorAssemblies (2899ms)
			LogAssemblyErrors (0ms)
			InitializePlatformSupportModulesInManaged (41ms)
			SetLoadedEditorAssemblies (35ms)
			BeforeProcessingInitializeOnLoad (327ms)
			ProcessInitializeOnLoadAttributes (1156ms)
			ProcessInitializeOnLoadMethodAttributes (1334ms)
			AfterProcessingInitializeOnLoad (4ms)
			EditorAssembliesLoaded (3ms)
		ExecutionOrderSort2 (0ms)
		AwakeInstancesAfterBackupRestoration (36ms)
Refreshing native plugins compatible for Editor in 27.63 ms, found 14 plugins.
Preloading 0 native plugins for Editor in 0.00 ms.
Unloading 145 Unused Serialized files (Serialized files now loaded: 0)
Unloading 6569 unused Assets / (13.5 MB). Loaded Objects now: 7280.
Memory consumption went from 0.93 GB to 0.92 GB.
Total: 32.623000 ms (FindLiveObjects: 1.609500 ms CreateObjectMapping: 0.314000 ms MarkObjects: 19.498500 ms  DeleteObjects: 11.198100 ms)

Prepare: number of updated asset objects reloaded= 0
========================================================================
Received Prepare
'Packages/com.unity.xr.openxr/Runtime/OpenXRLoader.cs' contains partial class of Unity.Object, exactly 1 of the partial classes needs to be in a file with the same filename. This is to know the one that can be referenced from ie. GameObjects
'Packages/com.unity.xr.openxr/Runtime/OpenXRLoaderInternal.cs' contains partial class of Unity.Object, exactly 1 of the partial classes needs to be in a file with the same filename. This is to know the one that can be referenced from ie. GameObjects
Refreshing native plugins compatible for Editor in 10.23 ms, found 14 plugins.
Preloading 0 native plugins for Editor in 0.00 ms.
Unloading 72 Unused Serialized files (Serialized files now loaded: 0)
Unloading 6424 unused Assets / (13.3 MB). Loaded Objects now: 7262.
Memory consumption went from 0.92 GB to 0.91 GB.
Total: 80.799000 ms (FindLiveObjects: 1.332300 ms CreateObjectMapping: 0.456600 ms MarkObjects: 71.464200 ms  DeleteObjects: 7.542700 ms)

Prepare: number of updated asset objects reloaded= 0
